[26Dec2025 18:16:12.463] [main/INFO] [cpw.mods.modlauncher.Launcher/MODLAUNCHER]: ModLauncher running: args [--launchTarget, forgeclientuserdev, --version, MOD_DEV, --assetIndex, 5, --assetsDir, C:\Users\gamma\.gradle\caches\forge_gradle\assets, --gameDir, ., --fml.forgeVersion, 47.4.0, --fml.mcVersion, 1.20.1, --fml.forgeGroup, net.minecraftforge, --fml.mcpVersion, 20230612.114412, --mixin.config, ddtocreate6.mixins.json]
[26Dec2025 18:16:12.477] [main/INFO] [cpw.mods.modlauncher.Launcher/MODLAUNCHER]: ModLauncher 10.0.9+10.0.9+main.dcd20f30 starting: java version 17.0.12 by Oracle Corporation; OS Windows 11 arch amd64 version 10.0
[26Dec2025 18:16:12.560] [main/DEBUG] [cpw.mods.modlauncher.LaunchServiceHandler/MODLAUNCHER]: Found launch services [fmlclientdev,forgeclient,minecraft,forgegametestserverdev,fmlserveruserdev,fmlclient,fmldatauserdev,forgeserverdev,forgeserveruserdev,forgeclientdev,forgeclientuserdev,forgeserver,forgedatadev,fmlserver,fmlclientuserdev,fmlserverdev,forgedatauserdev,testharness,forgegametestserveruserdev]
[26Dec2025 18:16:12.578] [main/DEBUG] [cpw.mods.modlauncher.NameMappingServiceHandler/MODLAUNCHER]: Found naming services : [srgtomcp]
[26Dec2025 18:16:12.598] [main/DEBUG] [cpw.mods.modlauncher.LaunchPluginHandler/MODLAUNCHER]: Found launch plugins: [mixin,eventbus,slf4jfixer,object_holder_definalize,runtime_enum_extender,capability_token_subclass,accesstransformer,runtimedistcleaner]
[26Dec2025 18:16:12.610] [main/DEBUG] [cpw.mods.modlauncher.TransformationServicesHandler/MODLAUNCHER]: Discovering transformation services
[26Dec2025 18:16:12.618] [main/DEBUG] [net.minecraftforge.fml.loading.FMLPaths/CORE]: Path GAMEDIR is C:\Users\gamma\IdeaProjects\untitled10\run
[26Dec2025 18:16:12.619] [main/DEBUG] [net.minecraftforge.fml.loading.FMLPaths/CORE]: Path MODSDIR is C:\Users\gamma\IdeaProjects\untitled10\run\mods
[26Dec2025 18:16:12.619] [main/DEBUG] [net.minecraftforge.fml.loading.FMLPaths/CORE]: Path CONFIGDIR is C:\Users\gamma\IdeaProjects\untitled10\run\config
[26Dec2025 18:16:12.619] [main/DEBUG] [net.minecraftforge.fml.loading.FMLPaths/CORE]: Path FMLCONFIG is C:\Users\gamma\IdeaProjects\untitled10\run\config\fml.toml
[26Dec2025 18:16:12.675] [main/DEBUG] [cpw.mods.modlauncher.TransformationServicesHandler/MODLAUNCHER]: Found additional transformation services from discovery services: 
[26Dec2025 18:16:12.684] [main/INFO] [net.minecraftforge.fml.loading.ImmediateWindowHandler/]: Loading ImmediateWindowProvider fmlearlywindow
[26Dec2025 18:16:12.796] [main/INFO] [EARLYDISPLAY/]: Trying GL version 4.6
[26Dec2025 18:16:13.070] [main/INFO] [EARLYDISPLAY/]: Requested GL version 4.6 got version 4.6
[26Dec2025 18:16:13.148] [main/DEBUG] [cpw.mods.modlauncher.TransformationServicesHandler/MODLAUNCHER]: Found transformer services : [mixin,fml]
[26Dec2025 18:16:13.149] [main/DEBUG] [cpw.mods.modlauncher.TransformationServicesHandler/MODLAUNCHER]: Transformation services loading
[26Dec2025 18:16:13.150] [main/DEBUG] [cpw.mods.modlauncher.TransformationServiceDecorator/MODLAUNCHER]: Loading service mixin
[26Dec2025 18:16:13.150] [main/DEBUG] [cpw.mods.modlauncher.TransformationServiceDecorator/MODLAUNCHER]: Loaded service mixin
[26Dec2025 18:16:13.151] [main/DEBUG] [cpw.mods.modlauncher.TransformationServiceDecorator/MODLAUNCHER]: Loading service fml
[26Dec2025 18:16:13.153] [main/DEBUG] [net.minecraftforge.fml.loading.LauncherVersion/CORE]: Found FMLLauncher version 1.0
[26Dec2025 18:16:13.153] [main/DEBUG] [net.minecraftforge.fml.loading.FMLLoader/CORE]: FML 1.0 loading
[26Dec2025 18:16:13.153] [main/DEBUG] [net.minecraftforge.fml.loading.FMLLoader/CORE]: FML found ModLauncher version : 10.0.9+10.0.9+main.dcd20f30
[26Dec2025 18:16:13.154] [main/DEBUG] [net.minecraftforge.fml.loading.FMLLoader/CORE]: Requesting CoreMods to not apply the fix for ASMAPI.findFirstInstructionBefore by default
[26Dec2025 18:16:13.155] [main/DEBUG] [net.minecraftforge.fml.loading.FMLLoader/CORE]: FML found AccessTransformer version : 8.0.4+66+master.c09db6d7
[26Dec2025 18:16:13.156] [main/DEBUG] [net.minecraftforge.fml.loading.FMLLoader/CORE]: FML found EventBus version : 6.0.5+6.0.5+master.eb8e549b
[26Dec2025 18:16:13.157] [main/DEBUG] [net.minecraftforge.fml.loading.FMLLoader/CORE]: Found Runtime Dist Cleaner
[26Dec2025 18:16:13.160] [main/DEBUG] [net.minecraftforge.coremod.CoreModEngine/]: CoreMods will preserve legacy behavior of ASMAPI.findFirstInstructionBefore for backwards-compatibility
[26Dec2025 18:16:13.160] [main/DEBUG] [net.minecraftforge.fml.loading.FMLLoader/CORE]: FML found CoreMod version : 5.2.4
[26Dec2025 18:16:13.161] [main/DEBUG] [net.minecraftforge.fml.loading.FMLLoader/CORE]: Found ForgeSPI package implementation version 7.0.1+7.0.1+master.d2b38bf6
[26Dec2025 18:16:13.161] [main/DEBUG] [net.minecraftforge.fml.loading.FMLLoader/CORE]: Found ForgeSPI package specification 5
[26Dec2025 18:16:13.162] [main/DEBUG] [cpw.mods.modlauncher.TransformationServiceDecorator/MODLAUNCHER]: Loaded service fml
[26Dec2025 18:16:13.163] [main/DEBUG] [cpw.mods.modlauncher.TransformationServicesHandler/MODLAUNCHER]: Configuring option handling for services
[26Dec2025 18:16:13.192] [main/DEBUG] [cpw.mods.modlauncher.TransformationServicesHandler/MODLAUNCHER]: Transformation services initializing
[26Dec2025 18:16:13.199] [main/DEBUG] [cpw.mods.modlauncher.TransformationServiceDecorator/MODLAUNCHER]: Initializing transformation service mixin
[26Dec2025 18:16:13.266] [main/DEBUG] [mixin/]: MixinService [ModLauncher] was successfully booted in cpw.mods.cl.ModuleClassLoader@13e39c73
[26Dec2025 18:16:13.291] [main/INFO] [mixin/]: SpongePowered MIXIN Subsystem Version=0.8.5 Source=union:/C:/Users/gamma/.gradle/caches/modules-2/files-2.1/org.spongepowered/mixin/0.8.5/9d1c0c3a304ae6697ecd477218fa61b850bf57fc/mixin-0.8.5.jar%23128!/ Service=ModLauncher Env=CLIENT
[26Dec2025 18:16:13.296] [main/DEBUG] [mixin/]: Initialising Mixin Platform Manager
[26Dec2025 18:16:13.296] [main/DEBUG] [mixin/]: Adding mixin platform agents for container ModLauncher Root Container(ModLauncher:4f56a0a2)
[26Dec2025 18:16:13.298] [main/DEBUG] [mixin/]: Instancing new MixinPlatformAgentMinecraftForge for ModLauncher Root Container(ModLauncher:4f56a0a2)
[26Dec2025 18:16:13.298] [main/DEBUG] [mixin/]: MixinPlatformAgentMinecraftForge rejected container ModLauncher Root Container(ModLauncher:4f56a0a2)
[26Dec2025 18:16:13.300] [main/DEBUG] [mixin/]: Instancing new MixinPlatformAgentDefault for ModLauncher Root Container(ModLauncher:4f56a0a2)
[26Dec2025 18:16:13.300] [main/DEBUG] [mixin/]: MixinPlatformAgentDefault accepted container ModLauncher Root Container(ModLauncher:4f56a0a2)
[26Dec2025 18:16:13.307] [main/DEBUG] [cpw.mods.modlauncher.TransformationServiceDecorator/MODLAUNCHER]: Initialized transformation service mixin
[26Dec2025 18:16:13.307] [main/DEBUG] [cpw.mods.modlauncher.TransformationServiceDecorator/MODLAUNCHER]: Initializing transformation service fml
[26Dec2025 18:16:13.307] [main/DEBUG] [net.minecraftforge.fml.loading.FMLServiceProvider/CORE]: Setting up basic FML game directories
[26Dec2025 18:16:13.308] [main/DEBUG] [net.minecraftforge.fml.loading.FMLPaths/CORE]: Path GAMEDIR is C:\Users\gamma\IdeaProjects\untitled10\run
[26Dec2025 18:16:13.309] [main/DEBUG] [net.minecraftforge.fml.loading.FMLPaths/CORE]: Path MODSDIR is C:\Users\gamma\IdeaProjects\untitled10\run\mods
[26Dec2025 18:16:13.310] [main/DEBUG] [net.minecraftforge.fml.loading.FMLPaths/CORE]: Path CONFIGDIR is C:\Users\gamma\IdeaProjects\untitled10\run\config
[26Dec2025 18:16:13.310] [main/DEBUG] [net.minecraftforge.fml.loading.FMLPaths/CORE]: Path FMLCONFIG is C:\Users\gamma\IdeaProjects\untitled10\run\config\fml.toml
[26Dec2025 18:16:13.311] [main/DEBUG] [net.minecraftforge.fml.loading.FMLServiceProvider/CORE]: Loading configuration
[26Dec2025 18:16:13.315] [main/DEBUG] [net.minecraftforge.fml.loading.FMLServiceProvider/CORE]: Preparing ModFile
[26Dec2025 18:16:13.318] [main/DEBUG] [net.minecraftforge.fml.loading.FMLServiceProvider/CORE]: Preparing launch handler
[26Dec2025 18:16:13.319] [main/DEBUG] [net.minecraftforge.fml.loading.FMLLoader/CORE]: Using forgeclientuserdev as launch service
[26Dec2025 18:16:13.337] [main/DEBUG] [net.minecraftforge.fml.loading.FMLLoader/CORE]: Received command line version data  : VersionInfo[forgeVersion=47.4.0, mcVersion=1.20.1, mcpVersion=20230612.114412, forgeGroup=net.minecraftforge]
[26Dec2025 18:16:13.340] [main/DEBUG] [cpw.mods.modlauncher.TransformationServiceDecorator/MODLAUNCHER]: Initialized transformation service fml
[26Dec2025 18:16:13.341] [main/DEBUG] [cpw.mods.modlauncher.NameMappingServiceHandler/MODLAUNCHER]: Current naming domain is 'mcp'
[26Dec2025 18:16:13.342] [main/DEBUG] [cpw.mods.modlauncher.NameMappingServiceHandler/MODLAUNCHER]: Identified name mapping providers {srg=srgtomcp:1234}
[26Dec2025 18:16:13.342] [main/DEBUG] [cpw.mods.modlauncher.TransformationServicesHandler/MODLAUNCHER]: Transformation services begin scanning
[26Dec2025 18:16:13.343] [main/DEBUG] [cpw.mods.modlauncher.TransformationServiceDecorator/MODLAUNCHER]: Beginning scan trigger - transformation service mixin
[26Dec2025 18:16:13.344] [main/DEBUG] [cpw.mods.modlauncher.TransformationServiceDecorator/MODLAUNCHER]: End scan trigger - transformation service mixin
[26Dec2025 18:16:13.344] [main/DEBUG] [cpw.mods.modlauncher.TransformationServiceDecorator/MODLAUNCHER]: Beginning scan trigger - transformation service fml
[26Dec2025 18:16:13.344] [main/DEBUG] [net.minecraftforge.fml.loading.FMLServiceProvider/CORE]: Initiating mod scan
[26Dec2025 18:16:13.345] [pool-2-thread-1/INFO] [EARLYDISPLAY/]: GL info: NVIDIA GeForce RTX 4070 Laptop GPU/PCIe/SSE2 GL version 4.6.0 NVIDIA 572.70, NVIDIA Corporation
[26Dec2025 18:16:13.360] [main/DEBUG] [net.minecraftforge.fml.loading.moddiscovery.ModListHandler/CORE]: Found mod coordinates from lists: []
[26Dec2025 18:16:13.366] [main/DEBUG] [net.minecraftforge.fml.loading.moddiscovery.ModDiscoverer/CORE]: Found Mod Locators : (mods folder:null),(maven libs:null),(exploded directory:null),(minecraft:null),(userdev classpath:null)
[26Dec2025 18:16:13.367] [main/DEBUG] [net.minecraftforge.fml.loading.moddiscovery.ModDiscoverer/CORE]: Found Dependency Locators : (JarInJar:null)
[26Dec2025 18:16:13.384] [main/DEBUG] [net.minecraftforge.fml.loading.targets.CommonLaunchHandler/CORE]: Got mod coordinates ddtocreate6%%C:/Users/gamma/IdeaProjects/untitled10\build\resources\main;ddtocreate6%%C:/Users/gamma/IdeaProjects/untitled10\build\classes\java\main from env
[26Dec2025 18:16:13.386] [main/DEBUG] [net.minecraftforge.fml.loading.targets.CommonLaunchHandler/CORE]: Found supplied mod coordinates [{ddtocreate6=[C:\Users\gamma\IdeaProjects\untitled10\build\resources\main, C:\Users\gamma\IdeaProjects\untitled10\build\classes\java\main]}]
[26Dec2025 18:16:13.852] [main/DEBUG] [net.minecraftforge.fml.loading.moddiscovery.ModFileInfo/LOADING]: Found valid mod file forge-1.20.1-47.4.0_mapped_official_1.20.1-recomp.jar with {minecraft} mods - versions {1.20.1}
[26Dec2025 18:16:13.857] [main/DEBUG] [net.minecraftforge.fml.loading.moddiscovery.ModFileParser/LOADING]: Considering mod file candidate C:\Users\gamma\.gradle\caches\modules-2\files-2.1\net.minecraftforge\javafmllanguage\1.20.1-47.4.0\f0c0b352173d0a378cbdcec9cfc4ba65899a721\javafmllanguage-1.20.1-47.4.0.jar
[26Dec2025 18:16:13.857] [main/WARN] [net.minecraftforge.fml.loading.moddiscovery.ModFileParser/LOADING]: Mod file C:\Users\gamma\.gradle\caches\modules-2\files-2.1\net.minecraftforge\javafmllanguage\1.20.1-47.4.0\f0c0b352173d0a378cbdcec9cfc4ba65899a721\javafmllanguage-1.20.1-47.4.0.jar is missing mods.toml file
[26Dec2025 18:16:13.861] [main/DEBUG] [net.minecraftforge.fml.loading.moddiscovery.ModFileParser/LOADING]: Considering mod file candidate C:\Users\gamma\.gradle\caches\modules-2\files-2.1\net.minecraftforge\lowcodelanguage\1.20.1-47.4.0\e862740d8c84d08dbfedea412bef88fe42e727c5\lowcodelanguage-1.20.1-47.4.0.jar
[26Dec2025 18:16:13.862] [main/WARN] [net.minecraftforge.fml.loading.moddiscovery.ModFileParser/LOADING]: Mod file C:\Users\gamma\.gradle\caches\modules-2\files-2.1\net.minecraftforge\lowcodelanguage\1.20.1-47.4.0\e862740d8c84d08dbfedea412bef88fe42e727c5\lowcodelanguage-1.20.1-47.4.0.jar is missing mods.toml file
[26Dec2025 18:16:13.865] [main/DEBUG] [net.minecraftforge.fml.loading.moddiscovery.ModFileParser/LOADING]: Considering mod file candidate C:\Users\gamma\.gradle\caches\modules-2\files-2.1\net.minecraftforge\mclanguage\1.20.1-47.4.0\5719b3a297a33f877ed5dde4cb4bd75c859096af\mclanguage-1.20.1-47.4.0.jar
[26Dec2025 18:16:13.866] [main/WARN] [net.minecraftforge.fml.loading.moddiscovery.ModFileParser/LOADING]: Mod file C:\Users\gamma\.gradle\caches\modules-2\files-2.1\net.minecraftforge\mclanguage\1.20.1-47.4.0\5719b3a297a33f877ed5dde4cb4bd75c859096af\mclanguage-1.20.1-47.4.0.jar is missing mods.toml file
[26Dec2025 18:16:13.869] [main/DEBUG] [net.minecraftforge.fml.loading.moddiscovery.ModFileParser/LOADING]: Considering mod file candidate C:\Users\gamma\.gradle\caches\modules-2\files-2.1\net.minecraftforge\fmlcore\1.20.1-47.4.0\235975dafa4309945b59c56b53f31dc5b65a6051\fmlcore-1.20.1-47.4.0.jar
[26Dec2025 18:16:13.870] [main/WARN] [net.minecraftforge.fml.loading.moddiscovery.ModFileParser/LOADING]: Mod file C:\Users\gamma\.gradle\caches\modules-2\files-2.1\net.minecraftforge\fmlcore\1.20.1-47.4.0\235975dafa4309945b59c56b53f31dc5b65a6051\fmlcore-1.20.1-47.4.0.jar is missing mods.toml file
[26Dec2025 18:16:13.875] [main/DEBUG] [net.minecraftforge.fml.loading.moddiscovery.ModFileParser/LOADING]: Considering mod file candidate C:\Users\gamma\IdeaProjects\untitled10\build\resources\main
[26Dec2025 18:16:13.888] [main/DEBUG] [net.minecraftforge.fml.loading.moddiscovery.ModFileInfo/LOADING]: Found valid mod file main with {ddtocreate6} mods - versions {1.1}
[26Dec2025 18:16:13.892] [main/DEBUG] [net.minecraftforge.fml.loading.moddiscovery.ModFileParser/LOADING]: Considering mod file candidate /
[26Dec2025 18:16:13.897] [main/DEBUG] [net.minecraftforge.fml.loading.moddiscovery.ModFileInfo/LOADING]: Found valid mod file  with {forge} mods - versions {47.4.0}
[26Dec2025 18:16:13.931] [main/DEBUG] [net.minecraftforge.fml.loading.moddiscovery.ModFileParser/LOADING]: Considering mod file candidate C:\Users\gamma\.gradle\caches\forge_gradle\deobf_dependencies\com\simibubi\create\create-1.20.1\6.0.8-289_mapped_official_1.20.1\create-1.20.1-6.0.8-289_mapped_official_1.20.1-slim.jar
[26Dec2025 18:16:13.933] [main/DEBUG] [net.minecraftforge.fml.loading.moddiscovery.ModFileInfo/LOADING]: Found valid mod file create-1.20.1-6.0.8-289_mapped_official_1.20.1-slim.jar with {create} mods - versions {6.0.8-289}
[26Dec2025 18:16:13.937] [main/DEBUG] [net.minecraftforge.fml.loading.moddiscovery.ModFileParser/LOADING]: Considering mod file candidate C:\Users\gamma\.gradle\caches\forge_gradle\deobf_dependencies\net\createmod\ponder\Ponder-Forge-1.20.1\1.0.91_mapped_official_1.20.1\Ponder-Forge-1.20.1-1.0.91_mapped_official_1.20.1.jar
[26Dec2025 18:16:13.938] [main/DEBUG] [net.minecraftforge.fml.loading.moddiscovery.ModFileInfo/LOADING]: Found valid mod file Ponder-Forge-1.20.1-1.0.91_mapped_official_1.20.1.jar with {ponder} mods - versions {1.0.91}
[26Dec2025 18:16:13.942] [main/DEBUG] [net.minecraftforge.fml.loading.moddiscovery.ModFileParser/LOADING]: Considering mod file candidate C:\Users\gamma\.gradle\caches\modules-2\files-2.1\io.github.llamalad7\mixinextras-forge\0.5.0-beta.5\b405e55ddf957832a7cfeb007750ec8a905f1acc\mixinextras-forge-0.5.0-beta.5.jar
[26Dec2025 18:16:13.943] [main/DEBUG] [net.minecraftforge.fml.loading.moddiscovery.ModFileInfo/LOADING]: Found valid mod file mixinextras-forge-0.5.0-beta.5.jar with {mixinextras} mods - versions {0.5.0-beta.5}
[26Dec2025 18:16:13.948] [main/DEBUG] [net.minecraftforge.fml.loading.moddiscovery.ModFileParser/LOADING]: Considering mod file candidate C:\Users\gamma\.gradle\caches\forge_gradle\deobf_dependencies\locallibs\Create-Dreams-n-Desires-1.20.1\0.2c.PREBETA_mapped_official_1.20.1\Create-Dreams-n-Desires-1.20.1-0.2c.PREBETA_mapped_official_1.20.1.jar
[26Dec2025 18:16:13.954] [main/DEBUG] [net.minecraftforge.fml.loading.moddiscovery.ModFileInfo/LOADING]: Found valid mod file Create-Dreams-n-Desires-1.20.1-0.2c.PREBETA_mapped_official_1.20.1.jar with {create_dd} mods - versions {0.2c.PREBETA}
[26Dec2025 18:16:13.958] [main/DEBUG] [net.minecraftforge.fml.loading.moddiscovery.ModFileParser/LOADING]: Considering mod file candidate C:\Users\gamma\.gradle\caches\forge_gradle\deobf_dependencies\mezz\jei\jei-1.20.1-forge\15.20.0.106_mapped_official_1.20.1\jei-1.20.1-forge-15.20.0.106_mapped_official_1.20.1.jar
[26Dec2025 18:16:13.959] [main/DEBUG] [net.minecraftforge.fml.loading.moddiscovery.ModFileInfo/LOADING]: Found valid mod file jei-1.20.1-forge-15.20.0.106_mapped_official_1.20.1.jar with {jei} mods - versions {15.20.0.106}
[26Dec2025 18:16:13.963] [main/DEBUG] [net.minecraftforge.fml.loading.moddiscovery.ModFileParser/LOADING]: Considering mod file candidate C:\Users\gamma\.gradle\caches\forge_gradle\deobf_dependencies\dev\engine-room\flywheel\flywheel-forge-1.20.1\1.0.5_mapped_official_1.20.1\flywheel-forge-1.20.1-1.0.5_mapped_official_1.20.1.jar
[26Dec2025 18:16:13.964] [main/DEBUG] [net.minecraftforge.fml.loading.moddiscovery.ModFileInfo/LOADING]: Found valid mod file flywheel-forge-1.20.1-1.0.5_mapped_official_1.20.1.jar with {flywheel} mods - versions {1.0.5}
[26Dec2025 18:16:13.974] [main/DEBUG] [net.minecraftforge.fml.loading.moddiscovery.ModFileParser/LOADING]: Considering mod file candidate C:\Users\gamma\.gradle\caches\forge_gradle\deobf_dependencies\com\simibubi\create\create-1.20.1\6.0.8-289_mapped_official_1.20.1\create-1.20.1-6.0.8-289_mapped_official_1.20.1-slim.jar
[26Dec2025 18:16:13.976] [main/DEBUG] [net.minecraftforge.fml.loading.moddiscovery.ModFileInfo/LOADING]: Found valid mod file create-1.20.1-6.0.8-289_mapped_official_1.20.1-slim.jar with {create} mods - versions {6.0.8-289}
[26Dec2025 18:16:13.980] [main/DEBUG] [net.minecraftforge.fml.loading.moddiscovery.ModFileParser/LOADING]: Considering mod file candidate C:\Users\gamma\.gradle\caches\forge_gradle\deobf_dependencies\net\createmod\ponder\Ponder-Forge-1.20.1\1.0.91_mapped_official_1.20.1\Ponder-Forge-1.20.1-1.0.91_mapped_official_1.20.1.jar
[26Dec2025 18:16:13.981] [main/DEBUG] [net.minecraftforge.fml.loading.moddiscovery.ModFileInfo/LOADING]: Found valid mod file Ponder-Forge-1.20.1-1.0.91_mapped_official_1.20.1.jar with {ponder} mods - versions {1.0.91}
[26Dec2025 18:16:13.997] [main/DEBUG] [net.minecraftforge.fml.loading.moddiscovery.ModFileParser/LOADING]: Considering mod file candidate C:\Users\gamma\.gradle\caches\modules-2\files-2.1\io.github.llamalad7\mixinextras-forge\0.5.0-beta.5\b405e55ddf957832a7cfeb007750ec8a905f1acc\mixinextras-forge-0.5.0-beta.5.jar
[26Dec2025 18:16:13.999] [main/DEBUG] [net.minecraftforge.fml.loading.moddiscovery.ModFileInfo/LOADING]: Found valid mod file mixinextras-forge-0.5.0-beta.5.jar with {mixinextras} mods - versions {0.5.0-beta.5}
[26Dec2025 18:16:14.004] [main/DEBUG] [net.minecraftforge.fml.loading.moddiscovery.ModFileParser/LOADING]: Considering mod file candidate C:\Users\gamma\.gradle\caches\forge_gradle\deobf_dependencies\locallibs\Create-Dreams-n-Desires-1.20.1\0.2c.PREBETA_mapped_official_1.20.1\Create-Dreams-n-Desires-1.20.1-0.2c.PREBETA_mapped_official_1.20.1.jar
[26Dec2025 18:16:14.005] [main/DEBUG] [net.minecraftforge.fml.loading.moddiscovery.ModFileInfo/LOADING]: Found valid mod file Create-Dreams-n-Desires-1.20.1-0.2c.PREBETA_mapped_official_1.20.1.jar with {create_dd} mods - versions {0.2c.PREBETA}
[26Dec2025 18:16:14.009] [main/DEBUG] [net.minecraftforge.fml.loading.moddiscovery.ModFileParser/LOADING]: Considering mod file candidate C:\Users\gamma\.gradle\caches\forge_gradle\deobf_dependencies\mezz\jei\jei-1.20.1-forge\15.20.0.106_mapped_official_1.20.1\jei-1.20.1-forge-15.20.0.106_mapped_official_1.20.1.jar
[26Dec2025 18:16:14.010] [main/DEBUG] [net.minecraftforge.fml.loading.moddiscovery.ModFileInfo/LOADING]: Found valid mod file jei-1.20.1-forge-15.20.0.106_mapped_official_1.20.1.jar with {jei} mods - versions {15.20.0.106}
[26Dec2025 18:16:14.013] [main/DEBUG] [net.minecraftforge.fml.loading.moddiscovery.ModFileParser/LOADING]: Considering mod file candidate C:\Users\gamma\.gradle\caches\forge_gradle\deobf_dependencies\dev\engine-room\flywheel\flywheel-forge-1.20.1\1.0.5_mapped_official_1.20.1\flywheel-forge-1.20.1-1.0.5_mapped_official_1.20.1.jar
[26Dec2025 18:16:14.015] [main/DEBUG] [net.minecraftforge.fml.loading.moddiscovery.ModFileInfo/LOADING]: Found valid mod file flywheel-forge-1.20.1-1.0.5_mapped_official_1.20.1.jar with {flywheel} mods - versions {1.0.5}
[26Dec2025 18:16:14.023] [main/DEBUG] [net.minecraftforge.fml.loading.UniqueModListBuilder/]: Found 2 mods for first modid mixinextras, selecting most recent based on version data
[26Dec2025 18:16:14.023] [main/DEBUG] [net.minecraftforge.fml.loading.UniqueModListBuilder/]: Selected file mixinextras-forge-0.5.0-beta.5.jar for modid mixinextras with version 0.5.0-beta.5
[26Dec2025 18:16:14.024] [main/DEBUG] [net.minecraftforge.fml.loading.UniqueModListBuilder/]: Found 2 mods for first modid flywheel, selecting most recent based on version data
[26Dec2025 18:16:14.024] [main/DEBUG] [net.minecraftforge.fml.loading.UniqueModListBuilder/]: Selected file flywheel-forge-1.20.1-1.0.5_mapped_official_1.20.1.jar for modid flywheel with version 1.0.5
[26Dec2025 18:16:14.024] [main/DEBUG] [net.minecraftforge.fml.loading.UniqueModListBuilder/]: Found 2 mods for first modid create_dd, selecting most recent based on version data
[26Dec2025 18:16:14.024] [main/DEBUG] [net.minecraftforge.fml.loading.UniqueModListBuilder/]: Selected file Create-Dreams-n-Desires-1.20.1-0.2c.PREBETA_mapped_official_1.20.1.jar for modid create_dd with version 0.2c.PREBETA
[26Dec2025 18:16:14.024] [main/DEBUG] [net.minecraftforge.fml.loading.UniqueModListBuilder/]: Found 2 mods for first modid create, selecting most recent based on version data
[26Dec2025 18:16:14.024] [main/DEBUG] [net.minecraftforge.fml.loading.UniqueModListBuilder/]: Selected file create-1.20.1-6.0.8-289_mapped_official_1.20.1-slim.jar for modid create with version 6.0.8-289
[26Dec2025 18:16:14.024] [main/DEBUG] [net.minecraftforge.fml.loading.UniqueModListBuilder/]: Found 2 mods for first modid ponder, selecting most recent based on version data
[26Dec2025 18:16:14.025] [main/DEBUG] [net.minecraftforge.fml.loading.UniqueModListBuilder/]: Selected file Ponder-Forge-1.20.1-1.0.91_mapped_official_1.20.1.jar for modid ponder with version 1.0.91
[26Dec2025 18:16:14.025] [main/DEBUG] [net.minecraftforge.fml.loading.UniqueModListBuilder/]: Found 2 mods for first modid jei, selecting most recent based on version data
[26Dec2025 18:16:14.025] [main/DEBUG] [net.minecraftforge.fml.loading.UniqueModListBuilder/]: Selected file jei-1.20.1-forge-15.20.0.106_mapped_official_1.20.1.jar for modid jei with version 15.20.0.106
[26Dec2025 18:16:14.033] [main/DEBUG] [net.minecraftforge.fml.loading.moddiscovery.AbstractJarFileDependencyLocator/]: Failed to load resource META-INF\jarjar\metadata.json from forge-1.20.1-47.4.0_mapped_official_1.20.1-recomp.jar, it does not contain dependency information.
[26Dec2025 18:16:14.034] [main/DEBUG] [net.minecraftforge.fml.loading.moddiscovery.AbstractJarFileDependencyLocator/]: Failed to load resource META-INF\jarjar\metadata.json from Registrate-MC1.20-1.3.3_mapped_official_1.20.1.jar, it does not contain dependency information.
[26Dec2025 18:16:14.034] [main/DEBUG] [net.minecraftforge.fml.loading.moddiscovery.AbstractJarFileDependencyLocator/]: Failed to load resource META-INF\jarjar\metadata.json from , it does not contain dependency information.
[26Dec2025 18:16:14.035] [main/DEBUG] [net.minecraftforge.fml.loading.moddiscovery.AbstractJarFileDependencyLocator/]: Failed to load resource META-INF\jarjar\metadata.json from main, it does not contain dependency information.
[26Dec2025 18:16:14.035] [main/DEBUG] [net.minecraftforge.fml.loading.moddiscovery.AbstractJarFileDependencyLocator/]: Failed to load resource META-INF\jarjar\metadata.json from flywheel-forge-1.20.1-1.0.5_mapped_official_1.20.1.jar, it does not contain dependency information.
[26Dec2025 18:16:14.035] [main/DEBUG] [net.minecraftforge.fml.loading.moddiscovery.AbstractJarFileDependencyLocator/]: Failed to load resource META-INF\jarjar\metadata.json from Create-Dreams-n-Desires-1.20.1-0.2c.PREBETA_mapped_official_1.20.1.jar, it does not contain dependency information.
[26Dec2025 18:16:14.035] [main/DEBUG] [net.minecraftforge.fml.loading.moddiscovery.AbstractJarFileDependencyLocator/]: Failed to load resource META-INF\jarjar\metadata.json from create-1.20.1-6.0.8-289_mapped_official_1.20.1-slim.jar, it does not contain dependency information.
[26Dec2025 18:16:14.036] [main/DEBUG] [net.minecraftforge.fml.loading.moddiscovery.AbstractJarFileDependencyLocator/]: Failed to load resource META-INF\jarjar\metadata.json from Ponder-Forge-1.20.1-1.0.91_mapped_official_1.20.1.jar, it does not contain dependency information.
[26Dec2025 18:16:14.036] [main/DEBUG] [net.minecraftforge.fml.loading.moddiscovery.AbstractJarFileDependencyLocator/]: Failed to load resource META-INF\jarjar\metadata.json from jei-1.20.1-forge-15.20.0.106_mapped_official_1.20.1.jar, it does not contain dependency information.
[26Dec2025 18:16:14.036] [main/DEBUG] [net.minecraftforge.fml.loading.moddiscovery.AbstractJarFileDependencyLocator/]: Failed to load resource META-INF\jarjar\metadata.json from mclanguage-1.20.1-47.4.0.jar, it does not contain dependency information.
[26Dec2025 18:16:14.036] [main/DEBUG] [net.minecraftforge.fml.loading.moddiscovery.AbstractJarFileDependencyLocator/]: Failed to load resource META-INF\jarjar\metadata.json from javafmllanguage-1.20.1-47.4.0.jar, it does not contain dependency information.
[26Dec2025 18:16:14.036] [main/DEBUG] [net.minecraftforge.fml.loading.moddiscovery.AbstractJarFileDependencyLocator/]: Failed to load resource META-INF\jarjar\metadata.json from fmlcore-1.20.1-47.4.0.jar, it does not contain dependency information.
[26Dec2025 18:16:14.036] [main/DEBUG] [net.minecraftforge.fml.loading.moddiscovery.AbstractJarFileDependencyLocator/]: Failed to load resource META-INF\jarjar\metadata.json from lowcodelanguage-1.20.1-47.4.0.jar, it does not contain dependency information.
[26Dec2025 18:16:14.143] [main/DEBUG] [net.minecraftforge.fml.loading.moddiscovery.AbstractJarFileDependencyLocator/]: Failed to load resource META-INF\jarjar\metadata.json from MixinExtras-0.5.0-beta.5.jar, it does not contain dependency information.
[26Dec2025 18:16:14.204] [main/INFO] [net.minecraftforge.fml.loading.moddiscovery.JarInJarDependencyLocator/]: Found 1 dependencies adding them to mods collection
[26Dec2025 18:16:14.206] [main/DEBUG] [net.minecraftforge.fml.loading.moddiscovery.ModFileInfo/LOADING]: Found valid mod file forge-1.20.1-47.4.0_mapped_official_1.20.1-recomp.jar with {minecraft} mods - versions {1.20.1}
[26Dec2025 18:16:14.211] [main/DEBUG] [net.minecraftforge.fml.loading.moddiscovery.ModFile/LOADING]: Loading mod file C:\Users\gamma\IdeaProjects\untitled10\build\fg_cache\net\minecraftforge\forge\1.20.1-47.4.0_mapped_official_1.20.1\forge-1.20.1-47.4.0_mapped_official_1.20.1-recomp.jar with languages [LanguageSpec[languageName=minecraft, acceptedVersions=1]]
[26Dec2025 18:16:14.212] [main/DEBUG] [net.minecraftforge.fml.loading.moddiscovery.ModFileParser/LOADING]: Considering mod file candidate C:\Users\gamma\IdeaProjects\untitled10\build\resources\main
[26Dec2025 18:16:14.216] [main/DEBUG] [net.minecraftforge.fml.loading.moddiscovery.ModFileInfo/LOADING]: Found valid mod file main with {ddtocreate6} mods - versions {1.1}
[26Dec2025 18:16:14.216] [main/DEBUG] [net.minecraftforge.fml.loading.moddiscovery.ModFile/LOADING]: Loading mod file C:\Users\gamma\IdeaProjects\untitled10\build\resources\main with languages [LanguageSpec[languageName=javafml, acceptedVersions=[47,)]]
[26Dec2025 18:16:14.217] [main/DEBUG] [net.minecraftforge.fml.loading.moddiscovery.ModFileParser/LOADING]: Considering mod file candidate /
[26Dec2025 18:16:14.218] [main/DEBUG] [net.minecraftforge.fml.loading.moddiscovery.ModFileInfo/LOADING]: Found valid mod file  with {forge} mods - versions {47.4.0}
[26Dec2025 18:16:14.219] [main/DEBUG] [net.minecraftforge.fml.loading.moddiscovery.ModFile/LOADING]: Loading mod file / with languages [LanguageSpec[languageName=javafml, acceptedVersions=[24,]]]
[26Dec2025 18:16:14.226] [main/DEBUG] [net.minecraftforge.fml.loading.moddiscovery.ModFileParser/LOADING]: Found coremod field_to_method with Javascript path coremods/field_to_method.js
[26Dec2025 18:16:14.226] [main/DEBUG] [net.minecraftforge.fml.loading.moddiscovery.ModFileParser/LOADING]: Found coremod field_to_instanceof with Javascript path coremods/field_to_instanceof.js
[26Dec2025 18:16:14.226] [main/DEBUG] [net.minecraftforge.fml.loading.moddiscovery.ModFileParser/LOADING]: Found coremod add_bouncer_method with Javascript path coremods/add_bouncer_method.js
[26Dec2025 18:16:14.226] [main/DEBUG] [net.minecraftforge.fml.loading.moddiscovery.ModFileParser/LOADING]: Found coremod method_redirector with Javascript path coremods/method_redirector.js
[26Dec2025 18:16:14.227] [main/DEBUG] [net.minecraftforge.fml.loading.moddiscovery.ModFile/LOADING]: Found coremod coremods/field_to_method.js
[26Dec2025 18:16:14.227] [main/DEBUG] [net.minecraftforge.fml.loading.moddiscovery.ModFile/LOADING]: Found coremod coremods/field_to_instanceof.js
[26Dec2025 18:16:14.227] [main/DEBUG] [net.minecraftforge.fml.loading.moddiscovery.ModFile/LOADING]: Found coremod coremods/add_bouncer_method.js
[26Dec2025 18:16:14.227] [main/DEBUG] [net.minecraftforge.fml.loading.moddiscovery.ModFile/LOADING]: Found coremod coremods/method_redirector.js
[26Dec2025 18:16:14.227] [main/DEBUG] [net.minecraftforge.fml.loading.moddiscovery.ModFileParser/LOADING]: Considering mod file candidate C:\Users\gamma\.gradle\caches\forge_gradle\deobf_dependencies\dev\engine-room\flywheel\flywheel-forge-1.20.1\1.0.5_mapped_official_1.20.1\flywheel-forge-1.20.1-1.0.5_mapped_official_1.20.1.jar
[26Dec2025 18:16:14.228] [main/DEBUG] [net.minecraftforge.fml.loading.moddiscovery.ModFileInfo/LOADING]: Found valid mod file flywheel-forge-1.20.1-1.0.5_mapped_official_1.20.1.jar with {flywheel} mods - versions {1.0.5}
[26Dec2025 18:16:14.229] [main/DEBUG] [net.minecraftforge.fml.loading.moddiscovery.ModFile/LOADING]: Loading mod file C:\Users\gamma\.gradle\caches\forge_gradle\deobf_dependencies\dev\engine-room\flywheel\flywheel-forge-1.20.1\1.0.5_mapped_official_1.20.1\flywheel-forge-1.20.1-1.0.5_mapped_official_1.20.1.jar with languages [LanguageSpec[languageName=javafml, acceptedVersions=[0,)]]
[26Dec2025 18:16:14.229] [main/DEBUG] [net.minecraftforge.fml.loading.moddiscovery.ModFileParser/LOADING]: Considering mod file candidate C:\Users\gamma\.gradle\caches\forge_gradle\deobf_dependencies\com\simibubi\create\create-1.20.1\6.0.8-289_mapped_official_1.20.1\create-1.20.1-6.0.8-289_mapped_official_1.20.1-slim.jar
[26Dec2025 18:16:14.229] [main/DEBUG] [net.minecraftforge.fml.loading.moddiscovery.ModFileInfo/LOADING]: Found valid mod file create-1.20.1-6.0.8-289_mapped_official_1.20.1-slim.jar with {create} mods - versions {6.0.8-289}
[26Dec2025 18:16:14.230] [main/DEBUG] [net.minecraftforge.fml.loading.moddiscovery.ModFile/LOADING]: Loading mod file C:\Users\gamma\.gradle\caches\forge_gradle\deobf_dependencies\com\simibubi\create\create-1.20.1\6.0.8-289_mapped_official_1.20.1\create-1.20.1-6.0.8-289_mapped_official_1.20.1-slim.jar with languages [LanguageSpec[languageName=javafml, acceptedVersions=[47,)]]
[26Dec2025 18:16:14.230] [main/DEBUG] [net.minecraftforge.fml.loading.moddiscovery.ModFileParser/LOADING]: Considering mod file candidate C:\Users\gamma\.gradle\caches\forge_gradle\deobf_dependencies\locallibs\Create-Dreams-n-Desires-1.20.1\0.2c.PREBETA_mapped_official_1.20.1\Create-Dreams-n-Desires-1.20.1-0.2c.PREBETA_mapped_official_1.20.1.jar
[26Dec2025 18:16:14.231] [main/DEBUG] [net.minecraftforge.fml.loading.moddiscovery.ModFileInfo/LOADING]: Found valid mod file Create-Dreams-n-Desires-1.20.1-0.2c.PREBETA_mapped_official_1.20.1.jar with {create_dd} mods - versions {0.2c.PREBETA}
[26Dec2025 18:16:14.231] [main/DEBUG] [net.minecraftforge.fml.loading.moddiscovery.ModFile/LOADING]: Loading mod file C:\Users\gamma\.gradle\caches\forge_gradle\deobf_dependencies\locallibs\Create-Dreams-n-Desires-1.20.1\0.2c.PREBETA_mapped_official_1.20.1\Create-Dreams-n-Desires-1.20.1-0.2c.PREBETA_mapped_official_1.20.1.jar with languages [LanguageSpec[languageName=javafml, acceptedVersions=[47,)]]
[26Dec2025 18:16:14.231] [main/DEBUG] [net.minecraftforge.fml.loading.moddiscovery.ModFileParser/LOADING]: Considering mod file candidate C:\Users\gamma\.gradle\caches\forge_gradle\deobf_dependencies\net\createmod\ponder\Ponder-Forge-1.20.1\1.0.91_mapped_official_1.20.1\Ponder-Forge-1.20.1-1.0.91_mapped_official_1.20.1.jar
[26Dec2025 18:16:14.232] [main/DEBUG] [net.minecraftforge.fml.loading.moddiscovery.ModFileInfo/LOADING]: Found valid mod file Ponder-Forge-1.20.1-1.0.91_mapped_official_1.20.1.jar with {ponder} mods - versions {1.0.91}
[26Dec2025 18:16:14.232] [main/DEBUG] [net.minecraftforge.fml.loading.moddiscovery.ModFile/LOADING]: Loading mod file C:\Users\gamma\.gradle\caches\forge_gradle\deobf_dependencies\net\createmod\ponder\Ponder-Forge-1.20.1\1.0.91_mapped_official_1.20.1\Ponder-Forge-1.20.1-1.0.91_mapped_official_1.20.1.jar with languages [LanguageSpec[languageName=javafml, acceptedVersions=[47,)]]
[26Dec2025 18:16:14.233] [main/DEBUG] [net.minecraftforge.fml.loading.moddiscovery.ModFileParser/LOADING]: Considering mod file candidate C:\Users\gamma\.gradle\caches\forge_gradle\deobf_dependencies\mezz\jei\jei-1.20.1-forge\15.20.0.106_mapped_official_1.20.1\jei-1.20.1-forge-15.20.0.106_mapped_official_1.20.1.jar
[26Dec2025 18:16:14.233] [main/DEBUG] [net.minecraftforge.fml.loading.moddiscovery.ModFileInfo/LOADING]: Found valid mod file jei-1.20.1-forge-15.20.0.106_mapped_official_1.20.1.jar with {jei} mods - versions {15.20.0.106}
[26Dec2025 18:16:14.233] [main/DEBUG] [net.minecraftforge.fml.loading.moddiscovery.ModFile/LOADING]: Loading mod file C:\Users\gamma\.gradle\caches\forge_gradle\deobf_dependencies\mezz\jei\jei-1.20.1-forge\15.20.0.106_mapped_official_1.20.1\jei-1.20.1-forge-15.20.0.106_mapped_official_1.20.1.jar with languages [LanguageSpec[languageName=javafml, acceptedVersions=[47,)]]
[26Dec2025 18:16:14.234] [main/DEBUG] [net.minecraftforge.fml.loading.moddiscovery.ModFileParser/LOADING]: Considering mod file candidate C:\Users\gamma\.gradle\caches\modules-2\files-2.1\io.github.llamalad7\mixinextras-forge\0.5.0-beta.5\b405e55ddf957832a7cfeb007750ec8a905f1acc\mixinextras-forge-0.5.0-beta.5.jar
[26Dec2025 18:16:14.234] [main/DEBUG] [net.minecraftforge.fml.loading.moddiscovery.ModFileInfo/LOADING]: Found valid mod file mixinextras-forge-0.5.0-beta.5.jar with {mixinextras} mods - versions {0.5.0-beta.5}
[26Dec2025 18:16:14.234] [main/DEBUG] [net.minecraftforge.fml.loading.moddiscovery.ModFile/LOADING]: Loading mod file C:\Users\gamma\.gradle\caches\modules-2\files-2.1\io.github.llamalad7\mixinextras-forge\0.5.0-beta.5\b405e55ddf957832a7cfeb007750ec8a905f1acc\mixinextras-forge-0.5.0-beta.5.jar with languages [LanguageSpec[languageName=javafml, acceptedVersions=*]]
[26Dec2025 18:16:14.234] [main/DEBUG] [net.minecraftforge.fml.loading.moddiscovery.ModFile/LOADING]: Loading mod file C:\Users\gamma\.gradle\caches\forge_gradle\deobf_dependencies\com\tterrag\registrate\Registrate\MC1.20-1.3.3_mapped_official_1.20.1\Registrate-MC1.20-1.3.3_mapped_official_1.20.1.jar with languages []
[26Dec2025 18:16:14.234] [main/DEBUG] [net.minecraftforge.fml.loading.moddiscovery.ModFile/LOADING]: Loading mod file  with languages []
[26Dec2025 18:16:14.235] [main/DEBUG] [net.minecraftforge.fml.loading.moddiscovery.ModFileParser/LOADING]: Considering mod file candidate C:\Users\gamma\.gradle\caches\modules-2\files-2.1\io.github.llamalad7\mixinextras-forge\0.5.0-beta.5\b405e55ddf957832a7cfeb007750ec8a905f1acc\mixinextras-forge-0.5.0-beta.5.jar
[26Dec2025 18:16:14.235] [main/DEBUG] [net.minecraftforge.fml.loading.moddiscovery.ModFileInfo/LOADING]: Found valid mod file mixinextras-forge-0.5.0-beta.5.jar with {mixinextras} mods - versions {0.5.0-beta.5}
[26Dec2025 18:16:14.235] [main/DEBUG] [net.minecraftforge.fml.loading.moddiscovery.ModFile/LOADING]: Loading mod file C:\Users\gamma\.gradle\caches\modules-2\files-2.1\io.github.llamalad7\mixinextras-forge\0.5.0-beta.5\b405e55ddf957832a7cfeb007750ec8a905f1acc\mixinextras-forge-0.5.0-beta.5.jar with languages [LanguageSpec[languageName=javafml, acceptedVersions=*]]
[26Dec2025 18:16:14.235] [main/DEBUG] [net.minecraftforge.fml.loading.moddiscovery.ModFile/LOADING]: Loading mod file C:\Users\gamma\.gradle\caches\forge_gradle\deobf_dependencies\com\tterrag\registrate\Registrate\MC1.20-1.3.3_mapped_official_1.20.1\Registrate-MC1.20-1.3.3_mapped_official_1.20.1.jar with languages []
[26Dec2025 18:16:14.235] [main/DEBUG] [net.minecraftforge.fml.loading.moddiscovery.ModFile/LOADING]: Loading mod file  with languages []
[26Dec2025 18:16:14.238] [main/DEBUG] [cpw.mods.modlauncher.TransformationServiceDecorator/MODLAUNCHER]: End scan trigger - transformation service fml
[26Dec2025 18:16:14.259] [main/DEBUG] [net.minecraftforge.fml.loading.LanguageLoadingProvider/CORE]: Found 3 language providers
[26Dec2025 18:16:14.260] [main/DEBUG] [net.minecraftforge.fml.loading.LanguageLoadingProvider/CORE]: Found language provider minecraft, version 1.0
[26Dec2025 18:16:14.263] [main/DEBUG] [net.minecraftforge.fml.loading.LanguageLoadingProvider/CORE]: Found language provider lowcodefml, version 47
[26Dec2025 18:16:14.263] [main/DEBUG] [net.minecraftforge.fml.loading.LanguageLoadingProvider/CORE]: Found language provider javafml, version 47
[26Dec2025 18:16:14.279] [main/DEBUG] [net.minecraftforge.fml.loading.UniqueModListBuilder/]: Found 2 mods for first modid mixinextras, selecting most recent based on version data
[26Dec2025 18:16:14.279] [main/DEBUG] [net.minecraftforge.fml.loading.UniqueModListBuilder/]: Selected file mixinextras-forge-0.5.0-beta.5.jar for modid mixinextras with version 0.5.0-beta.5
[26Dec2025 18:16:14.279] [main/DEBUG] [net.minecraftforge.fml.loading.UniqueModListBuilder/]: Found 2 mods for first modid Registrate, selecting most recent based on version data
[26Dec2025 18:16:14.279] [main/DEBUG] [net.minecraftforge.fml.loading.UniqueModListBuilder/]: Selected file Registrate-MC1.20-1.3.3_mapped_official_1.20.1.jar for modid Registrate with version 0.0NONE
[26Dec2025 18:16:14.279] [main/DEBUG] [net.minecraftforge.fml.loading.UniqueModListBuilder/]: Found 2 mods for first modid MixinExtras.beta._5, selecting most recent based on version data
[26Dec2025 18:16:14.280] [main/DEBUG] [net.minecraftforge.fml.loading.UniqueModListBuilder/]: Selected file MixinExtras-0.5.0-beta.5.jar for modid MixinExtras.beta._5 with version 0.0NONE
[26Dec2025 18:16:14.284] [main/DEBUG] [net.minecraftforge.fml.loading.ModSorter/]: Configured system mods: [minecraft, forge]
[26Dec2025 18:16:14.285] [main/DEBUG] [net.minecraftforge.fml.loading.ModSorter/]: Found system mod: minecraft
[26Dec2025 18:16:14.285] [main/DEBUG] [net.minecraftforge.fml.loading.ModSorter/]: Found system mod: forge
[26Dec2025 18:16:14.292] [main/DEBUG] [net.minecraftforge.fml.loading.ModSorter/LOADING]: Found 20 mod requirements (17 mandatory, 3 optional)
[26Dec2025 18:16:14.294] [main/DEBUG] [net.minecraftforge.fml.loading.ModSorter/LOADING]: Found 0 mod requirements missing (0 mandatory, 0 optional)
[26Dec2025 18:16:14.963] [main/DEBUG] [net.minecraftforge.fml.loading.MCPNamingService/CORE]: Loaded 33222 method mappings from methods.csv
[26Dec2025 18:16:15.003] [main/DEBUG] [net.minecraftforge.fml.loading.MCPNamingService/CORE]: Loaded 31003 field mappings from fields.csv
[26Dec2025 18:16:15.090] [main/DEBUG] [cpw.mods.modlauncher.TransformationServicesHandler/MODLAUNCHER]: Transformation services loading transformers
[26Dec2025 18:16:15.093] [main/DEBUG] [cpw.mods.modlauncher.TransformationServiceDecorator/MODLAUNCHER]: Initializing transformers for transformation service mixin
[26Dec2025 18:16:15.095] [main/DEBUG] [cpw.mods.modlauncher.TransformationServiceDecorator/MODLAUNCHER]: Initialized transformers for transformation service mixin
[26Dec2025 18:16:15.095] [main/DEBUG] [cpw.mods.modlauncher.TransformationServiceDecorator/MODLAUNCHER]: Initializing transformers for transformation service fml
[26Dec2025 18:16:15.095] [main/DEBUG] [net.minecraftforge.fml.loading.FMLServiceProvider/CORE]: Loading coremod transformers
[26Dec2025 18:16:15.095] [main/DEBUG] [net.minecraftforge.coremod.CoreModEngine/COREMOD]: Loading CoreMod from coremods/field_to_method.js
[26Dec2025 18:16:15.598] [main/DEBUG] [net.minecraftforge.coremod.CoreModEngine/COREMOD]: CoreMod loaded successfully
[26Dec2025 18:16:15.598] [main/DEBUG] [net.minecraftforge.coremod.CoreModEngine/COREMOD]: Loading CoreMod from coremods/field_to_instanceof.js
[26Dec2025 18:16:15.751] [main/DEBUG] [net.minecraftforge.coremod.CoreModEngine/COREMOD]: CoreMod loaded successfully
[26Dec2025 18:16:15.751] [main/DEBUG] [net.minecraftforge.coremod.CoreModEngine/COREMOD]: Loading CoreMod from coremods/add_bouncer_method.js
[26Dec2025 18:16:15.820] [main/DEBUG] [net.minecraftforge.coremod.CoreModEngine/COREMOD]: CoreMod loaded successfully
[26Dec2025 18:16:15.820] [main/DEBUG] [net.minecraftforge.coremod.CoreModEngine/COREMOD]: Loading CoreMod from coremods/method_redirector.js
[26Dec2025 18:16:15.931] [main/DEBUG] [net.minecraftforge.coremod.CoreModEngine/COREMOD]: CoreMod loaded successfully
[26Dec2025 18:16:15.964] [main/DEBUG] [cpw.mods.modlauncher.TransformStore/MODLAUNCHER]: Adding transformer net.minecraftforge.coremod.transformer.CoreModClassTransformer@d535a3d to Target : CLASS {Lnet/minecraft/world/level/biome/Biome;} {} {V}
[26Dec2025 18:16:15.968] [main/DEBUG] [cpw.mods.modlauncher.TransformStore/MODLAUNCHER]: Adding transformer net.minecraftforge.coremod.transformer.CoreModClassTransformer@3d0cac1f to Target : CLASS {Lnet/minecraft/world/level/levelgen/structure/Structure;} {} {V}
[26Dec2025 18:16:15.968] [main/DEBUG] [cpw.mods.modlauncher.TransformStore/MODLAUNCHER]: Adding transformer net.minecraftforge.coremod.transformer.CoreModClassTransformer@3e8b3b79 to Target : CLASS {Lnet/minecraft/world/effect/MobEffectInstance;} {} {V}
[26Dec2025 18:16:15.968] [main/DEBUG] [cpw.mods.modlauncher.TransformStore/MODLAUNCHER]: Adding transformer net.minecraftforge.coremod.transformer.CoreModClassTransformer@d257579 to Target : CLASS {Lnet/minecraft/world/level/block/LiquidBlock;} {} {V}
[26Dec2025 18:16:15.968] [main/DEBUG] [cpw.mods.modlauncher.TransformStore/MODLAUNCHER]: Adding transformer net.minecraftforge.coremod.transformer.CoreModClassTransformer@518ddd3b to Target : CLASS {Lnet/minecraft/world/item/BucketItem;} {} {V}
[26Dec2025 18:16:15.969] [main/DEBUG] [cpw.mods.modlauncher.TransformStore/MODLAUNCHER]: Adding transformer net.minecraftforge.coremod.transformer.CoreModClassTransformer@939ff41 to Target : CLASS {Lnet/minecraft/world/level/block/StairBlock;} {} {V}
[26Dec2025 18:16:15.969] [main/DEBUG] [cpw.mods.modlauncher.TransformStore/MODLAUNCHER]: Adding transformer net.minecraftforge.coremod.transformer.CoreModClassTransformer@6e0e5dec to Target : CLASS {Lnet/minecraft/world/level/block/FlowerPotBlock;} {} {V}
[26Dec2025 18:16:15.969] [main/DEBUG] [cpw.mods.modlauncher.TransformStore/MODLAUNCHER]: Adding transformer net.minecraftforge.coremod.transformer.CoreModClassTransformer@48a663e9 to Target : CLASS {Lnet/minecraft/world/item/ItemStack;} {} {V}
[26Dec2025 18:16:15.969] [main/DEBUG] [cpw.mods.modlauncher.TransformStore/MODLAUNCHER]: Adding transformer net.minecraftforge.coremod.transformer.CoreModClassTransformer@777d0bc3 to Target : CLASS {Lnet/minecraft/network/play/client/CClientSettingsPacket;} {} {V}
[26Dec2025 18:16:15.969] [main/DEBUG] [cpw.mods.modlauncher.TransformStore/MODLAUNCHER]: Adding transformer net.minecraftforge.coremod.transformer.CoreModClassTransformer@3178219a to Target : CLASS {Lnet/minecraft/world/entity/animal/horse/SkeletonTrapGoal;} {} {V}
[26Dec2025 18:16:15.969] [main/DEBUG] [cpw.mods.modlauncher.TransformStore/MODLAUNCHER]: Adding transformer net.minecraftforge.coremod.transformer.CoreModClassTransformer@3178219a to Target : CLASS {Lnet/minecraft/world/entity/monster/Evoker$EvokerSummonSpellGoal;} {} {V}
[26Dec2025 18:16:15.969] [main/DEBUG] [cpw.mods.modlauncher.TransformStore/MODLAUNCHER]: Adding transformer net.minecraftforge.coremod.transformer.CoreModClassTransformer@3178219a to Target : CLASS {Lnet/minecraft/world/entity/monster/Strider;} {} {V}
[26Dec2025 18:16:15.969] [main/DEBUG] [cpw.mods.modlauncher.TransformStore/MODLAUNCHER]: Adding transformer net.minecraftforge.coremod.transformer.CoreModClassTransformer@3178219a to Target : CLASS {Lnet/minecraft/world/level/levelgen/structure/structures/OceanRuinPieces$OceanRuinPiece;} {} {V}
[26Dec2025 18:16:15.969] [main/DEBUG] [cpw.mods.modlauncher.TransformStore/MODLAUNCHER]: Adding transformer net.minecraftforge.coremod.transformer.CoreModClassTransformer@3178219a to Target : CLASS {Lnet/minecraft/world/level/levelgen/structure/structures/SwampHutPiece;} {} {V}
[26Dec2025 18:16:15.969] [main/DEBUG] [cpw.mods.modlauncher.TransformStore/MODLAUNCHER]: Adding transformer net.minecraftforge.coremod.transformer.CoreModClassTransformer@3178219a to Target : CLASS {Lnet/minecraft/world/entity/ai/village/VillageSiege;} {} {V}
[26Dec2025 18:16:15.970] [main/DEBUG] [cpw.mods.modlauncher.TransformStore/MODLAUNCHER]: Adding transformer net.minecraftforge.coremod.transformer.CoreModClassTransformer@3178219a to Target : CLASS {Lnet/minecraft/world/level/levelgen/structure/structures/WoodlandMansionPieces$WoodlandMansionPiece;} {} {V}
[26Dec2025 18:16:15.970] [main/DEBUG] [cpw.mods.modlauncher.TransformStore/MODLAUNCHER]: Adding transformer net.minecraftforge.coremod.transformer.CoreModClassTransformer@3178219a to Target : CLASS {Lnet/minecraft/world/entity/animal/frog/Tadpole;} {} {V}
[26Dec2025 18:16:15.970] [main/DEBUG] [cpw.mods.modlauncher.TransformStore/MODLAUNCHER]: Adding transformer net.minecraftforge.coremod.transformer.CoreModClassTransformer@3178219a to Target : CLASS {Lnet/minecraft/world/entity/raid/Raid;} {} {V}
[26Dec2025 18:16:15.970] [main/DEBUG] [cpw.mods.modlauncher.TransformStore/MODLAUNCHER]: Adding transformer net.minecraftforge.coremod.transformer.CoreModClassTransformer@3178219a to Target : CLASS {Lnet/minecraft/world/entity/monster/Spider;} {} {V}
[26Dec2025 18:16:15.970] [main/DEBUG] [cpw.mods.modlauncher.TransformStore/MODLAUNCHER]: Adding transformer net.minecraftforge.coremod.transformer.CoreModClassTransformer@3178219a to Target : CLASS {Lnet/minecraft/world/entity/npc/Villager;} {} {V}
[26Dec2025 18:16:15.970] [main/DEBUG] [cpw.mods.modlauncher.TransformStore/MODLAUNCHER]: Adding transformer net.minecraftforge.coremod.transformer.CoreModClassTransformer@3178219a to Target : CLASS {Lnet/minecraft/server/commands/RaidCommand;} {} {V}
[26Dec2025 18:16:15.970] [main/DEBUG] [cpw.mods.modlauncher.TransformStore/MODLAUNCHER]: Adding transformer net.minecraftforge.coremod.transformer.CoreModClassTransformer@3178219a to Target : CLASS {Lnet/minecraft/world/level/levelgen/PhantomSpawner;} {} {V}
[26Dec2025 18:16:15.970] [main/DEBUG] [cpw.mods.modlauncher.TransformStore/MODLAUNCHER]: Adding transformer net.minecraftforge.coremod.transformer.CoreModClassTransformer@3178219a to Target : CLASS {Lnet/minecraft/world/entity/monster/ZombieVillager;} {} {V}
[26Dec2025 18:16:15.970] [main/DEBUG] [cpw.mods.modlauncher.TransformStore/MODLAUNCHER]: Adding transformer net.minecraftforge.coremod.transformer.CoreModClassTransformer@3178219a to Target : CLASS {Lnet/minecraft/world/entity/npc/CatSpawner;} {} {V}
[26Dec2025 18:16:15.970] [main/DEBUG] [cpw.mods.modlauncher.TransformStore/MODLAUNCHER]: Adding transformer net.minecraftforge.coremod.transformer.CoreModClassTransformer@3178219a to Target : CLASS {Lnet/minecraft/world/level/NaturalSpawner;} {} {V}
[26Dec2025 18:16:15.970] [main/DEBUG] [cpw.mods.modlauncher.TransformStore/MODLAUNCHER]: Adding transformer net.minecraftforge.coremod.transformer.CoreModClassTransformer@3178219a to Target : CLASS {Lnet/minecraft/world/entity/monster/Zombie;} {} {V}
[26Dec2025 18:16:15.970] [main/DEBUG] [cpw.mods.modlauncher.TransformStore/MODLAUNCHER]: Adding transformer net.minecraftforge.coremod.transformer.CoreModClassTransformer@3178219a to Target : CLASS {Lnet/minecraft/world/level/levelgen/PatrolSpawner;} {} {V}
[26Dec2025 18:16:15.971] [main/DEBUG] [cpw.mods.modlauncher.TransformStore/MODLAUNCHER]: Adding transformer net.minecraftforge.coremod.transformer.CoreModClassTransformer@3178219a to Target : CLASS {Lnet/minecraft/world/level/levelgen/structure/structures/OceanMonumentPieces$OceanMonumentPiece;} {} {V}
[26Dec2025 18:16:15.971] [main/DEBUG] [cpw.mods.modlauncher.TransformStore/MODLAUNCHER]: Adding transformer net.minecraftforge.coremod.transformer.CoreModClassTransformer@3178219a to Target : CLASS {Lnet/minecraft/server/commands/SummonCommand;} {} {V}
[26Dec2025 18:16:15.971] [main/DEBUG] [cpw.mods.modlauncher.TransformStore/MODLAUNCHER]: Adding transformer net.minecraftforge.coremod.transformer.CoreModClassTransformer@3178219a to Target : CLASS {Lnet/minecraft/world/entity/EntityType;} {} {V}
[26Dec2025 18:16:15.971] [main/DEBUG] [cpw.mods.modlauncher.TransformStore/MODLAUNCHER]: Adding transformer net.minecraftforge.coremod.transformer.CoreModClassTransformer@3178219a to Target : CLASS {Lnet/minecraft/world/level/levelgen/structure/templatesystem/StructureTemplate;} {} {V}
[26Dec2025 18:16:15.971] [main/DEBUG] [cpw.mods.modlauncher.TransformationServiceDecorator/MODLAUNCHER]: Initialized transformers for transformation service fml
[26Dec2025 18:16:16.931] [main/DEBUG] [mixin/]: Processing prepare() for PlatformAgent[MixinPlatformAgentDefault:ModLauncher Root Container(ModLauncher:4f56a0a2)]
[26Dec2025 18:16:16.931] [main/DEBUG] [mixin/]: Registering mixin config: ddtocreate6.mixins.json
[26Dec2025 18:16:16.977] [main/DEBUG] [mixin/]: Compatibility level JAVA_8 specified by ddtocreate6.mixins.json is lower than the default level supported by the current mixin service (JAVA_16).
[26Dec2025 18:16:16.982] [main/DEBUG] [mixin/]: Processing launch tasks for PlatformAgent[MixinPlatformAgentDefault:ModLauncher Root Container(ModLauncher:4f56a0a2)]
[26Dec2025 18:16:16.983] [main/DEBUG] [mixin/]: Adding mixin platform agents for container SecureJarResource(minecraft)
[26Dec2025 18:16:16.983] [main/DEBUG] [mixin/]: Instancing new MixinPlatformAgentMinecraftForge for SecureJarResource(minecraft)
[26Dec2025 18:16:16.983] [main/DEBUG] [mixin/]: MixinPlatformAgentMinecraftForge rejected container SecureJarResource(minecraft)
[26Dec2025 18:16:16.983] [main/DEBUG] [mixin/]: Instancing new MixinPlatformAgentDefault for SecureJarResource(minecraft)
[26Dec2025 18:16:16.983] [main/DEBUG] [mixin/]: MixinPlatformAgentDefault accepted container SecureJarResource(minecraft)
[26Dec2025 18:16:16.983] [main/DEBUG] [mixin/]: Processing prepare() for PlatformAgent[MixinPlatformAgentDefault:SecureJarResource(minecraft)]
[26Dec2025 18:16:16.983] [main/DEBUG] [mixin/]: Adding mixin platform agents for container SecureJarResource(mixinextras)
[26Dec2025 18:16:16.984] [main/DEBUG] [mixin/]: Instancing new MixinPlatformAgentMinecraftForge for SecureJarResource(mixinextras)
[26Dec2025 18:16:16.984] [main/DEBUG] [mixin/]: MixinPlatformAgentMinecraftForge rejected container SecureJarResource(mixinextras)
[26Dec2025 18:16:16.984] [main/DEBUG] [mixin/]: Instancing new MixinPlatformAgentDefault for SecureJarResource(mixinextras)
[26Dec2025 18:16:16.984] [main/DEBUG] [mixin/]: MixinPlatformAgentDefault accepted container SecureJarResource(mixinextras)
[26Dec2025 18:16:16.984] [main/DEBUG] [mixin/]: Processing prepare() for PlatformAgent[MixinPlatformAgentDefault:SecureJarResource(mixinextras)]
[26Dec2025 18:16:16.984] [main/DEBUG] [mixin/]: Registering mixin config: mixinextras.init.mixins.json
[26Dec2025 18:16:16.986] [main/DEBUG] [mixin/]: Adding mixin platform agents for container SecureJarResource(forge)
[26Dec2025 18:16:16.986] [main/DEBUG] [mixin/]: Instancing new MixinPlatformAgentMinecraftForge for SecureJarResource(forge)
[26Dec2025 18:16:16.986] [main/DEBUG] [mixin/]: MixinPlatformAgentMinecraftForge rejected container SecureJarResource(forge)
[26Dec2025 18:16:16.987] [main/DEBUG] [mixin/]: Instancing new MixinPlatformAgentDefault for SecureJarResource(forge)
[26Dec2025 18:16:16.987] [main/DEBUG] [mixin/]: MixinPlatformAgentDefault accepted container SecureJarResource(forge)
[26Dec2025 18:16:16.987] [main/DEBUG] [mixin/]: Processing prepare() for PlatformAgent[MixinPlatformAgentDefault:SecureJarResource(forge)]
[26Dec2025 18:16:16.987] [main/DEBUG] [mixin/]: Adding mixin platform agents for container SecureJarResource(flywheel)
[26Dec2025 18:16:16.987] [main/DEBUG] [mixin/]: Instancing new MixinPlatformAgentMinecraftForge for SecureJarResource(flywheel)
[26Dec2025 18:16:16.987] [main/DEBUG] [mixin/]: MixinPlatformAgentMinecraftForge rejected container SecureJarResource(flywheel)
[26Dec2025 18:16:16.987] [main/DEBUG] [mixin/]: Instancing new MixinPlatformAgentDefault for SecureJarResource(flywheel)
[26Dec2025 18:16:16.987] [main/DEBUG] [mixin/]: MixinPlatformAgentDefault accepted container SecureJarResource(flywheel)
[26Dec2025 18:16:16.987] [main/DEBUG] [mixin/]: Processing prepare() for PlatformAgent[MixinPlatformAgentDefault:SecureJarResource(flywheel)]
[26Dec2025 18:16:16.987] [main/DEBUG] [mixin/]: Registering mixin config: flywheel.backend.mixins.json
[26Dec2025 18:16:16.989] [main/DEBUG] [mixin/]: Compatibility level JAVA_17 specified by flywheel.backend.mixins.json is higher than the maximum level supported by this version of mixin (JAVA_13).
[26Dec2025 18:16:16.995] [main/INFO] [mixin/]: Compatibility level set to JAVA_17
[26Dec2025 18:16:16.995] [main/DEBUG] [mixin/]: Registering mixin config: flywheel.impl.mixins.json
[26Dec2025 18:16:16.998] [main/DEBUG] [mixin/]: Adding mixin platform agents for container SecureJarResource(create_dd)
[26Dec2025 18:16:16.998] [main/DEBUG] [mixin/]: Instancing new MixinPlatformAgentMinecraftForge for SecureJarResource(create_dd)
[26Dec2025 18:16:16.998] [main/DEBUG] [mixin/]: MixinPlatformAgentMinecraftForge rejected container SecureJarResource(create_dd)
[26Dec2025 18:16:16.998] [main/DEBUG] [mixin/]: Instancing new MixinPlatformAgentDefault for SecureJarResource(create_dd)
[26Dec2025 18:16:16.998] [main/DEBUG] [mixin/]: MixinPlatformAgentDefault accepted container SecureJarResource(create_dd)
[26Dec2025 18:16:16.998] [main/DEBUG] [mixin/]: Processing prepare() for PlatformAgent[MixinPlatformAgentDefault:SecureJarResource(create_dd)]
[26Dec2025 18:16:16.998] [main/DEBUG] [mixin/]: Adding mixin platform agents for container SecureJarResource(ddtocreate6)
[26Dec2025 18:16:16.998] [main/DEBUG] [mixin/]: Instancing new MixinPlatformAgentMinecraftForge for SecureJarResource(ddtocreate6)
[26Dec2025 18:16:16.998] [main/DEBUG] [mixin/]: MixinPlatformAgentMinecraftForge rejected container SecureJarResource(ddtocreate6)
[26Dec2025 18:16:16.998] [main/DEBUG] [mixin/]: Instancing new MixinPlatformAgentDefault for SecureJarResource(ddtocreate6)
[26Dec2025 18:16:16.998] [main/DEBUG] [mixin/]: MixinPlatformAgentDefault accepted container SecureJarResource(ddtocreate6)
[26Dec2025 18:16:16.998] [main/DEBUG] [mixin/]: Processing prepare() for PlatformAgent[MixinPlatformAgentDefault:SecureJarResource(ddtocreate6)]
[26Dec2025 18:16:16.998] [main/DEBUG] [mixin/]: Adding mixin platform agents for container SecureJarResource(ponder)
[26Dec2025 18:16:16.999] [main/DEBUG] [mixin/]: Instancing new MixinPlatformAgentMinecraftForge for SecureJarResource(ponder)
[26Dec2025 18:16:16.999] [main/DEBUG] [mixin/]: MixinPlatformAgentMinecraftForge rejected container SecureJarResource(ponder)
[26Dec2025 18:16:16.999] [main/DEBUG] [mixin/]: Instancing new MixinPlatformAgentDefault for SecureJarResource(ponder)
[26Dec2025 18:16:16.999] [main/DEBUG] [mixin/]: MixinPlatformAgentDefault accepted container SecureJarResource(ponder)
[26Dec2025 18:16:16.999] [main/DEBUG] [mixin/]: Processing prepare() for PlatformAgent[MixinPlatformAgentDefault:SecureJarResource(ponder)]
[26Dec2025 18:16:16.999] [main/DEBUG] [mixin/]: Registering mixin config: ponder.mixins.json
[26Dec2025 18:16:17.000] [main/DEBUG] [mixin/]: Registering mixin config: ponder-common.mixins.json
[26Dec2025 18:16:17.001] [main/DEBUG] [mixin/]: Adding mixin platform agents for container SecureJarResource(create)
[26Dec2025 18:16:17.001] [main/DEBUG] [mixin/]: Instancing new MixinPlatformAgentMinecraftForge for SecureJarResource(create)
[26Dec2025 18:16:17.001] [main/DEBUG] [mixin/]: MixinPlatformAgentMinecraftForge rejected container SecureJarResource(create)
[26Dec2025 18:16:17.001] [main/DEBUG] [mixin/]: Instancing new MixinPlatformAgentDefault for SecureJarResource(create)
[26Dec2025 18:16:17.001] [main/DEBUG] [mixin/]: MixinPlatformAgentDefault accepted container SecureJarResource(create)
[26Dec2025 18:16:17.001] [main/DEBUG] [mixin/]: Processing prepare() for PlatformAgent[MixinPlatformAgentDefault:SecureJarResource(create)]
[26Dec2025 18:16:17.002] [main/DEBUG] [mixin/]: Registering mixin config: create.mixins.json
[26Dec2025 18:16:17.003] [main/DEBUG] [mixin/]: Adding mixin platform agents for container SecureJarResource(jei)
[26Dec2025 18:16:17.003] [main/DEBUG] [mixin/]: Instancing new MixinPlatformAgentMinecraftForge for SecureJarResource(jei)
[26Dec2025 18:16:17.003] [main/DEBUG] [mixin/]: MixinPlatformAgentMinecraftForge rejected container SecureJarResource(jei)
[26Dec2025 18:16:17.003] [main/DEBUG] [mixin/]: Instancing new MixinPlatformAgentDefault for SecureJarResource(jei)
[26Dec2025 18:16:17.003] [main/DEBUG] [mixin/]: MixinPlatformAgentDefault accepted container SecureJarResource(jei)
[26Dec2025 18:16:17.003] [main/DEBUG] [mixin/]: Processing prepare() for PlatformAgent[MixinPlatformAgentDefault:SecureJarResource(jei)]
[26Dec2025 18:16:17.003] [main/DEBUG] [mixin/]: Adding mixin platform agents for container SecureJarResource(Registrate)
[26Dec2025 18:16:17.004] [main/DEBUG] [mixin/]: Instancing new MixinPlatformAgentMinecraftForge for SecureJarResource(Registrate)
[26Dec2025 18:16:17.004] [main/DEBUG] [mixin/]: MixinPlatformAgentMinecraftForge rejected container SecureJarResource(Registrate)
[26Dec2025 18:16:17.004] [main/DEBUG] [mixin/]: Instancing new MixinPlatformAgentDefault for SecureJarResource(Registrate)
[26Dec2025 18:16:17.004] [main/DEBUG] [mixin/]: MixinPlatformAgentDefault accepted container SecureJarResource(Registrate)
[26Dec2025 18:16:17.004] [main/DEBUG] [mixin/]: Processing prepare() for PlatformAgent[MixinPlatformAgentDefault:SecureJarResource(Registrate)]
[26Dec2025 18:16:17.004] [main/DEBUG] [mixin/]: Adding mixin platform agents for container SecureJarResource(MixinExtras.beta._5)
[26Dec2025 18:16:17.004] [main/DEBUG] [mixin/]: Instancing new MixinPlatformAgentMinecraftForge for SecureJarResource(MixinExtras.beta._5)
[26Dec2025 18:16:17.004] [main/DEBUG] [mixin/]: MixinPlatformAgentMinecraftForge rejected container SecureJarResource(MixinExtras.beta._5)
[26Dec2025 18:16:17.004] [main/DEBUG] [mixin/]: Instancing new MixinPlatformAgentDefault for SecureJarResource(MixinExtras.beta._5)
[26Dec2025 18:16:17.004] [main/DEBUG] [mixin/]: MixinPlatformAgentDefault accepted container SecureJarResource(MixinExtras.beta._5)
[26Dec2025 18:16:17.004] [main/DEBUG] [mixin/]: Processing prepare() for PlatformAgent[MixinPlatformAgentDefault:SecureJarResource(MixinExtras.beta._5)]
[26Dec2025 18:16:17.004] [main/DEBUG] [mixin/]: inject() running with 12 agents
[26Dec2025 18:16:17.004] [main/DEBUG] [mixin/]: Processing inject() for PlatformAgent[MixinPlatformAgentDefault:ModLauncher Root Container(ModLauncher:4f56a0a2)]
[26Dec2025 18:16:17.004] [main/DEBUG] [mixin/]: Processing inject() for PlatformAgent[MixinPlatformAgentDefault:SecureJarResource(minecraft)]
[26Dec2025 18:16:17.004] [main/DEBUG] [mixin/]: Processing inject() for PlatformAgent[MixinPlatformAgentDefault:SecureJarResource(mixinextras)]
[26Dec2025 18:16:17.004] [main/DEBUG] [mixin/]: Processing inject() for PlatformAgent[MixinPlatformAgentDefault:SecureJarResource(forge)]
[26Dec2025 18:16:17.005] [main/DEBUG] [mixin/]: Processing inject() for PlatformAgent[MixinPlatformAgentDefault:SecureJarResource(flywheel)]
[26Dec2025 18:16:17.005] [main/DEBUG] [mixin/]: Processing inject() for PlatformAgent[MixinPlatformAgentDefault:SecureJarResource(create_dd)]
[26Dec2025 18:16:17.005] [main/DEBUG] [mixin/]: Processing inject() for PlatformAgent[MixinPlatformAgentDefault:SecureJarResource(ddtocreate6)]
[26Dec2025 18:16:17.005] [main/DEBUG] [mixin/]: Processing inject() for PlatformAgent[MixinPlatformAgentDefault:SecureJarResource(ponder)]
[26Dec2025 18:16:17.005] [main/DEBUG] [mixin/]: Processing inject() for PlatformAgent[MixinPlatformAgentDefault:SecureJarResource(create)]
[26Dec2025 18:16:17.005] [main/DEBUG] [mixin/]: Processing inject() for PlatformAgent[MixinPlatformAgentDefault:SecureJarResource(jei)]
[26Dec2025 18:16:17.005] [main/DEBUG] [mixin/]: Processing inject() for PlatformAgent[MixinPlatformAgentDefault:SecureJarResource(Registrate)]
[26Dec2025 18:16:17.005] [main/DEBUG] [mixin/]: Processing inject() for PlatformAgent[MixinPlatformAgentDefault:SecureJarResource(MixinExtras.beta._5)]
[26Dec2025 18:16:17.006] [main/INFO] [cpw.mods.modlauncher.LaunchServiceHandler/MODLAUNCHER]: Launching target 'forgeclientuserdev' with arguments [--version, MOD_DEV, --gameDir, ., --assetsDir, C:\Users\gamma\.gradle\caches\forge_gradle\assets, --assetIndex, 5]
[26Dec2025 18:16:17.192] [main/DEBUG] [mixin/]: Error cleaning class output directory: .mixin.out
[26Dec2025 18:16:17.195] [main/DEBUG] [mixin/]: Preparing mixins for MixinEnvironment[DEFAULT]
[26Dec2025 18:16:17.196] [main/DEBUG] [mixin/]: Selecting config ddtocreate6.mixins.json
[26Dec2025 18:16:17.300] [main/WARN] [mixin/]: Reference map 'ddtocreate6.refmap.json' for ddtocreate6.mixins.json could not be read. If this is a development environment you can ignore this message
[26Dec2025 18:16:17.304] [main/DEBUG] [mixin/]: Selecting config mixinextras.init.mixins.json
[26Dec2025 18:16:17.440] [main/DEBUG] [MixinExtras|Service/]: com.llamalad7.mixinextras.service.MixinExtrasServiceImpl(version=0.5.0-beta.5) is taking over from null
[26Dec2025 18:16:17.557] [main/DEBUG] [mixin/]: Registering new injector for @Inject with org.spongepowered.asm.mixin.injection.struct.CallbackInjectionInfo
[26Dec2025 18:16:17.560] [main/DEBUG] [mixin/]: Registering new injector for @ModifyArg with org.spongepowered.asm.mixin.injection.struct.ModifyArgInjectionInfo
[26Dec2025 18:16:17.563] [main/DEBUG] [mixin/]: Registering new injector for @ModifyArgs with org.spongepowered.asm.mixin.injection.struct.ModifyArgsInjectionInfo
[26Dec2025 18:16:17.566] [main/DEBUG] [mixin/]: Registering new injector for @Redirect with org.spongepowered.asm.mixin.injection.struct.RedirectInjectionInfo
[26Dec2025 18:16:17.571] [main/DEBUG] [mixin/]: Registering new injector for @ModifyVariable with org.spongepowered.asm.mixin.injection.struct.ModifyVariableInjectionInfo
[26Dec2025 18:16:17.575] [main/DEBUG] [mixin/]: Registering new injector for @ModifyConstant with org.spongepowered.asm.mixin.injection.struct.ModifyConstantInjectionInfo
[26Dec2025 18:16:17.593] [main/DEBUG] [mixin/]: Selecting config flywheel.backend.mixins.json
[26Dec2025 18:16:17.956] [main/INFO] [mixin/]: Remapping refMap backend-flywheel.refmap.json using C:\Users\gamma\IdeaProjects\untitled10\build\createSrgToMcp\output.srg
[26Dec2025 18:16:17.957] [main/DEBUG] [mixin/]: Selecting config flywheel.impl.mixins.json
[26Dec2025 18:16:17.958] [main/INFO] [mixin/]: Remapping refMap flywheel.refmap.json using C:\Users\gamma\IdeaProjects\untitled10\build\createSrgToMcp\output.srg
[26Dec2025 18:16:17.959] [main/DEBUG] [mixin/]: Selecting config ponder.mixins.json
[26Dec2025 18:16:17.960] [main/INFO] [mixin/]: Remapping refMap ponder.refmap.json using C:\Users\gamma\IdeaProjects\untitled10\build\createSrgToMcp\output.srg
[26Dec2025 18:16:17.960] [main/DEBUG] [mixin/]: Selecting config ponder-common.mixins.json
[26Dec2025 18:16:17.961] [main/INFO] [mixin/]: Remapping refMap ponder.refmap.json using C:\Users\gamma\IdeaProjects\untitled10\build\createSrgToMcp\output.srg
[26Dec2025 18:16:17.961] [main/DEBUG] [mixin/]: Selecting config create.mixins.json
[26Dec2025 18:16:17.966] [main/INFO] [mixin/]: Remapping refMap create.refmap.json using C:\Users\gamma\IdeaProjects\untitled10\build\createSrgToMcp\output.srg
[26Dec2025 18:16:17.966] [main/DEBUG] [mixin/]: Preparing ddtocreate6.mixins.json (88)
[26Dec2025 18:16:18.104] [main/DEBUG] [mixin/]: @Mixin target uwu.lopyluna.create_dd.block.DDBlockShapes$Builder is public in ddtocreate6.mixins.json:DDBlockShapesFixerTester and should be specified in value
[26Dec2025 18:16:18.144] [main/DEBUG] [mixin/]: @Mixin target uwu/lopyluna/create_dd/block/BlockProperties/FanSailBlock is public in ddtocreate6.mixins.json:BlockFixers.PlacementFixerMultiTargetMixin and should be specified in value
[26Dec2025 18:16:18.144] [main/DEBUG] [mixin/]: @Mixin target uwu/lopyluna/create_dd/block/BlockProperties/copycat/BlockcopycatSlab is public in ddtocreate6.mixins.json:BlockFixers.PlacementFixerMultiTargetMixin and should be specified in value
[26Dec2025 18:16:18.155] [main/DEBUG] [mixin/]: @Mixin target uwu/lopyluna/create_dd/block/BlockProperties/industrial_fan/Processing/IndustrialTypeFanProcessing$BlastingType is public in ddtocreate6.mixins.json:BlockFixers.IndustrialFanStuff.IndustrialFanTypeProcessingInnerClassesFixer and should be specified in value
[26Dec2025 18:16:18.156] [main/DEBUG] [mixin/]: @Mixin target uwu/lopyluna/create_dd/block/BlockProperties/industrial_fan/Processing/IndustrialTypeFanProcessing$FreezingType is public in ddtocreate6.mixins.json:BlockFixers.IndustrialFanStuff.IndustrialFanTypeProcessingInnerClassesFixer and should be specified in value
[26Dec2025 18:16:18.157] [main/DEBUG] [mixin/]: @Mixin target uwu/lopyluna/create_dd/block/BlockProperties/industrial_fan/Processing/IndustrialTypeFanProcessing$HauntingType is public in ddtocreate6.mixins.json:BlockFixers.IndustrialFanStuff.IndustrialFanTypeProcessingInnerClassesFixer and should be specified in value
[26Dec2025 18:16:18.157] [main/DEBUG] [mixin/]: @Mixin target uwu/lopyluna/create_dd/block/BlockProperties/industrial_fan/Processing/IndustrialTypeFanProcessing$SmokingType is public in ddtocreate6.mixins.json:BlockFixers.IndustrialFanStuff.IndustrialFanTypeProcessingInnerClassesFixer and should be specified in value
[26Dec2025 18:16:18.158] [main/DEBUG] [mixin/]: @Mixin target uwu/lopyluna/create_dd/block/BlockProperties/industrial_fan/Processing/IndustrialTypeFanProcessing$SplashingType is public in ddtocreate6.mixins.json:BlockFixers.IndustrialFanStuff.IndustrialFanTypeProcessingInnerClassesFixer and should be specified in value
[26Dec2025 18:16:18.159] [main/DEBUG] [mixin/]: @Mixin target uwu/lopyluna/create_dd/block/BlockProperties/industrial_fan/Processing/IndustrialTypeFanProcessing$SuperheatingType is public in ddtocreate6.mixins.json:BlockFixers.IndustrialFanStuff.IndustrialFanTypeProcessingInnerClassesFixer and should be specified in value
[26Dec2025 18:16:18.214] [main/DEBUG] [mixin/]: Preparing mixinextras.init.mixins.json (0)
[26Dec2025 18:16:18.214] [main/DEBUG] [mixin/]: Preparing flywheel.backend.mixins.json (9)
[26Dec2025 18:16:18.301] [main/DEBUG] [mixin/]: Preparing flywheel.impl.mixins.json (15)
[26Dec2025 18:16:18.334] [main/DEBUG] [net.minecraftforge.coremod.transformer.CoreModBaseTransformer/COREMOD]: Transforming net/minecraft/world/entity/EntityType
[26Dec2025 18:16:18.660] [main/DEBUG] [mixin/]: Preparing ponder.mixins.json (1)
[26Dec2025 18:16:18.665] [main/DEBUG] [mixin/]: Preparing ponder-common.mixins.json (6)
[26Dec2025 18:16:18.700] [main/DEBUG] [mixin/]: Preparing create.mixins.json (57)
[26Dec2025 18:16:18.767] [main/DEBUG] [net.minecraftforge.coremod.transformer.CoreModBaseTransformer/COREMOD]: Transforming net/minecraft/world/effect/MobEffectInstance
[26Dec2025 18:16:18.825] [main/WARN] [mixin/]: Error loading class: xaero/map/gui/GuiMap (java.lang.ClassNotFoundException: xaero.map.gui.GuiMap)
[26Dec2025 18:16:18.825] [main/WARN] [mixin/]: @Mixin target xaero.map.gui.GuiMap was not found create.mixins.json:compat.xaeros.XaeroFullscreenMapAccessor
[26Dec2025 18:16:18.826] [main/WARN] [mixin/]: Error loading class: xaero/map/gui/GuiMap (java.lang.ClassNotFoundException: xaero.map.gui.GuiMap)
[26Dec2025 18:16:18.826] [main/WARN] [mixin/]: @Mixin target xaero.map.gui.GuiMap was not found create.mixins.json:compat.xaeros.XaeroFullscreenMapMixin
[26Dec2025 18:16:18.882] [main/DEBUG] [mixin/]: Prepared 173 mixins in 1.686 sec (9.7ms avg) (0ms load, 0ms transform, 0ms plugin)
[26Dec2025 18:16:18.922] [main/INFO] [MixinExtras|Service/]: Initializing MixinExtras via com.llamalad7.mixinextras.service.MixinExtrasServiceImpl(version=0.5.0-beta.5).
[26Dec2025 18:16:18.925] [main/DEBUG] [mixin/]: Registering new injector for @SugarWrapper with com.llamalad7.mixinextras.sugar.impl.SugarWrapperInjectionInfo
[26Dec2025 18:16:18.927] [main/DEBUG] [mixin/]: Registering new injector for @FactoryRedirectWrapper with com.llamalad7.mixinextras.wrapper.factory.FactoryRedirectWrapperInjectionInfo
[26Dec2025 18:16:18.929] [main/DEBUG] [mixin/]: Registering new injector for @ExpressionInjectorWrapper with com.llamalad7.mixinextras.expression.impl.wrapper.ExpressionInjectorWrapperInjectionInfo
[26Dec2025 18:16:18.991] [main/DEBUG] [mixin/]: Mixing MinecraftMixin from flywheel.impl.mixins.json into net.minecraft.client.Minecraft
[26Dec2025 18:16:19.019] [main/DEBUG] [mixin/]: Mixing client.WindowResizeMixin from ponder-common.mixins.json into net.minecraft.client.Minecraft
[26Dec2025 18:16:19.805] [main/DEBUG] [io.netty.util.internal.logging.InternalLoggerFactory/]: Using SLF4J as the default logging framework
[26Dec2025 18:16:19.809] [main/DEBUG] [io.netty.util.ResourceLeakDetector/]: -Dio.netty.leakDetection.level: simple
[26Dec2025 18:16:19.809] [main/DEBUG] [io.netty.util.ResourceLeakDetector/]: -Dio.netty.leakDetection.targetRecords: 4
[26Dec2025 18:16:19.933] [main/DEBUG] [mixin/]: Mixing accessor.SystemReportAccessor from create.mixins.json into net.minecraft.SystemReport
[26Dec2025 18:16:19.934] [main/DEBUG] [mixin/]: Renaming @Accessor method getOPERATING_SYSTEM()Ljava/lang/String; to getOPERATING_SYSTEM_$md$def746$0 in create.mixins.json:accessor.SystemReportAccessor
[26Dec2025 18:16:19.954] [main/DEBUG] [mixin/]: Renaming @Accessor method getJAVA_VERSION()Ljava/lang/String; to getJAVA_VERSION_$md$def746$1 in create.mixins.json:accessor.SystemReportAccessor
[26Dec2025 18:16:20.006] [main/DEBUG] [oshi.util.FileUtil/]: No oshi.properties file found from ClassLoader cpw.mods.modlauncher.TransformingClassLoader@44fdce3c
[26Dec2025 18:16:20.544] [main/DEBUG] [oshi.util.FileUtil/]: No oshi.architecture.properties file found from ClassLoader cpw.mods.modlauncher.TransformingClassLoader@44fdce3c
[26Dec2025 18:16:20.977] [pool-4-thread-1/DEBUG] [mixin/]: Mixing BuiltInRegistriesMixin from create.mixins.json into net.minecraft.core.registries.BuiltInRegistries
[26Dec2025 18:16:20.979] [pool-4-thread-1/DEBUG] [mixin/]: Renaming synthetic method lambda$create$ourRegistriesAreNotEmpty$0(Ljava/util/function/Consumer;Lnet/minecraft/core/Registry;)V to mddef746$lambda$create$ourRegistriesAreNotEmpty$0$0 in create.mixins.json:BuiltInRegistriesMixin
[26Dec2025 18:16:20.989] [pool-4-thread-1/DEBUG] [mixin/]: Mixing accessor.BuiltInRegistriesAccessor from create.mixins.json into net.minecraft.core.registries.BuiltInRegistries
[26Dec2025 18:16:20.989] [pool-4-thread-1/DEBUG] [mixin/]: Renaming @Accessor method create$getWRITABLE_REGISTRY()Lnet/minecraft/core/WritableRegistry; to create$getWRITABLE_REGISTRY_$md$def746$1 in create.mixins.json:accessor.BuiltInRegistriesAccessor
[26Dec2025 18:16:21.109] [pool-4-thread-1/DEBUG] [mixin/]: Mixing BlockMixin from create.mixins.json into net.minecraft.world.level.block.Block
[26Dec2025 18:16:21.167] [pool-4-thread-1/DEBUG] [mixin/]: Mixing accessor.StateHolderAccessor from create.mixins.json into net.minecraft.world.level.block.state.StateHolder
[26Dec2025 18:16:21.195] [pool-4-thread-1/DEBUG] [mixin/]: Mixing accessor.EntityAccessor from ponder-common.mixins.json into net.minecraft.world.entity.Entity
[26Dec2025 18:16:21.201] [pool-4-thread-1/DEBUG] [mixin/]: Mixing client.EntityContraptionInteractionMixin from create.mixins.json into net.minecraft.world.entity.Entity
[26Dec2025 18:16:21.202] [pool-4-thread-1/DEBUG] [mixin/]: Renaming synthetic method lambda$create$onSpawnSprintParticle$4(Lnet/minecraft/world/entity/Entity;Lnet/minecraft/core/BlockPos;Lcom/simibubi/create/content/contraptions/Contraption;Lnet/minecraft/world/level/block/state/BlockState;Lnet/minecraft/core/BlockPos;)V to mddef746$lambda$create$onSpawnSprintParticle$4$0 in create.mixins.json:client.EntityContraptionInteractionMixin
[26Dec2025 18:16:21.203] [pool-4-thread-1/DEBUG] [mixin/]: Renaming synthetic method lambda$create$onMove$3(Lnet/minecraft/world/phys/Vec3;Lnet/minecraft/world/entity/Entity;Lcom/simibubi/create/content/contraptions/AbstractContraptionEntity;)Z to mddef746$lambda$create$onMove$3$1 in create.mixins.json:client.EntityContraptionInteractionMixin
[26Dec2025 18:16:21.203] [pool-4-thread-1/DEBUG] [mixin/]: Renaming synthetic method lambda$create$contraptionStepSounds$2(Lorg/apache/commons/lang3/mutable/MutableBoolean;Lcom/simibubi/create/content/contraptions/Contraption;Lnet/minecraft/world/level/block/state/BlockState;Lnet/minecraft/core/BlockPos;)V to mddef746$lambda$create$contraptionStepSounds$2$2 in create.mixins.json:client.EntityContraptionInteractionMixin
[26Dec2025 18:16:21.203] [pool-4-thread-1/DEBUG] [mixin/]: Renaming synthetic method lambda$create$forCollision$1(Lnet/minecraft/world/phys/Vec3;Lorg/apache/logging/log4j/util/TriConsumer;Lcom/simibubi/create/content/contraptions/AbstractContraptionEntity;)V to mddef746$lambda$create$forCollision$1$3 in create.mixins.json:client.EntityContraptionInteractionMixin
[26Dec2025 18:16:21.203] [pool-4-thread-1/DEBUG] [mixin/]: Renaming synthetic method lambda$create$getIntersectionContraptionsStream$0(Lcom/simibubi/create/content/contraptions/AbstractContraptionEntity;)Z to mddef746$lambda$create$getIntersectionContraptionsStream$0$4 in create.mixins.json:client.EntityContraptionInteractionMixin
[26Dec2025 18:16:21.245] [pool-4-thread-1/DEBUG] [mixin/]: Mixing EntityMixin from create.mixins.json into net.minecraft.world.entity.Entity
[26Dec2025 18:16:21.348] [pool-4-thread-1/DEBUG] [mixin/]: Mixing CustomItemUseEffectsMixin from create.mixins.json into net.minecraft.world.entity.LivingEntity
[26Dec2025 18:16:21.350] [pool-4-thread-1/DEBUG] [net.minecraftforge.coremod.transformer.CoreModBaseTransformer/COREMOD]: Transforming net/minecraft/world/item/ItemStack
[26Dec2025 18:16:21.362] [pool-4-thread-1/DEBUG] [mixin/]: Mixing LavaSwimmingMixin from create.mixins.json into net.minecraft.world.entity.LivingEntity
[26Dec2025 18:16:21.369] [pool-4-thread-1/DEBUG] [mixin/]: Mixing accessor.LivingEntityAccessor from create.mixins.json into net.minecraft.world.entity.LivingEntity
[26Dec2025 18:16:21.452] [pool-4-thread-1/DEBUG] [mixin/]: Mixing LevelMixin from flywheel.impl.mixins.json into net.minecraft.world.level.Level
[26Dec2025 18:16:21.469] [pool-4-thread-1/DEBUG] [mixin/]: Mixing accessor.ServerLevelAccessor from create.mixins.json into net.minecraft.server.level.ServerLevel
[26Dec2025 18:16:21.492] [pool-4-thread-1/DEBUG] [mixin/]: Mixing PlayerMixin from create.mixins.json into net.minecraft.world.entity.player.Player
[26Dec2025 18:16:21.584] [pool-4-thread-1/DEBUG] [net.minecraftforge.coremod.transformer.CoreModBaseTransformer/COREMOD]: Transforming net/minecraft/world/entity/EntityType
[26Dec2025 18:16:22.067] [pool-4-thread-1/DEBUG] [mixin/]: Mixing EntityTypeMixin from flywheel.impl.mixins.json into net.minecraft.world.entity.EntityType
[26Dec2025 18:16:22.095] [pool-4-thread-1/DEBUG] [mixin/]: Mixing BlockEntityTypeMixin from flywheel.impl.mixins.json into net.minecraft.world.level.block.entity.BlockEntityType
[26Dec2025 18:16:22.187] [pool-4-thread-1/DEBUG] [mixin/]: Mixing REGISTRATE_SHUT_UPMixin from ddtocreate6.mixins.json into com.tterrag.registrate.AbstractRegistrate
[26Dec2025 18:16:22.187] [pool-4-thread-1/DEBUG] [mixin/]: ddtocreate6.mixins.json:REGISTRATE_SHUT_UPMixin: Class version 61 required is higher than the class version supported by the current version of Mixin (JAVA_8 supports class version 52)
[26Dec2025 18:16:22.217] [pool-4-thread-1/DEBUG] [mixin/]: Mixing AddInstanceToCreateBlockEntityBuilder from ddtocreate6.mixins.json into com.simibubi.create.foundation.data.CreateBlockEntityBuilder
[26Dec2025 18:16:22.218] [pool-4-thread-1/DEBUG] [mixin/]: ddtocreate6.mixins.json:AddInstanceToCreateBlockEntityBuilder: Class version 61 required is higher than the class version supported by the current version of Mixin (JAVA_8 supports class version 52)
[26Dec2025 18:16:22.220] [pool-4-thread-1/DEBUG] [mixin/]: Renaming synthetic method lambda$instance$14()Ldev/engine_room/flywheel/lib/visualization/SimpleBlockEntityVisualizer$Factory; to mddef746$lambda$instance$14$0 in ddtocreate6.mixins.json:AddInstanceToCreateBlockEntityBuilder
[26Dec2025 18:16:22.220] [pool-4-thread-1/DEBUG] [mixin/]: Renaming synthetic method lambda$instance$13()Ldev/engine_room/flywheel/lib/visualization/SimpleBlockEntityVisualizer$Factory; to mddef746$lambda$instance$13$1 in ddtocreate6.mixins.json:AddInstanceToCreateBlockEntityBuilder
[26Dec2025 18:16:22.220] [pool-4-thread-1/DEBUG] [mixin/]: Renaming synthetic method lambda$instance$12()Ldev/engine_room/flywheel/lib/visualization/SimpleBlockEntityVisualizer$Factory; to mddef746$lambda$instance$12$2 in ddtocreate6.mixins.json:AddInstanceToCreateBlockEntityBuilder
[26Dec2025 18:16:22.220] [pool-4-thread-1/DEBUG] [mixin/]: Renaming synthetic method lambda$instance$11()Ldev/engine_room/flywheel/lib/visualization/SimpleBlockEntityVisualizer$Factory; to mddef746$lambda$instance$11$3 in ddtocreate6.mixins.json:AddInstanceToCreateBlockEntityBuilder
[26Dec2025 18:16:22.220] [pool-4-thread-1/DEBUG] [mixin/]: Renaming synthetic method lambda$instance$10()Ldev/engine_room/flywheel/lib/visualization/SimpleBlockEntityVisualizer$Factory; to mddef746$lambda$instance$10$4 in ddtocreate6.mixins.json:AddInstanceToCreateBlockEntityBuilder
[26Dec2025 18:16:22.220] [pool-4-thread-1/DEBUG] [mixin/]: Renaming synthetic method lambda$instance$9()Ldev/engine_room/flywheel/lib/visualization/SimpleBlockEntityVisualizer$Factory; to mddef746$lambda$instance$9$5 in ddtocreate6.mixins.json:AddInstanceToCreateBlockEntityBuilder
[26Dec2025 18:16:22.220] [pool-4-thread-1/DEBUG] [mixin/]: Renaming synthetic method lambda$instance$8()Ldev/engine_room/flywheel/lib/visualization/SimpleBlockEntityVisualizer$Factory; to mddef746$lambda$instance$8$6 in ddtocreate6.mixins.json:AddInstanceToCreateBlockEntityBuilder
[26Dec2025 18:16:22.221] [pool-4-thread-1/DEBUG] [mixin/]: Renaming synthetic method lambda$instance$7()Ldev/engine_room/flywheel/lib/visualization/SimpleBlockEntityVisualizer$Factory; to mddef746$lambda$instance$7$7 in ddtocreate6.mixins.json:AddInstanceToCreateBlockEntityBuilder
[26Dec2025 18:16:22.221] [pool-4-thread-1/DEBUG] [mixin/]: Renaming synthetic method lambda$instance$6()Ldev/engine_room/flywheel/lib/visualization/SimpleBlockEntityVisualizer$Factory; to mddef746$lambda$instance$6$8 in ddtocreate6.mixins.json:AddInstanceToCreateBlockEntityBuilder
[26Dec2025 18:16:22.221] [pool-4-thread-1/DEBUG] [mixin/]: Renaming synthetic method lambda$instance$5()Ldev/engine_room/flywheel/lib/visualization/SimpleBlockEntityVisualizer$Factory; to mddef746$lambda$instance$5$9 in ddtocreate6.mixins.json:AddInstanceToCreateBlockEntityBuilder
[26Dec2025 18:16:22.221] [pool-4-thread-1/DEBUG] [mixin/]: Renaming synthetic method lambda$instance$4()Ldev/engine_room/flywheel/lib/visualization/SimpleBlockEntityVisualizer$Factory; to mddef746$lambda$instance$4$a in ddtocreate6.mixins.json:AddInstanceToCreateBlockEntityBuilder
[26Dec2025 18:16:22.221] [pool-4-thread-1/DEBUG] [mixin/]: Renaming synthetic method lambda$instance$3()Ldev/engine_room/flywheel/lib/visualization/SimpleBlockEntityVisualizer$Factory; to mddef746$lambda$instance$3$b in ddtocreate6.mixins.json:AddInstanceToCreateBlockEntityBuilder
[26Dec2025 18:16:22.221] [pool-4-thread-1/DEBUG] [mixin/]: Renaming synthetic method lambda$instance$2()Ldev/engine_room/flywheel/lib/visualization/SimpleBlockEntityVisualizer$Factory; to mddef746$lambda$instance$2$c in ddtocreate6.mixins.json:AddInstanceToCreateBlockEntityBuilder
[26Dec2025 18:16:22.221] [pool-4-thread-1/DEBUG] [mixin/]: Renaming synthetic method lambda$instance$1()Ldev/engine_room/flywheel/lib/visualization/SimpleBlockEntityVisualizer$Factory; to mddef746$lambda$instance$1$d in ddtocreate6.mixins.json:AddInstanceToCreateBlockEntityBuilder
[26Dec2025 18:16:22.221] [pool-4-thread-1/DEBUG] [mixin/]: Renaming synthetic method lambda$instance$0()Ldev/engine_room/flywheel/lib/visualization/SimpleBlockEntityVisualizer$Factory; to mddef746$lambda$instance$0$e in ddtocreate6.mixins.json:AddInstanceToCreateBlockEntityBuilder
[26Dec2025 18:16:22.602] [pool-4-thread-1/DEBUG] [net.minecraftforge.coremod.transformer.CoreModBaseTransformer/COREMOD]: Transforming net/minecraft/world/level/block/LiquidBlock
[26Dec2025 18:16:22.620] [pool-4-thread-1/DEBUG] [mixin/]: Mixing accessor.DispenserBlockAccessor from create.mixins.json into net.minecraft.world.level.block.DispenserBlock
[26Dec2025 18:16:22.654] [pool-4-thread-1/DEBUG] [net.minecraftforge.coremod.transformer.CoreModBaseTransformer/COREMOD]: Transforming net/minecraft/world/level/block/StairBlock
[26Dec2025 18:16:22.664] [pool-4-thread-1/DEBUG] [mixin/]: Mixing accessor.CropBlockAccessor from create.mixins.json into net.minecraft.world.level.block.CropBlock
[26Dec2025 18:16:22.720] [pool-4-thread-1/DEBUG] [net.minecraftforge.coremod.transformer.CoreModBaseTransformer/COREMOD]: Transforming net/minecraft/world/level/block/FlowerPotBlock
[26Dec2025 18:16:22.750] [pool-4-thread-1/DEBUG] [mixin/]: Mixing ShulkerBoxBlockMixin from create.mixins.json into net.minecraft.world.level.block.ShulkerBoxBlock
[26Dec2025 18:16:22.766] [pool-4-thread-1/DEBUG] [mixin/]: Mixing accessor.ConcretePowderBlockAccessor from create.mixins.json into net.minecraft.world.level.block.ConcretePowderBlock
[26Dec2025 18:16:22.801] [pool-4-thread-1/DEBUG] [mixin/]: Mixing BeehiveBlockMixin from create.mixins.json into net.minecraft.world.level.block.BeehiveBlock
[26Dec2025 18:16:22.892] [pool-4-thread-1/DEBUG] [mixin/]: Mixing WaterWheelFluidSpreadMixin from create.mixins.json into net.minecraft.world.level.material.FlowingFluid
[26Dec2025 18:16:22.900] [pool-4-thread-1/DEBUG] [mixin/]: Mixing accessor.FlowingFluidAccessor from create.mixins.json into net.minecraft.world.level.material.FlowingFluid
[26Dec2025 18:16:23.040] [pool-4-thread-1/DEBUG] [mixin/]: Mixing accessor.FallingBlockEntityAccessor from create.mixins.json into net.minecraft.world.entity.item.FallingBlockEntity
[26Dec2025 18:16:23.041] [pool-4-thread-1/DEBUG] [mixin/]: Renaming @Invoker method create$callInit(Lnet/minecraft/world/level/Level;DDDLnet/minecraft/world/level/block/state/BlockState;)Lnet/minecraft/world/entity/item/FallingBlockEntity; to create$callInit_$md$def746$0 in create.mixins.json:accessor.FallingBlockEntityAccessor
[26Dec2025 18:16:23.048] [pool-4-thread-1/DEBUG] [mixin/]: Mixing visualmanage.BlockEntityMixin from flywheel.impl.mixins.json into net.minecraft.world.level.block.entity.BlockEntity
[26Dec2025 18:16:23.682] [pool-4-thread-1/DEBUG] [net.minecraftforge.coremod.transformer.CoreModBaseTransformer/COREMOD]: Transforming net/minecraft/world/item/ItemStack
[26Dec2025 18:16:24.072] [pool-4-thread-1/DEBUG] [mixin/]: Mixing SmithingMenuMixin from create.mixins.json into net.minecraft.world.inventory.SmithingMenu
[26Dec2025 18:16:24.074] [pool-4-thread-1/DEBUG] [mixin/]: Renaming synthetic method lambda$create$preventUnbreakingOnBacktanks$0(Lnet/minecraft/world/item/ItemStack;Ljava/util/Map;Lnet/minecraft/world/item/enchantment/Enchantment;Ljava/lang/Integer;)V to mddef746$lambda$create$preventUnbreakingOnBacktanks$0$0 in create.mixins.json:SmithingMenuMixin
[26Dec2025 18:16:24.366] [pool-4-thread-1/DEBUG] [net.minecraftforge.coremod.transformer.CoreModBaseTransformer/COREMOD]: Transforming net/minecraft/world/entity/animal/frog/Tadpole
[26Dec2025 18:16:24.394] [pool-4-thread-1/DEBUG] [mixin/]: Mixing BlockItemMixin from create.mixins.json into net.minecraft.world.item.BlockItem
[26Dec2025 18:16:24.425] [pool-4-thread-1/DEBUG] [net.minecraftforge.coremod.transformer.CoreModBaseTransformer/COREMOD]: Transforming net/minecraft/world/item/BucketItem
[26Dec2025 18:16:24.478] [pool-4-thread-1/DEBUG] [mixin/]: Mixing accessor.SuspiciousStewItemAccessor from create.mixins.json into net.minecraft.world.item.SuspiciousStewItem
[26Dec2025 18:16:24.478] [pool-4-thread-1/DEBUG] [mixin/]: Renaming @Invoker method create$listPotionEffects(Lnet/minecraft/world/item/ItemStack;Ljava/util/function/Consumer;)V to create$listPotionEffects_$md$def746$0 in create.mixins.json:accessor.SuspiciousStewItemAccessor
[26Dec2025 18:16:25.757] [pool-4-thread-1/DEBUG] [net.minecraftforge.coremod.transformer.CoreModBaseTransformer/COREMOD]: Transforming net/minecraft/world/entity/monster/Spider
[26Dec2025 18:16:25.865] [Datafixer Bootstrap/INFO] [com.mojang.datafixers.DataFixerBuilder/]: 188 Datafixer optimizations took 213 milliseconds
[26Dec2025 18:16:25.888] [pool-4-thread-1/DEBUG] [net.minecraftforge.coremod.transformer.CoreModBaseTransformer/COREMOD]: Transforming net/minecraft/world/entity/monster/Zombie
[26Dec2025 18:16:25.919] [pool-4-thread-1/DEBUG] [net.minecraftforge.coremod.transformer.CoreModBaseTransformer/COREMOD]: Transforming net/minecraft/world/entity/monster/ZombieVillager
[26Dec2025 18:16:26.028] [pool-4-thread-1/DEBUG] [net.minecraftforge.coremod.transformer.CoreModBaseTransformer/COREMOD]: Transforming net/minecraft/world/entity/monster/Evoker$EvokerSummonSpellGoal
[26Dec2025 18:16:26.061] [pool-4-thread-1/DEBUG] [mixin/]: Mixing accessor.UseOnContextAccessor from create.mixins.json into net.minecraft.world.item.context.UseOnContext
[26Dec2025 18:16:26.128] [pool-4-thread-1/DEBUG] [mixin/]: Mixing accessor.ItemFrameAccessor from create.mixins.json into net.minecraft.world.entity.decoration.ItemFrame
[26Dec2025 18:16:26.287] [pool-4-thread-1/DEBUG] [net.minecraftforge.coremod.transformer.CoreModBaseTransformer/COREMOD]: Transforming net/minecraft/world/entity/animal/horse/SkeletonTrapGoal
[26Dec2025 18:16:26.318] [pool-4-thread-1/DEBUG] [net.minecraftforge.coremod.transformer.CoreModBaseTransformer/COREMOD]: Transforming net/minecraft/world/entity/monster/Strider
[26Dec2025 18:16:26.400] [pool-4-thread-1/DEBUG] [mixin/]: Mixing visualmanage.LevelChunkMixin from flywheel.impl.mixins.json into net.minecraft.world.level.chunk.LevelChunk
[26Dec2025 18:16:26.438] [pool-4-thread-1/DEBUG] [net.minecraftforge.coremod.transformer.CoreModBaseTransformer/COREMOD]: Transforming net/minecraft/world/entity/npc/Villager
[26Dec2025 18:16:26.566] [pool-4-thread-1/DEBUG] [net.minecraftforge.coremod.transformer.CoreModBaseTransformer/COREMOD]: Transforming net/minecraft/world/effect/MobEffectInstance
[26Dec2025 18:16:26.567] [pool-4-thread-1/DEBUG] [mixin/]: Mixing accessor.MobEffectInstanceAccessor from create.mixins.json into net.minecraft.world.effect.MobEffectInstance
[26Dec2025 18:16:26.698] [pool-4-thread-1/DEBUG] [mixin/]: Mixing accessor.AbstractProjectileDispenseBehaviorAccessor from create.mixins.json into net.minecraft.core.dispenser.AbstractProjectileDispenseBehavior
[26Dec2025 18:16:26.991] [pool-4-thread-1/DEBUG] [mixin/]: Mixing LootingEnchantFunctionMixin from create.mixins.json into net.minecraft.world.level.storage.loot.functions.LootingEnchantFunction
[26Dec2025 18:16:27.355] [pool-4-thread-1/DEBUG] [net.minecraftforge.coremod.transformer.CoreModBaseTransformer/COREMOD]: Transforming net/minecraft/world/level/levelgen/structure/Structure
[26Dec2025 18:16:27.510] [pool-4-thread-1/DEBUG] [net.minecraftforge.coremod.transformer.CoreModBaseTransformer/COREMOD]: Transforming net/minecraft/world/level/levelgen/structure/structures/OceanRuinPieces$OceanRuinPiece
[26Dec2025 18:16:27.552] [pool-4-thread-1/DEBUG] [net.minecraftforge.coremod.transformer.CoreModBaseTransformer/COREMOD]: Transforming net/minecraft/world/level/levelgen/structure/structures/SwampHutPiece
[26Dec2025 18:16:27.569] [pool-4-thread-1/DEBUG] [net.minecraftforge.coremod.transformer.CoreModBaseTransformer/COREMOD]: Transforming net/minecraft/world/level/levelgen/structure/structures/OceanMonumentPieces$OceanMonumentPiece
[26Dec2025 18:16:27.604] [pool-4-thread-1/DEBUG] [net.minecraftforge.coremod.transformer.CoreModBaseTransformer/COREMOD]: Transforming net/minecraft/world/level/levelgen/structure/structures/WoodlandMansionPieces$WoodlandMansionPiece
[26Dec2025 18:16:27.905] [pool-4-thread-1/DEBUG] [net.minecraftforge.coremod.transformer.CoreModBaseTransformer/COREMOD]: Transforming net/minecraft/world/level/biome/Biome
[26Dec2025 18:16:28.419] [pool-4-thread-1/DEBUG] [net.minecraftforge.registries.GameData/REGISTRIES]: Creating vanilla freeze snapshot
[26Dec2025 18:16:28.430] [pool-4-thread-1/DEBUG] [net.minecraftforge.registries.ForgeRegistry/REGISTRIES]: Registry minecraft:block Sync: VANILLA -> ACTIVE
[26Dec2025 18:16:28.448] [pool-4-thread-1/DEBUG] [net.minecraftforge.registries.ForgeRegistry/REGISTRIES]: Registry minecraft:fluid Sync: VANILLA -> ACTIVE
[26Dec2025 18:16:28.448] [pool-4-thread-1/DEBUG] [net.minecraftforge.registries.ForgeRegistry/REGISTRIES]: Registry minecraft:item Sync: VANILLA -> ACTIVE
[26Dec2025 18:16:28.460] [pool-4-thread-1/DEBUG] [net.minecraftforge.registries.ForgeRegistry/REGISTRIES]: Registry minecraft:mob_effect Sync: VANILLA -> ACTIVE
[26Dec2025 18:16:28.461] [pool-4-thread-1/DEBUG] [net.minecraftforge.registries.ForgeRegistry/REGISTRIES]: Registry minecraft:sound_event Sync: VANILLA -> ACTIVE
[26Dec2025 18:16:28.471] [pool-4-thread-1/DEBUG] [net.minecraftforge.registries.ForgeRegistry/REGISTRIES]: Registry minecraft:potion Sync: VANILLA -> ACTIVE
[26Dec2025 18:16:28.472] [pool-4-thread-1/DEBUG] [net.minecraftforge.registries.ForgeRegistry/REGISTRIES]: Registry minecraft:enchantment Sync: VANILLA -> ACTIVE
[26Dec2025 18:16:28.473] [pool-4-thread-1/DEBUG] [net.minecraftforge.registries.ForgeRegistry/REGISTRIES]: Registry minecraft:entity_type Sync: VANILLA -> ACTIVE
[26Dec2025 18:16:28.475] [pool-4-thread-1/DEBUG] [net.minecraftforge.registries.ForgeRegistry/REGISTRIES]: Registry minecraft:block_entity_type Sync: VANILLA -> ACTIVE
[26Dec2025 18:16:28.475] [pool-4-thread-1/DEBUG] [net.minecraftforge.registries.ForgeRegistry/REGISTRIES]: Registry minecraft:particle_type Sync: VANILLA -> ACTIVE
[26Dec2025 18:16:28.477] [pool-4-thread-1/DEBUG] [net.minecraftforge.registries.ForgeRegistry/REGISTRIES]: Registry minecraft:menu Sync: VANILLA -> ACTIVE
[26Dec2025 18:16:28.477] [pool-4-thread-1/DEBUG] [net.minecraftforge.registries.ForgeRegistry/REGISTRIES]: Registry minecraft:painting_variant Sync: VANILLA -> ACTIVE
[26Dec2025 18:16:28.478] [pool-4-thread-1/DEBUG] [net.minecraftforge.registries.ForgeRegistry/REGISTRIES]: Registry minecraft:recipe_type Sync: VANILLA -> ACTIVE
[26Dec2025 18:16:28.478] [pool-4-thread-1/DEBUG] [net.minecraftforge.registries.ForgeRegistry/REGISTRIES]: Registry minecraft:recipe_serializer Sync: VANILLA -> ACTIVE
[26Dec2025 18:16:28.478] [pool-4-thread-1/DEBUG] [net.minecraftforge.registries.ForgeRegistry/REGISTRIES]: Registry minecraft:attribute Sync: VANILLA -> ACTIVE
[26Dec2025 18:16:28.478] [pool-4-thread-1/DEBUG] [net.minecraftforge.registries.ForgeRegistry/REGISTRIES]: Registry minecraft:stat_type Sync: VANILLA -> ACTIVE
[26Dec2025 18:16:28.478] [pool-4-thread-1/DEBUG] [net.minecraftforge.registries.ForgeRegistry/REGISTRIES]: Registry minecraft:command_argument_type Sync: VANILLA -> ACTIVE
[26Dec2025 18:16:28.479] [pool-4-thread-1/DEBUG] [net.minecraftforge.registries.ForgeRegistry/REGISTRIES]: Registry minecraft:villager_profession Sync: VANILLA -> ACTIVE
[26Dec2025 18:16:28.479] [pool-4-thread-1/DEBUG] [net.minecraftforge.registries.ForgeRegistry/REGISTRIES]: Registry minecraft:point_of_interest_type Sync: VANILLA -> ACTIVE
[26Dec2025 18:16:28.482] [pool-4-thread-1/DEBUG] [net.minecraftforge.registries.ForgeRegistry/REGISTRIES]: Registry minecraft:memory_module_type Sync: VANILLA -> ACTIVE
[26Dec2025 18:16:28.484] [pool-4-thread-1/DEBUG] [net.minecraftforge.registries.ForgeRegistry/REGISTRIES]: Registry minecraft:sensor_type Sync: VANILLA -> ACTIVE
[26Dec2025 18:16:28.484] [pool-4-thread-1/DEBUG] [net.minecraftforge.registries.ForgeRegistry/REGISTRIES]: Registry minecraft:schedule Sync: VANILLA -> ACTIVE
[26Dec2025 18:16:28.484] [pool-4-thread-1/DEBUG] [net.minecraftforge.registries.ForgeRegistry/REGISTRIES]: Registry minecraft:activity Sync: VANILLA -> ACTIVE
[26Dec2025 18:16:28.484] [pool-4-thread-1/DEBUG] [net.minecraftforge.registries.ForgeRegistry/REGISTRIES]: Registry minecraft:worldgen/carver Sync: VANILLA -> ACTIVE
[26Dec2025 18:16:28.485] [pool-4-thread-1/DEBUG] [net.minecraftforge.registries.ForgeRegistry/REGISTRIES]: Registry minecraft:worldgen/feature Sync: VANILLA -> ACTIVE
[26Dec2025 18:16:28.485] [pool-4-thread-1/DEBUG] [net.minecraftforge.registries.ForgeRegistry/REGISTRIES]: Registry minecraft:chunk_status Sync: VANILLA -> ACTIVE
[26Dec2025 18:16:28.485] [pool-4-thread-1/DEBUG] [net.minecraftforge.registries.ForgeRegistry/REGISTRIES]: Registry minecraft:worldgen/block_state_provider_type Sync: VANILLA -> ACTIVE
[26Dec2025 18:16:28.486] [pool-4-thread-1/DEBUG] [net.minecraftforge.registries.ForgeRegistry/REGISTRIES]: Registry minecraft:worldgen/foliage_placer_type Sync: VANILLA -> ACTIVE
[26Dec2025 18:16:28.486] [pool-4-thread-1/DEBUG] [net.minecraftforge.registries.ForgeRegistry/REGISTRIES]: Registry minecraft:worldgen/tree_decorator_type Sync: VANILLA -> ACTIVE
[26Dec2025 18:16:28.486] [pool-4-thread-1/DEBUG] [net.minecraftforge.registries.ForgeRegistry/REGISTRIES]: Registry minecraft:worldgen/biome Sync: VANILLA -> ACTIVE
[26Dec2025 18:16:28.497] [pool-4-thread-1/DEBUG] [net.minecraftforge.registries.GameData/REGISTRIES]: Vanilla freeze snapshot created
[26Dec2025 18:16:28.582] [pool-4-thread-1/DEBUG] [io.netty.util.internal.PlatformDependent0/]: -Dio.netty.noUnsafe: false
[26Dec2025 18:16:28.584] [pool-4-thread-1/DEBUG] [io.netty.util.internal.PlatformDependent0/]: Java version: 17
[26Dec2025 18:16:28.591] [pool-4-thread-1/DEBUG] [io.netty.util.internal.PlatformDependent0/]: sun.misc.Unsafe.theUnsafe: available
[26Dec2025 18:16:28.595] [pool-4-thread-1/DEBUG] [io.netty.util.internal.PlatformDependent0/]: sun.misc.Unsafe.copyMemory: available
[26Dec2025 18:16:28.598] [pool-4-thread-1/DEBUG] [io.netty.util.internal.PlatformDependent0/]: sun.misc.Unsafe.storeFence: available
[26Dec2025 18:16:28.601] [pool-4-thread-1/DEBUG] [io.netty.util.internal.PlatformDependent0/]: java.nio.Buffer.address: available
[26Dec2025 18:16:28.607] [pool-4-thread-1/DEBUG] [io.netty.util.internal.PlatformDependent0/]: direct buffer constructor: unavailable
java.lang.UnsupportedOperationException: Reflective setAccessible(true) disabled
	at io.netty.util.internal.ReflectionUtil.trySetAccessible(ReflectionUtil.java:31) ~[netty-common-4.1.82.Final.jar%23151!/:4.1.82.Final]
	at io.netty.util.internal.PlatformDependent0$5.run(PlatformDependent0.java:288) ~[netty-common-4.1.82.Final.jar%23151!/:4.1.82.Final]
	at java.security.AccessController.doPrivileged(AccessController.java:318) ~[?:?]
	at io.netty.util.internal.PlatformDependent0.<clinit>(PlatformDependent0.java:282) ~[netty-common-4.1.82.Final.jar%23151!/:4.1.82.Final]
	at io.netty.util.internal.PlatformDependent.isAndroid(PlatformDependent.java:333) ~[netty-common-4.1.82.Final.jar%23151!/:4.1.82.Final]
	at io.netty.util.internal.PlatformDependent.<clinit>(PlatformDependent.java:88) ~[netty-common-4.1.82.Final.jar%23151!/:4.1.82.Final]
	at io.netty.util.ConstantPool.<init>(ConstantPool.java:34) ~[netty-common-4.1.82.Final.jar%23151!/:4.1.82.Final]
	at io.netty.util.AttributeKey$1.<init>(AttributeKey.java:27) ~[netty-common-4.1.82.Final.jar%23151!/:4.1.82.Final]
	at io.netty.util.AttributeKey.<clinit>(AttributeKey.java:27) ~[netty-common-4.1.82.Final.jar%23151!/:4.1.82.Final]
	at net.minecraftforge.network.NetworkConstants.<clinit>(NetworkConstants.java:34) ~[forge-1.20.1-47.4.0_mapped_official_1.20.1-recomp.jar%23190%23197!/:?]
	at net.minecraftforge.network.NetworkHooks.init(NetworkHooks.java:52) ~[forge-1.20.1-47.4.0_mapped_official_1.20.1-recomp.jar%23190%23197!/:?]
	at net.minecraft.server.Bootstrap.bootStrap(Bootstrap.java:62) ~[forge-1.20.1-47.4.0_mapped_official_1.20.1-recomp.jar%23191!/:?]
	at net.minecraft.client.main.Main.lambda$main$0(Main.java:151) ~[forge-1.20.1-47.4.0_mapped_official_1.20.1-recomp.jar%23191!/:?]
	at java.util.concurrent.Executors$RunnableAdapter.call(Executors.java:539) ~[?:?]
	at java.util.concurrent.FutureTask.run(FutureTask.java:264) ~[?:?]
	at java.util.concurrent.ThreadPoolExecutor.runWorker(ThreadPoolExecutor.java:1136) ~[?:?]
	at java.util.concurrent.ThreadPoolExecutor$Worker.run(ThreadPoolExecutor.java:635) ~[?:?]
	at java.lang.Thread.run(Thread.java:842) ~[?:?]
[26Dec2025 18:16:28.619] [pool-4-thread-1/DEBUG] [io.netty.util.internal.PlatformDependent0/]: java.nio.Bits.unaligned: available, true
[26Dec2025 18:16:28.625] [pool-4-thread-1/DEBUG] [io.netty.util.internal.PlatformDependent0/]: jdk.internal.misc.Unsafe.allocateUninitializedArray(int): unavailable
java.lang.IllegalAccessException: class io.netty.util.internal.PlatformDependent0$7 (in module io.netty.common) cannot access class jdk.internal.misc.Unsafe (in module java.base) because module java.base does not export jdk.internal.misc to module io.netty.common
	at jdk.internal.reflect.Reflection.newIllegalAccessException(Reflection.java:392) ~[?:?]
	at java.lang.reflect.AccessibleObject.checkAccess(AccessibleObject.java:674) ~[?:?]
	at java.lang.reflect.Method.invoke(Method.java:560) ~[?:?]
	at io.netty.util.internal.PlatformDependent0$7.run(PlatformDependent0.java:410) ~[netty-common-4.1.82.Final.jar%23151!/:4.1.82.Final]
	at java.security.AccessController.doPrivileged(AccessController.java:318) ~[?:?]
	at io.netty.util.internal.PlatformDependent0.<clinit>(PlatformDependent0.java:401) ~[netty-common-4.1.82.Final.jar%23151!/:4.1.82.Final]
	at io.netty.util.internal.PlatformDependent.isAndroid(PlatformDependent.java:333) ~[netty-common-4.1.82.Final.jar%23151!/:4.1.82.Final]
	at io.netty.util.internal.PlatformDependent.<clinit>(PlatformDependent.java:88) ~[netty-common-4.1.82.Final.jar%23151!/:4.1.82.Final]
	at io.netty.util.ConstantPool.<init>(ConstantPool.java:34) ~[netty-common-4.1.82.Final.jar%23151!/:4.1.82.Final]
	at io.netty.util.AttributeKey$1.<init>(AttributeKey.java:27) ~[netty-common-4.1.82.Final.jar%23151!/:4.1.82.Final]
	at io.netty.util.AttributeKey.<clinit>(AttributeKey.java:27) ~[netty-common-4.1.82.Final.jar%23151!/:4.1.82.Final]
	at net.minecraftforge.network.NetworkConstants.<clinit>(NetworkConstants.java:34) ~[forge-1.20.1-47.4.0_mapped_official_1.20.1-recomp.jar%23190%23197!/:?]
	at net.minecraftforge.network.NetworkHooks.init(NetworkHooks.java:52) ~[forge-1.20.1-47.4.0_mapped_official_1.20.1-recomp.jar%23190%23197!/:?]
	at net.minecraft.server.Bootstrap.bootStrap(Bootstrap.java:62) ~[forge-1.20.1-47.4.0_mapped_official_1.20.1-recomp.jar%23191!/:?]
	at net.minecraft.client.main.Main.lambda$main$0(Main.java:151) ~[forge-1.20.1-47.4.0_mapped_official_1.20.1-recomp.jar%23191!/:?]
	at java.util.concurrent.Executors$RunnableAdapter.call(Executors.java:539) ~[?:?]
	at java.util.concurrent.FutureTask.run(FutureTask.java:264) ~[?:?]
	at java.util.concurrent.ThreadPoolExecutor.runWorker(ThreadPoolExecutor.java:1136) ~[?:?]
	at java.util.concurrent.ThreadPoolExecutor$Worker.run(ThreadPoolExecutor.java:635) ~[?:?]
	at java.lang.Thread.run(Thread.java:842) ~[?:?]
[26Dec2025 18:16:28.629] [pool-4-thread-1/DEBUG] [io.netty.util.internal.PlatformDependent0/]: java.nio.DirectByteBuffer.<init>(long, int): unavailable
[26Dec2025 18:16:28.630] [pool-4-thread-1/DEBUG] [io.netty.util.internal.PlatformDependent/]: sun.misc.Unsafe: available
[26Dec2025 18:16:28.631] [pool-4-thread-1/DEBUG] [io.netty.util.internal.PlatformDependent/]: maxDirectMemory: 8401190912 bytes (maybe)
[26Dec2025 18:16:28.632] [pool-4-thread-1/DEBUG] [io.netty.util.internal.PlatformDependent/]: -Dio.netty.tmpdir: C:\Users\gamma\AppData\Local\Temp (java.io.tmpdir)
[26Dec2025 18:16:28.632] [pool-4-thread-1/DEBUG] [io.netty.util.internal.PlatformDependent/]: -Dio.netty.bitMode: 64 (sun.arch.data.model)
[26Dec2025 18:16:28.632] [pool-4-thread-1/DEBUG] [io.netty.util.internal.PlatformDependent/]: Platform: Windows
[26Dec2025 18:16:28.635] [pool-4-thread-1/DEBUG] [io.netty.util.internal.PlatformDependent/]: -Dio.netty.maxDirectMemory: -1 bytes
[26Dec2025 18:16:28.636] [pool-4-thread-1/DEBUG] [io.netty.util.internal.PlatformDependent/]: -Dio.netty.uninitializedArrayAllocationThreshold: -1
[26Dec2025 18:16:28.646] [pool-4-thread-1/DEBUG] [io.netty.util.internal.CleanerJava9/]: java.nio.ByteBuffer.cleaner(): available
[26Dec2025 18:16:28.646] [pool-4-thread-1/DEBUG] [io.netty.util.internal.PlatformDependent/]: -Dio.netty.noPreferDirect: false
[26Dec2025 18:16:28.766] [pool-4-thread-1/DEBUG] [net.minecraftforge.network.NetworkHooks/]: Loading Network data for FML net version: FML3
[26Dec2025 18:16:28.820] [Render thread/DEBUG] [mixin/]: Mixing RenderSystemMixin from flywheel.backend.mixins.json into com.mojang.blaze3d.systems.RenderSystem
[26Dec2025 18:16:28.821] [Render thread/DEBUG] [mixin/]: Mixing client.accessor.RenderSystemAccessor from ponder-common.mixins.json into com.mojang.blaze3d.systems.RenderSystem
[26Dec2025 18:16:28.822] [Render thread/DEBUG] [mixin/]: Renaming @Accessor method catnip$getShaderLightDirections()[Lorg/joml/Vector3f; to catnip$getShaderLightDirections_$md$def746$0 in ponder-common.mixins.json:client.accessor.RenderSystemAccessor
[26Dec2025 18:16:28.868] [Render thread/DEBUG] [mixin/]: Mixing client.accessor.BufferBuilderAccessor from ponder-common.mixins.json into com.mojang.blaze3d.vertex.BufferBuilder
[26Dec2025 18:16:28.997] [Render thread/DEBUG] [mixin/]: Mixing PoseStackAccessor from flywheel.impl.mixins.json into com.mojang.blaze3d.vertex.PoseStack
[26Dec2025 18:16:29.002] [Render thread/DEBUG] [mixin/]: Mixing PoseStackMixin from flywheel.impl.mixins.json into com.mojang.blaze3d.vertex.PoseStack
[26Dec2025 18:16:29.004] [Render thread/DEBUG] [mixin/]: Mixing fix.FixNormalScalingMixin from flywheel.impl.mixins.json into com.mojang.blaze3d.vertex.PoseStack
[26Dec2025 18:16:29.030] [Render thread/DEBUG] [mixin/]: Mixing accessor.GuiAccessor from create.mixins.json into net.minecraft.client.gui.Gui
[26Dec2025 18:16:29.042] [Render thread/DEBUG] [mixin/]: Mixing compat.xaeros.XaeroPauseScreenOverrideMixin from create.mixins.json into net.minecraft.client.gui.screens.Screen
[26Dec2025 18:16:29.078] [Render thread/DEBUG] [mixin/]: Mixing client.HeavyBootsOnPlayerMixin from create.mixins.json into net.minecraft.client.player.LocalPlayer
[26Dec2025 18:16:29.091] [Render thread/DEBUG] [mixin/]: Mixing AbstractClientPlayerAccessor from flywheel.backend.mixins.json into net.minecraft.client.player.AbstractClientPlayer
[26Dec2025 18:16:29.231] [Render thread/WARN] [net.minecraft.server.packs.VanillaPackResourcesBuilder/]: Assets URL 'union:/C:/Users/gamma/IdeaProjects/untitled10/build/fg_cache/net/minecraftforge/forge/1.20.1-47.4.0_mapped_official_1.20.1/forge-1.20.1-47.4.0_mapped_official_1.20.1-recomp.jar%23191!/assets/.mcassetsroot' uses unexpected schema
[26Dec2025 18:16:29.231] [Render thread/WARN] [net.minecraft.server.packs.VanillaPackResourcesBuilder/]: Assets URL 'union:/C:/Users/gamma/IdeaProjects/untitled10/build/fg_cache/net/minecraftforge/forge/1.20.1-47.4.0_mapped_official_1.20.1/forge-1.20.1-47.4.0_mapped_official_1.20.1-recomp.jar%23191!/data/.mcassetsroot' uses unexpected schema
[26Dec2025 18:16:29.289] [Render thread/INFO] [com.mojang.authlib.yggdrasil.YggdrasilAuthenticationService/]: Environment: authHost='https://authserver.mojang.com', accountsHost='https://api.mojang.com', sessionHost='https://sessionserver.mojang.com', servicesHost='https://api.minecraftservices.com', name='PROD'
[26Dec2025 18:16:29.301] [Render thread/INFO] [net.minecraft.client.Minecraft/]: Setting user: Dev
[26Dec2025 18:16:29.310] [Render thread/DEBUG] [mixin/]: Mixing OptionsMixin from flywheel.backend.mixins.json into net.minecraft.client.Options
[26Dec2025 18:16:29.559] [Render thread/INFO] [net.minecraft.client.Minecraft/]: Backend library: LWJGL version 3.3.1 build 7
[26Dec2025 18:16:29.679] [Render thread/DEBUG] [mixin/]: Mixing accessor.MouseHandlerAccessor from create.mixins.json into net.minecraft.client.MouseHandler
[26Dec2025 18:16:29.802] [Render thread/DEBUG] [mixin/]: Mixing GlStateManagerMixin from flywheel.backend.mixins.json into com.mojang.blaze3d.platform.GlStateManager
[26Dec2025 18:16:29.920] [Render thread/DEBUG] [net.minecraftforge.common.ForgeI18n/CORE]: Loading I18N data entries: 6434
[26Dec2025 18:16:29.955] [Render thread/DEBUG] [net.minecraftforge.fml.ModWorkManager/LOADING]: Using 16 threads for parallel mod-loading
[26Dec2025 18:16:29.975] [Render thread/DEBUG] [net.minecraftforge.fml.javafmlmod.FMLJavaModLanguageProvider/LOADING]: Loading FMLModContainer from classloader cpw.mods.modlauncher.TransformingClassLoader@44fdce3c - got cpw.mods.cl.ModuleClassLoader@5f13be1
[26Dec2025 18:16:29.977] [Render thread/DEBUG] [net.minecraftforge.fml.javafmlmod.FMLModContainer/LOADING]: Creating FMLModContainer instance for com.llamalad7.mixinextras.platform.forge.MixinExtrasMod
[26Dec2025 18:16:29.980] [Render thread/DEBUG] [net.minecraftforge.fml.javafmlmod.FMLJavaModLanguageProvider/LOADING]: Loading FMLModContainer from classloader cpw.mods.modlauncher.TransformingClassLoader@44fdce3c - got cpw.mods.cl.ModuleClassLoader@5f13be1
[26Dec2025 18:16:29.980] [Render thread/DEBUG] [net.minecraftforge.fml.javafmlmod.FMLModContainer/LOADING]: Creating FMLModContainer instance for net.minecraftforge.common.ForgeMod
[26Dec2025 18:16:29.984] [Render thread/DEBUG] [net.minecraftforge.fml.javafmlmod.FMLJavaModLanguageProvider/LOADING]: Loading FMLModContainer from classloader cpw.mods.modlauncher.TransformingClassLoader@44fdce3c - got cpw.mods.cl.ModuleClassLoader@5f13be1
[26Dec2025 18:16:29.984] [Render thread/DEBUG] [net.minecraftforge.fml.javafmlmod.FMLModContainer/LOADING]: Creating FMLModContainer instance for dev.engine_room.flywheel.impl.FlywheelForge
[26Dec2025 18:16:29.986] [Render thread/DEBUG] [net.minecraftforge.fml.javafmlmod.FMLJavaModLanguageProvider/LOADING]: Loading FMLModContainer from classloader cpw.mods.modlauncher.TransformingClassLoader@44fdce3c - got cpw.mods.cl.ModuleClassLoader@5f13be1
[26Dec2025 18:16:29.986] [Render thread/DEBUG] [net.minecraftforge.fml.javafmlmod.FMLModContainer/LOADING]: Creating FMLModContainer instance for uwu.lopyluna.create_dd.DDCreate
[26Dec2025 18:16:29.987] [Render thread/DEBUG] [mixin/]: Mixing initfixers.DDInitMixin from ddtocreate6.mixins.json into uwu.lopyluna.create_dd.DDCreate
[26Dec2025 18:16:29.987] [Render thread/DEBUG] [mixin/]: ddtocreate6.mixins.json:initfixers.DDInitMixin: Class version 61 required is higher than the class version supported by the current version of Mixin (JAVA_8 supports class version 52)
[26Dec2025 18:16:30.027] [Render thread/DEBUG] [net.minecraftforge.fml.javafmlmod.FMLJavaModLanguageProvider/LOADING]: Loading FMLModContainer from classloader cpw.mods.modlauncher.TransformingClassLoader@44fdce3c - got cpw.mods.cl.ModuleClassLoader@5f13be1
[26Dec2025 18:16:30.027] [Render thread/DEBUG] [net.minecraftforge.fml.javafmlmod.FMLModContainer/LOADING]: Creating FMLModContainer instance for com.landscapesreimagined.ddtocreate6.DreamsAndDesiresToCreate6
[26Dec2025 18:16:30.030] [Render thread/DEBUG] [net.minecraftforge.fml.javafmlmod.FMLJavaModLanguageProvider/LOADING]: Loading FMLModContainer from classloader cpw.mods.modlauncher.TransformingClassLoader@44fdce3c - got cpw.mods.cl.ModuleClassLoader@5f13be1
[26Dec2025 18:16:30.030] [Render thread/DEBUG] [net.minecraftforge.fml.javafmlmod.FMLModContainer/LOADING]: Creating FMLModContainer instance for net.createmod.ponder.ForgePonder
[26Dec2025 18:16:30.032] [Render thread/DEBUG] [net.minecraftforge.fml.javafmlmod.FMLJavaModLanguageProvider/LOADING]: Loading FMLModContainer from classloader cpw.mods.modlauncher.TransformingClassLoader@44fdce3c - got cpw.mods.cl.ModuleClassLoader@5f13be1
[26Dec2025 18:16:30.032] [Render thread/DEBUG] [net.minecraftforge.fml.javafmlmod.FMLModContainer/LOADING]: Creating FMLModContainer instance for com.simibubi.create.Create
[26Dec2025 18:16:30.032] [Render thread/DEBUG] [net.minecraftforge.fml.javafmlmod.FMLJavaModLanguageProvider/LOADING]: Loading FMLModContainer from classloader cpw.mods.modlauncher.TransformingClassLoader@44fdce3c - got cpw.mods.cl.ModuleClassLoader@5f13be1
[26Dec2025 18:16:30.032] [Render thread/DEBUG] [net.minecraftforge.fml.javafmlmod.FMLModContainer/LOADING]: Creating FMLModContainer instance for mezz.jei.forge.JustEnoughItems
[26Dec2025 18:16:30.091] [modloading-worker-0/INFO] [com.simibubi.create.Create/]: Create 6.0.8 initializing! Commit hash: 1a1a9a2819b4f89f78caec41b55ed8cb222fa24b
[26Dec2025 18:16:30.094] [modloading-worker-0/DEBUG] [net.minecraftforge.fml.javafmlmod.AutomaticEventSubscriber/LOADING]: Attempting to inject @EventBusSubscriber classes into the eventbus for mixinextras
[26Dec2025 18:16:30.151] [modloading-worker-0/DEBUG] [mixin/]: Mixing initfixers.DDBlockTagsMixin from ddtocreate6.mixins.json into uwu.lopyluna.create_dd.DDTags$AllBlockTags
[26Dec2025 18:16:30.151] [modloading-worker-0/DEBUG] [mixin/]: ddtocreate6.mixins.json:initfixers.DDBlockTagsMixin: Class version 61 required is higher than the class version supported by the current version of Mixin (JAVA_8 supports class version 52)
[26Dec2025 18:16:30.166] [modloading-worker-0/DEBUG] [mixin/]: Mixing initfixers.DDFluidTagsMixin from ddtocreate6.mixins.json into uwu.lopyluna.create_dd.DDTags$AllFluidTags
[26Dec2025 18:16:30.166] [modloading-worker-0/DEBUG] [mixin/]: ddtocreate6.mixins.json:initfixers.DDFluidTagsMixin: Class version 61 required is higher than the class version supported by the current version of Mixin (JAVA_8 supports class version 52)
[26Dec2025 18:16:30.180] [modloading-worker-0/DEBUG] [mixin/]: Mixing initfixers.DDItemTabMixin from ddtocreate6.mixins.json into uwu.lopyluna.create_dd.creative.DDItemTab
[26Dec2025 18:16:30.180] [modloading-worker-0/DEBUG] [mixin/]: ddtocreate6.mixins.json:initfixers.DDItemTabMixin: Class version 61 required is higher than the class version supported by the current version of Mixin (JAVA_8 supports class version 52)
[26Dec2025 18:16:30.180] [modloading-worker-0/DEBUG] [net.minecraftforge.versions.forge.ForgeVersion/CORE]: Forge Version package package net.minecraftforge.versions.forge, Forge, version 47.4 from cpw.mods.modlauncher.TransformingClassLoader@44fdce3c
[26Dec2025 18:16:30.181] [modloading-worker-0/DEBUG] [net.minecraftforge.versions.forge.ForgeVersion/CORE]: Found Forge version 47.4.0
[26Dec2025 18:16:30.181] [modloading-worker-0/DEBUG] [net.minecraftforge.versions.forge.ForgeVersion/CORE]: Found Forge spec 47.4
[26Dec2025 18:16:30.181] [modloading-worker-0/DEBUG] [net.minecraftforge.versions.forge.ForgeVersion/CORE]: Found Forge group net.minecraftforge
[26Dec2025 18:16:30.186] [modloading-worker-0/DEBUG] [net.minecraftforge.versions.mcp.MCPVersion/CORE]: MCP Version package package net.minecraftforge.versions.mcp, Minecraft, version 1.20.1 from cpw.mods.modlauncher.TransformingClassLoader@44fdce3c
[26Dec2025 18:16:30.186] [modloading-worker-0/DEBUG] [net.minecraftforge.versions.mcp.MCPVersion/CORE]: Found MC version information 1.20.1
[26Dec2025 18:16:30.186] [modloading-worker-0/DEBUG] [net.minecraftforge.versions.mcp.MCPVersion/CORE]: Found MCP version information 20230612.114412
[26Dec2025 18:16:30.187] [modloading-worker-0/INFO] [net.minecraftforge.common.ForgeMod/FORGEMOD]: Forge mod loading, version 47.4.0, for MC 1.20.1 with MCP 20230612.114412
[26Dec2025 18:16:30.187] [modloading-worker-0/INFO] [net.minecraftforge.common.MinecraftForge/FORGE]: MinecraftForge v47.4.0 Initialized
[26Dec2025 18:16:30.197] [modloading-worker-0/DEBUG] [net.minecraftforge.fml.config.ConfigTracker/CONFIG]: Config file ddtocreate6-common.toml for ddtocreate6 tracking
[26Dec2025 18:16:30.197] [modloading-worker-0/DEBUG] [net.minecraftforge.fml.config.ConfigTracker/CONFIG]: Config file jei-server.toml for jei tracking
[26Dec2025 18:16:30.197] [modloading-worker-0/DEBUG] [net.minecraftforge.fml.javafmlmod.AutomaticEventSubscriber/LOADING]: Attempting to inject @EventBusSubscriber classes into the eventbus for ddtocreate6
[26Dec2025 18:16:30.208] [modloading-worker-0/DEBUG] [net.minecraftforge.fml.config.ConfigTracker/CONFIG]: Config file flywheel-client.toml for flywheel tracking
[26Dec2025 18:16:30.216] [modloading-worker-0/DEBUG] [net.minecraftforge.fml.javafmlmod.AutomaticEventSubscriber/LOADING]: Auto-subscribing com.landscapesreimagined.ddtocreate6.Config to MOD
[26Dec2025 18:16:30.218] [modloading-worker-0/DEBUG] [net.minecraftforge.fml.config.ConfigTracker/CONFIG]: Config file ponder-client.toml for ponder tracking
[26Dec2025 18:16:30.218] [modloading-worker-0/DEBUG] [net.minecraftforge.fml.javafmlmod.AutomaticEventSubscriber/LOADING]: Attempting to inject @EventBusSubscriber classes into the eventbus for ponder
[26Dec2025 18:16:30.218] [modloading-worker-0/DEBUG] [net.minecraftforge.fml.javafmlmod.AutomaticEventSubscriber/LOADING]: Auto-subscribing net.createmod.ponder.ForgePonderClient$ModBusClientEvents to MOD
[26Dec2025 18:16:30.220] [modloading-worker-0/DEBUG] [mixin/]: Mixing initfixers.DDBlockEntityTypesMixin from ddtocreate6.mixins.json into uwu.lopyluna.create_dd.block.DDBlockEntityTypes
[26Dec2025 18:16:30.220] [modloading-worker-0/DEBUG] [mixin/]: ddtocreate6.mixins.json:initfixers.DDBlockEntityTypesMixin: Class version 61 required is higher than the class version supported by the current version of Mixin (JAVA_8 supports class version 52)
[26Dec2025 18:16:30.237] [modloading-worker-0/DEBUG] [mixin/]: Mixing BlockFixers.blockEntities.FurnaceBlockEntityMixin from ddtocreate6.mixins.json into uwu.lopyluna.create_dd.block.BlockProperties.flywheel.engine.FurnaceEngineBlockEntity
[26Dec2025 18:16:30.237] [modloading-worker-0/DEBUG] [mixin/]: ddtocreate6.mixins.json:BlockFixers.blockEntities.FurnaceBlockEntityMixin: Class version 61 required is higher than the class version supported by the current version of Mixin (JAVA_8 supports class version 52)
[26Dec2025 18:16:30.256] [modloading-worker-0/DEBUG] [mixin/]: Mixing BlockFixers.blockEntities.EngineBlockEntityMixin from ddtocreate6.mixins.json into uwu.lopyluna.create_dd.block.BlockProperties.flywheel.engine.EngineBlockEntity
[26Dec2025 18:16:30.257] [modloading-worker-0/DEBUG] [mixin/]: ddtocreate6.mixins.json:BlockFixers.blockEntities.EngineBlockEntityMixin: Class version 61 required is higher than the class version supported by the current version of Mixin (JAVA_8 supports class version 52)
[26Dec2025 18:16:30.317] [modloading-worker-0/DEBUG] [net.minecraftforge.fml.javafmlmod.AutomaticEventSubscriber/LOADING]: Auto-subscribing net.createmod.ponder.ForgePonderClient$ClientEvents to FORGE
[26Dec2025 18:16:30.386] [modloading-worker-0/DEBUG] [mixin/]: Mixing accessor.FontAccessor from create.mixins.json into net.minecraft.client.gui.Font
[26Dec2025 18:16:30.394] [modloading-worker-0/DEBUG] [mixin/]: Mixing initfixers.DDBlocksFixer from ddtocreate6.mixins.json into uwu.lopyluna.create_dd.block.DDBlocks
[26Dec2025 18:16:30.394] [modloading-worker-0/DEBUG] [mixin/]: ddtocreate6.mixins.json:initfixers.DDBlocksFixer: Class version 61 required is higher than the class version supported by the current version of Mixin (JAVA_8 supports class version 52)
[26Dec2025 18:16:31.572] [modloading-worker-0/DEBUG] [mixin/]: Mixing LevelRendererAccessor from flywheel.backend.mixins.json into net.minecraft.client.renderer.LevelRenderer
[26Dec2025 18:16:31.578] [modloading-worker-0/DEBUG] [mixin/]: Mixing fix.FixFabulousDepthMixin from flywheel.impl.mixins.json into net.minecraft.client.renderer.LevelRenderer
[26Dec2025 18:16:31.579] [modloading-worker-0/DEBUG] [mixin/]: Mixing visualmanage.LevelRendererMixin from flywheel.impl.mixins.json into net.minecraft.client.renderer.LevelRenderer
[26Dec2025 18:16:31.579] [modloading-worker-0/DEBUG] [mixin/]: Mixing accessor.LevelRendererAccessor from create.mixins.json into net.minecraft.client.renderer.LevelRenderer
[26Dec2025 18:16:31.594] [modloading-worker-0/DEBUG] [mixin/]: Mixing client.LevelRendererMixin from create.mixins.json into net.minecraft.client.renderer.LevelRenderer
[26Dec2025 18:16:31.594] [modloading-worker-0/DEBUG] [mixin/]: Renaming synthetic method lambda$create$onDestroyBlockProgress$0(J)Ljava/util/SortedSet; to mddef746$lambda$create$onDestroyBlockProgress$0$0 in create.mixins.json:client.LevelRendererMixin
[26Dec2025 18:16:31.599] [modloading-worker-0/DEBUG] [mixin/]: Mixing LevelRendererMixin from flywheel.impl.mixins.json into net.minecraft.client.renderer.LevelRenderer
[26Dec2025 18:16:31.709] [modloading-worker-0/DEBUG] [mezz.jei.common.platform.Services/]: Loaded mezz.jei.forge.platform.PlatformHelper@62b589ce for service interface mezz.jei.common.platform.IPlatformHelper
[26Dec2025 18:16:31.742] [modloading-worker-0/DEBUG] [mixin/]: Mixing client.CameraMixin from create.mixins.json into net.minecraft.client.Camera
[26Dec2025 18:16:31.767] [modloading-worker-0/DEBUG] [net.minecraftforge.fml.javafmlmod.AutomaticEventSubscriber/LOADING]: Auto-subscribing net.createmod.ponder.ForgePonder$ModBusEvents to MOD
[26Dec2025 18:16:31.768] [modloading-worker-0/DEBUG] [net.minecraftforge.fml.config.ConfigTracker/CONFIG]: Config file forge-client.toml for forge tracking
[26Dec2025 18:16:31.768] [modloading-worker-0/DEBUG] [net.minecraftforge.fml.config.ConfigTracker/CONFIG]: Config file forge-server.toml for forge tracking
[26Dec2025 18:16:31.768] [modloading-worker-0/DEBUG] [net.minecraftforge.fml.ModLoadingContext/]: Attempted to register an empty config for type COMMON on mod forge
[26Dec2025 18:16:31.771] [modloading-worker-0/DEBUG] [net.minecraftforge.fml.javafmlmod.AutomaticEventSubscriber/LOADING]: Auto-subscribing net.createmod.ponder.ForgePonder$Events to FORGE
[26Dec2025 18:16:31.788] [modloading-worker-0/DEBUG] [mixin/]: Mixing compat.DDCreateJEIMixin from ddtocreate6.mixins.json into uwu.lopyluna.create_dd.jei.DDcreateJEI
[26Dec2025 18:16:31.789] [modloading-worker-0/DEBUG] [mixin/]: ddtocreate6.mixins.json:compat.DDCreateJEIMixin: Class version 61 required is higher than the class version supported by the current version of Mixin (JAVA_8 supports class version 52)
[26Dec2025 18:16:31.826] [modloading-worker-0/DEBUG] [net.minecraftforge.fml.javafmlmod.AutomaticEventSubscriber/LOADING]: Attempting to inject @EventBusSubscriber classes into the eventbus for forge
[26Dec2025 18:16:31.827] [modloading-worker-0/DEBUG] [net.minecraftforge.fml.javafmlmod.AutomaticEventSubscriber/LOADING]: Auto-subscribing net.minecraftforge.common.ForgeSpawnEggItem$CommonHandler to MOD
[26Dec2025 18:16:31.832] [modloading-worker-0/DEBUG] [net.minecraftforge.fml.javafmlmod.AutomaticEventSubscriber/LOADING]: Auto-subscribing net.minecraftforge.common.ForgeSpawnEggItem$ColorRegisterHandler to MOD
[26Dec2025 18:16:31.848] [modloading-worker-0/DEBUG] [net.minecraftforge.fml.javafmlmod.AutomaticEventSubscriber/LOADING]: Auto-subscribing net.minecraftforge.client.model.data.ModelDataManager to FORGE
[26Dec2025 18:16:31.854] [modloading-worker-0/DEBUG] [net.minecraftforge.fml.javafmlmod.AutomaticEventSubscriber/LOADING]: Auto-subscribing net.minecraftforge.client.ForgeHooksClient$ClientEvents to MOD
[26Dec2025 18:16:31.857] [modloading-worker-0/DEBUG] [net.minecraftforge.fml.javafmlmod.AutomaticEventSubscriber/LOADING]: Attempting to inject @EventBusSubscriber classes into the eventbus for flywheel
[26Dec2025 18:16:31.875] [modloading-worker-0/DEBUG] [mixin/]: Mixing accessor.BlockLootSubProviderAccessor from create.mixins.json into net.minecraft.data.loot.BlockLootSubProvider
[26Dec2025 18:16:31.875] [modloading-worker-0/DEBUG] [mixin/]: Renaming @Accessor method create$HAS_SILK_TOUCH()Lnet/minecraft/world/level/storage/loot/predicates/LootItemCondition$Builder; to create$HAS_SILK_TOUCH_$md$def746$0 in create.mixins.json:accessor.BlockLootSubProviderAccessor
[26Dec2025 18:16:31.875] [modloading-worker-0/DEBUG] [net.minecraftforge.fml.javafmlmod.AutomaticEventSubscriber/LOADING]: Auto-subscribing net.minecraftforge.client.ClientForgeMod to MOD
[26Dec2025 18:16:31.896] [modloading-worker-0/DEBUG] [mezz.jei.common.config.file.ConfigSerializer/]: Loading config file: C:\Users\gamma\IdeaProjects\untitled10\run\config\jei\jei-debug.ini
[26Dec2025 18:16:31.898] [modloading-worker-0/DEBUG] [mezz.jei.common.config.file.ConfigSerializer/]: Saving config file: C:\Users\gamma\IdeaProjects\untitled10\run\config\jei\jei-debug.ini
[26Dec2025 18:16:31.909] [modloading-worker-0/DEBUG] [mezz.jei.common.config.file.ConfigSerializer/]: Loading config file: C:\Users\gamma\IdeaProjects\untitled10\run\config\jei\jei-mod-id-format.ini
[26Dec2025 18:16:31.911] [modloading-worker-0/DEBUG] [mezz.jei.common.config.file.ConfigSerializer/]: Saving config file: C:\Users\gamma\IdeaProjects\untitled10\run\config\jei\jei-mod-id-format.ini
[26Dec2025 18:16:31.920] [modloading-worker-0/DEBUG] [mezz.jei.common.config.file.ConfigSerializer/]: Loading config file: C:\Users\gamma\IdeaProjects\untitled10\run\config\jei\jei-colors.ini
[26Dec2025 18:16:31.924] [modloading-worker-0/DEBUG] [mezz.jei.common.config.file.ConfigSerializer/]: Saving config file: C:\Users\gamma\IdeaProjects\untitled10\run\config\jei\jei-colors.ini
[26Dec2025 18:16:31.950] [modloading-worker-0/DEBUG] [mezz.jei.common.config.file.ConfigSerializer/]: Loading config file: C:\Users\gamma\IdeaProjects\untitled10\run\config\jei\jei-client.ini
[26Dec2025 18:16:31.952] [modloading-worker-0/DEBUG] [mixin/]: Mixing BlockFixers.GeneralFixerMultiTargetMixin from ddtocreate6.mixins.json into uwu.lopyluna.create_dd.block.BlockProperties.magic.RadiantBlock
[26Dec2025 18:16:31.953] [modloading-worker-0/DEBUG] [mixin/]: ddtocreate6.mixins.json:BlockFixers.GeneralFixerMultiTargetMixin: Class version 61 required is higher than the class version supported by the current version of Mixin (JAVA_8 supports class version 52)
[26Dec2025 18:16:31.953] [modloading-worker-0/DEBUG] [mezz.jei.common.config.file.ConfigSerializer/]: Saving config file: C:\Users\gamma\IdeaProjects\untitled10\run\config\jei\jei-client.ini
[26Dec2025 18:16:31.965] [modloading-worker-0/DEBUG] [mixin/]: Mixing BlockFixers.GeneralFixerMultiTargetMixin from ddtocreate6.mixins.json into uwu.lopyluna.create_dd.block.BlockProperties.magic.ShadowBlock
[26Dec2025 18:16:31.965] [modloading-worker-0/DEBUG] [mixin/]: ddtocreate6.mixins.json:BlockFixers.GeneralFixerMultiTargetMixin: Class version 61 required is higher than the class version supported by the current version of Mixin (JAVA_8 supports class version 52)
[26Dec2025 18:16:31.975] [modloading-worker-0/INFO] [mezz.jei.library.load.PluginCaller/]: Sending ConfigManager...
[26Dec2025 18:16:31.976] [modloading-worker-0/DEBUG] [mixin/]: Mixing BlockFixers.GeneralFixerMultiTargetMixin from ddtocreate6.mixins.json into uwu.lopyluna.create_dd.block.BlockProperties.magic.OverchargedAlloyBlock
[26Dec2025 18:16:31.976] [modloading-worker-0/DEBUG] [mixin/]: ddtocreate6.mixins.json:BlockFixers.GeneralFixerMultiTargetMixin: Class version 61 required is higher than the class version supported by the current version of Mixin (JAVA_8 supports class version 52)
[26Dec2025 18:16:31.985] [modloading-worker-0/DEBUG] [mezz.jei.library.load.PluginCallerTimerRunnable/]: Sending ConfigManager: jei:minecraft...
[26Dec2025 18:16:31.985] [modloading-worker-0/DEBUG] [mezz.jei.library.load.PluginCallerTimerRunnable/]: Sending ConfigManager: none:none...
[26Dec2025 18:16:31.985] [modloading-worker-0/DEBUG] [mezz.jei.library.load.PluginCallerTimerRunnable/]: Sending ConfigManager: create_dd:jei_plugin...
[26Dec2025 18:16:31.985] [modloading-worker-0/DEBUG] [mezz.jei.library.load.PluginCallerTimerRunnable/]: Sending ConfigManager: create:jei_plugin...
[26Dec2025 18:16:31.986] [modloading-worker-0/DEBUG] [mezz.jei.library.load.PluginCallerTimerRunnable/]: Sending ConfigManager: jei:debug...
[26Dec2025 18:16:31.986] [modloading-worker-0/DEBUG] [mezz.jei.library.load.PluginCallerTimerRunnable/]: Sending ConfigManager: jei:gui...
[26Dec2025 18:16:31.986] [modloading-worker-0/DEBUG] [mezz.jei.library.load.PluginCallerTimerRunnable/]: Sending ConfigManager: jei:forge_gui...
[26Dec2025 18:16:31.986] [modloading-worker-0/DEBUG] [mezz.jei.library.load.PluginCallerTimerRunnable/]: Sending ConfigManager: jei:internal...
[26Dec2025 18:16:31.988] [modloading-worker-0/INFO] [mezz.jei.library.load.PluginCaller/]: Sending ConfigManager took 10.61 ms
[26Dec2025 18:16:31.992] [modloading-worker-0/DEBUG] [mixin/]: Mixing BlockFixers.GeneralFixerMultiTargetMixin from ddtocreate6.mixins.json into uwu.lopyluna.create_dd.block.BlockProperties.magic.BlazeGoldBlock
[26Dec2025 18:16:31.992] [modloading-worker-0/DEBUG] [mixin/]: ddtocreate6.mixins.json:BlockFixers.GeneralFixerMultiTargetMixin: Class version 61 required is higher than the class version supported by the current version of Mixin (JAVA_8 supports class version 52)
[26Dec2025 18:16:32.009] [modloading-worker-0/DEBUG] [mixin/]: Mixing BlockFixers.GeneralFixerMultiTargetMixin from ddtocreate6.mixins.json into uwu.lopyluna.create_dd.block.BlockProperties.magic.StargazeBlock
[26Dec2025 18:16:32.009] [modloading-worker-0/DEBUG] [mixin/]: ddtocreate6.mixins.json:BlockFixers.GeneralFixerMultiTargetMixin: Class version 61 required is higher than the class version supported by the current version of Mixin (JAVA_8 supports class version 52)
[26Dec2025 18:16:32.026] [modloading-worker-0/DEBUG] [net.minecraftforge.fml.javafmlmod.AutomaticEventSubscriber/LOADING]: Attempting to inject @EventBusSubscriber classes into the eventbus for jei
[26Dec2025 18:16:32.082] [modloading-worker-0/DEBUG] [mixin/]: Mixing client.accessor.RenderTypeAccessor from ponder-common.mixins.json into net.minecraft.client.renderer.RenderType
[26Dec2025 18:16:32.084] [modloading-worker-0/DEBUG] [mixin/]: Renaming @Invoker method catnip$create(Ljava/lang/String;Lcom/mojang/blaze3d/vertex/VertexFormat;Lcom/mojang/blaze3d/vertex/VertexFormat$Mode;IZZLnet/minecraft/client/renderer/RenderType$CompositeState;)Lnet/minecraft/client/renderer/RenderType$CompositeRenderType; to catnip$create_$md$def746$0 in ponder-common.mixins.json:client.accessor.RenderTypeAccessor
[26Dec2025 18:16:32.114] [modloading-worker-0/DEBUG] [mixin/]: Mixing BlockFixers.GeneralFixerMultiTargetMixin from ddtocreate6.mixins.json into uwu.lopyluna.create_dd.block.BlockProperties.magic.ShadowBlockcasing
[26Dec2025 18:16:32.115] [modloading-worker-0/DEBUG] [mixin/]: ddtocreate6.mixins.json:BlockFixers.GeneralFixerMultiTargetMixin: Class version 61 required is higher than the class version supported by the current version of Mixin (JAVA_8 supports class version 52)
[26Dec2025 18:16:32.131] [modloading-worker-0/DEBUG] [mixin/]: Mixing BlockFixers.GeneralFixerMultiTargetMixin from ddtocreate6.mixins.json into uwu.lopyluna.create_dd.block.BlockProperties.magic.RadiantBlockcasing
[26Dec2025 18:16:32.131] [modloading-worker-0/DEBUG] [mixin/]: ddtocreate6.mixins.json:BlockFixers.GeneralFixerMultiTargetMixin: Class version 61 required is higher than the class version supported by the current version of Mixin (JAVA_8 supports class version 52)
[26Dec2025 18:16:32.142] [modloading-worker-0/DEBUG] [mixin/]: Mixing BlockFixers.GeneralFixerMultiTargetMixin from ddtocreate6.mixins.json into uwu.lopyluna.create_dd.block.BlockProperties.magic.OverchargedBlockcasing
[26Dec2025 18:16:32.142] [modloading-worker-0/DEBUG] [mixin/]: ddtocreate6.mixins.json:BlockFixers.GeneralFixerMultiTargetMixin: Class version 61 required is higher than the class version supported by the current version of Mixin (JAVA_8 supports class version 52)
[26Dec2025 18:16:32.152] [modloading-worker-0/DEBUG] [mixin/]: Mixing client.accessor.GameRendererAccessor from ponder-common.mixins.json into net.minecraft.client.renderer.GameRenderer
[26Dec2025 18:16:32.160] [modloading-worker-0/DEBUG] [mixin/]: Mixing client.GameRendererMixin from create.mixins.json into net.minecraft.client.renderer.GameRenderer
[26Dec2025 18:16:32.170] [modloading-worker-0/DEBUG] [mixin/]: Mixing BlockFixers.GeneralFixerMultiTargetMixin from ddtocreate6.mixins.json into uwu.lopyluna.create_dd.block.BlockProperties.magic.BlazeGoldBlockcasing
[26Dec2025 18:16:32.170] [modloading-worker-0/DEBUG] [mixin/]: ddtocreate6.mixins.json:BlockFixers.GeneralFixerMultiTargetMixin: Class version 61 required is higher than the class version supported by the current version of Mixin (JAVA_8 supports class version 52)
[26Dec2025 18:16:32.182] [modloading-worker-0/DEBUG] [mixin/]: Mixing BlockFixers.GeneralFixerMultiTargetMixin from ddtocreate6.mixins.json into uwu.lopyluna.create_dd.block.BlockProperties.magic.StargazeBlockcasing
[26Dec2025 18:16:32.182] [modloading-worker-0/DEBUG] [mixin/]: ddtocreate6.mixins.json:BlockFixers.GeneralFixerMultiTargetMixin: Class version 61 required is higher than the class version supported by the current version of Mixin (JAVA_8 supports class version 52)
[26Dec2025 18:16:32.296] [modloading-worker-0/DEBUG] [mixin/]: Mixing BlockFixers.MovementBehaviourMachines.BronzeSawBlockMixin from ddtocreate6.mixins.json into uwu.lopyluna.create_dd.block.BlockProperties.bronze_saw.BronzeSawBlock
[26Dec2025 18:16:32.298] [modloading-worker-0/DEBUG] [mixin/]: ddtocreate6.mixins.json:BlockFixers.MovementBehaviourMachines.BronzeSawBlockMixin: Class version 61 required is higher than the class version supported by the current version of Mixin (JAVA_8 supports class version 52)
[26Dec2025 18:16:32.329] [modloading-worker-0/DEBUG] [mixin/]: Mixing BlockFixers.MovementBehaviourMachines.BronzeDrillBlockMixin from ddtocreate6.mixins.json into uwu.lopyluna.create_dd.block.BlockProperties.drill.bronze.BronzeDrillBlock
[26Dec2025 18:16:32.329] [modloading-worker-0/DEBUG] [mixin/]: ddtocreate6.mixins.json:BlockFixers.MovementBehaviourMachines.BronzeDrillBlockMixin: Class version 61 required is higher than the class version supported by the current version of Mixin (JAVA_8 supports class version 52)
[26Dec2025 18:16:32.351] [modloading-worker-0/DEBUG] [mixin/]: Mixing BlockFixers.GeneralFixerMultiTargetMixin from ddtocreate6.mixins.json into uwu.lopyluna.create_dd.block.BlockProperties.industrial_fan.IndustrialFanBlock
[26Dec2025 18:16:32.351] [modloading-worker-0/DEBUG] [mixin/]: ddtocreate6.mixins.json:BlockFixers.GeneralFixerMultiTargetMixin: Class version 61 required is higher than the class version supported by the current version of Mixin (JAVA_8 supports class version 52)
[26Dec2025 18:16:32.368] [modloading-worker-0/DEBUG] [mixin/]: Mixing BlockFixers.FurnaceEngineBlockMixin from ddtocreate6.mixins.json into uwu.lopyluna.create_dd.block.BlockProperties.flywheel.engine.FurnaceEngineBlock
[26Dec2025 18:16:32.369] [modloading-worker-0/DEBUG] [mixin/]: ddtocreate6.mixins.json:BlockFixers.FurnaceEngineBlockMixin: Class version 61 required is higher than the class version supported by the current version of Mixin (JAVA_8 supports class version 52)
[26Dec2025 18:16:32.377] [modloading-worker-0/DEBUG] [mixin/]: Mixing BlockFixers.EngineBlockMixin from ddtocreate6.mixins.json into uwu.lopyluna.create_dd.block.BlockProperties.flywheel.engine.EngineBlock
[26Dec2025 18:16:32.377] [modloading-worker-0/DEBUG] [mixin/]: ddtocreate6.mixins.json:BlockFixers.EngineBlockMixin: Class version 61 required is higher than the class version supported by the current version of Mixin (JAVA_8 supports class version 52)
[26Dec2025 18:16:32.395] [modloading-worker-0/DEBUG] [mixin/]: Mixing BlockFixers.FlywheelBlockMixin from ddtocreate6.mixins.json into uwu.lopyluna.create_dd.block.BlockProperties.flywheel.FlywheelBlock
[26Dec2025 18:16:32.395] [modloading-worker-0/DEBUG] [mixin/]: ddtocreate6.mixins.json:BlockFixers.FlywheelBlockMixin: Class version 61 required is higher than the class version supported by the current version of Mixin (JAVA_8 supports class version 52)
[26Dec2025 18:16:32.401] [modloading-worker-0/DEBUG] [mixin/]: Mixing BlockFixers.PotatoTurretBlockMixin from ddtocreate6.mixins.json into uwu.lopyluna.create_dd.block.BlockProperties.potato_turret.PotatoTurretBlock
[26Dec2025 18:16:32.402] [modloading-worker-0/DEBUG] [mixin/]: ddtocreate6.mixins.json:BlockFixers.PotatoTurretBlockMixin: Class version 61 required is higher than the class version supported by the current version of Mixin (JAVA_8 supports class version 52)
[26Dec2025 18:16:32.411] [modloading-worker-0/DEBUG] [mixin/]: Mixing BlockFixers.MovementBehaviourMachines.RadiantDrillBlockMixin from ddtocreate6.mixins.json into uwu.lopyluna.create_dd.block.BlockProperties.drill.radiant.RadiantDrillBlock
[26Dec2025 18:16:32.411] [modloading-worker-0/DEBUG] [mixin/]: ddtocreate6.mixins.json:BlockFixers.MovementBehaviourMachines.RadiantDrillBlockMixin: Class version 61 required is higher than the class version supported by the current version of Mixin (JAVA_8 supports class version 52)
[26Dec2025 18:16:32.429] [modloading-worker-0/DEBUG] [mixin/]: Mixing BlockFixers.MovementBehaviourMachines.ShadowDrillBlockMixin from ddtocreate6.mixins.json into uwu.lopyluna.create_dd.block.BlockProperties.drill.shadow.ShadowDrillBlock
[26Dec2025 18:16:32.429] [modloading-worker-0/DEBUG] [mixin/]: ddtocreate6.mixins.json:BlockFixers.MovementBehaviourMachines.ShadowDrillBlockMixin: Class version 61 required is higher than the class version supported by the current version of Mixin (JAVA_8 supports class version 52)
[26Dec2025 18:16:32.453] [modloading-worker-0/DEBUG] [mixin/]: Mixing BlockFixers.GeneralFixerMultiTargetMixin from ddtocreate6.mixins.json into uwu.lopyluna.create_dd.block.BlockProperties.kinetic_motor.KineticMotorBlock
[26Dec2025 18:16:32.453] [modloading-worker-0/DEBUG] [mixin/]: ddtocreate6.mixins.json:BlockFixers.GeneralFixerMultiTargetMixin: Class version 61 required is higher than the class version supported by the current version of Mixin (JAVA_8 supports class version 52)
[26Dec2025 18:16:32.462] [modloading-worker-0/DEBUG] [mixin/]: Mixing BlockFixers.GeneralFixerMultiTargetMixin from ddtocreate6.mixins.json into uwu.lopyluna.create_dd.block.BlockProperties.accelerator_motor.AcceleratorMotorBlock
[26Dec2025 18:16:32.463] [modloading-worker-0/DEBUG] [mixin/]: ddtocreate6.mixins.json:BlockFixers.GeneralFixerMultiTargetMixin: Class version 61 required is higher than the class version supported by the current version of Mixin (JAVA_8 supports class version 52)
[26Dec2025 18:16:32.469] [modloading-worker-0/DEBUG] [mixin/]: Mixing BlockFixers.CogCrankBlockMixin from ddtocreate6.mixins.json into uwu.lopyluna.create_dd.block.BlockProperties.cog_crank.CogCrankBlock
[26Dec2025 18:16:32.469] [modloading-worker-0/DEBUG] [mixin/]: ddtocreate6.mixins.json:BlockFixers.CogCrankBlockMixin: Class version 61 required is higher than the class version supported by the current version of Mixin (JAVA_8 supports class version 52)
[26Dec2025 18:16:32.471] [modloading-worker-0/DEBUG] [mixin/]: Mixing BlockFixers.GeneralFixerMultiTargetMixin from ddtocreate6.mixins.json into uwu.lopyluna.create_dd.block.BlockProperties.cog_crank.CogCrankBlock
[26Dec2025 18:16:32.471] [modloading-worker-0/DEBUG] [mixin/]: ddtocreate6.mixins.json:BlockFixers.GeneralFixerMultiTargetMixin: Class version 61 required is higher than the class version supported by the current version of Mixin (JAVA_8 supports class version 52)
[26Dec2025 18:16:32.510] [modloading-worker-0/DEBUG] [mixin/]: Mixing BlockFixers.PlacementFixerMultiTargetMixin from ddtocreate6.mixins.json into uwu.lopyluna.create_dd.block.BlockProperties.FanSailBlock
[26Dec2025 18:16:32.511] [modloading-worker-0/DEBUG] [mixin/]: ddtocreate6.mixins.json:BlockFixers.PlacementFixerMultiTargetMixin: Class version 61 required is higher than the class version supported by the current version of Mixin (JAVA_8 supports class version 52)
[26Dec2025 18:16:32.534] [modloading-worker-0/DEBUG] [mixin/]: Mixing BlockFixers.SecondaryChainDriveBlockMixin from ddtocreate6.mixins.json into uwu.lopyluna.create_dd.block.BlockProperties.secondary_encased_chain_drive.ChainDriveBlock2
[26Dec2025 18:16:32.536] [modloading-worker-0/DEBUG] [mixin/]: ddtocreate6.mixins.json:BlockFixers.SecondaryChainDriveBlockMixin: Class version 61 required is higher than the class version supported by the current version of Mixin (JAVA_8 supports class version 52)
[26Dec2025 18:16:32.537] [modloading-worker-0/WARN] [mixin/]: Error loading class: com/simibubi/create/content/contraptions/ITransformableBlock (java.lang.ClassNotFoundException: com.simibubi.create.content.contraptions.ITransformableBlock)
[26Dec2025 18:16:32.537] [modloading-worker-0/DEBUG] [mixin/]: Failed to resolve declared interface com/simibubi/create/content/contraptions/ITransformableBlock on uwu/lopyluna/create_dd/block/BlockProperties/secondary_encased_chain_drive/ChainDriveBlock2
[26Dec2025 18:16:32.569] [modloading-worker-0/DEBUG] [Ponder/]: Loaded net.createmod.catnip.platform.ForgePlatformHelper@11177edf for service interface net.createmod.catnip.platform.services.PlatformHelper
[26Dec2025 18:16:32.570] [modloading-worker-0/DEBUG] [Ponder/]: Loaded net.createmod.catnip.platform.ForgeFluidHelper@67380842 for service interface net.createmod.catnip.platform.services.ModFluidHelper
[26Dec2025 18:16:32.575] [modloading-worker-0/DEBUG] [Ponder/]: Loaded net.createmod.catnip.platform.ForgeHooksHelper@3cf58f49 for service interface net.createmod.catnip.platform.services.ModHooksHelper
[26Dec2025 18:16:32.577] [modloading-worker-0/DEBUG] [Ponder/]: Loaded net.createmod.catnip.platform.ForgeRegisteredObjectsHelper@5c84118e for service interface net.createmod.catnip.platform.services.RegisteredObjectsHelper
[26Dec2025 18:16:32.578] [modloading-worker-0/DEBUG] [Ponder/]: Loaded net.createmod.catnip.platform.ForgeNetworkHelper@57699807 for service interface net.createmod.catnip.platform.services.NetworkHelper
[26Dec2025 18:16:32.606] [modloading-worker-0/DEBUG] [mixin/]: Mixing BlockFixers.BlockCopycatBlockMixin from ddtocreate6.mixins.json into uwu.lopyluna.create_dd.block.BlockProperties.copycat.BlockcopycatBlock
[26Dec2025 18:16:32.608] [modloading-worker-0/DEBUG] [mixin/]: ddtocreate6.mixins.json:BlockFixers.BlockCopycatBlockMixin: Class version 61 required is higher than the class version supported by the current version of Mixin (JAVA_8 supports class version 52)
[26Dec2025 18:16:32.618] [modloading-worker-0/DEBUG] [mixin/]: Mixing BlockFixers.BlockCopycatSlabMixin from ddtocreate6.mixins.json into uwu.lopyluna.create_dd.block.BlockProperties.copycat.BlockcopycatSlab
[26Dec2025 18:16:32.619] [modloading-worker-0/DEBUG] [mixin/]: ddtocreate6.mixins.json:BlockFixers.BlockCopycatSlabMixin: Class version 61 required is higher than the class version supported by the current version of Mixin (JAVA_8 supports class version 52)
[26Dec2025 18:16:32.619] [modloading-worker-0/DEBUG] [mixin/]: Mixing BlockFixers.PlacementFixerMultiTargetMixin from ddtocreate6.mixins.json into uwu.lopyluna.create_dd.block.BlockProperties.copycat.BlockcopycatSlab
[26Dec2025 18:16:32.619] [modloading-worker-0/DEBUG] [mixin/]: ddtocreate6.mixins.json:BlockFixers.PlacementFixerMultiTargetMixin: Class version 61 required is higher than the class version supported by the current version of Mixin (JAVA_8 supports class version 52)
[26Dec2025 18:16:32.639] [modloading-worker-0/DEBUG] [mixin/]: Mixing BlockFixers.buildertransgender.BuilderTransgenderMixin from ddtocreate6.mixins.json into uwu.lopyluna.create_dd.block.BuilderTransgender
[26Dec2025 18:16:32.640] [modloading-worker-0/DEBUG] [mixin/]: ddtocreate6.mixins.json:BlockFixers.buildertransgender.BuilderTransgenderMixin: Class version 61 required is higher than the class version supported by the current version of Mixin (JAVA_8 supports class version 52)
[26Dec2025 18:16:32.808] [modloading-worker-0/DEBUG] [mixin/]: Mixing BlockFixers.GeneralFixerMultiTargetMixin from ddtocreate6.mixins.json into uwu.lopyluna.create_dd.block.BlockProperties.fan.TwoBladeFanBlock
[26Dec2025 18:16:32.808] [modloading-worker-0/DEBUG] [mixin/]: ddtocreate6.mixins.json:BlockFixers.GeneralFixerMultiTargetMixin: Class version 61 required is higher than the class version supported by the current version of Mixin (JAVA_8 supports class version 52)
[26Dec2025 18:16:32.813] [modloading-worker-0/DEBUG] [mixin/]: Mixing BlockFixers.GeneralFixerMultiTargetMixin from ddtocreate6.mixins.json into uwu.lopyluna.create_dd.block.BlockProperties.fan.FourBladeFanBlock
[26Dec2025 18:16:32.813] [modloading-worker-0/DEBUG] [mixin/]: ddtocreate6.mixins.json:BlockFixers.GeneralFixerMultiTargetMixin: Class version 61 required is higher than the class version supported by the current version of Mixin (JAVA_8 supports class version 52)
[26Dec2025 18:16:32.820] [modloading-worker-0/DEBUG] [mixin/]: Mixing BlockFixers.GeneralFixerMultiTargetMixin from ddtocreate6.mixins.json into uwu.lopyluna.create_dd.block.BlockProperties.fan.EightBladeFanBlock
[26Dec2025 18:16:32.821] [modloading-worker-0/DEBUG] [mixin/]: ddtocreate6.mixins.json:BlockFixers.GeneralFixerMultiTargetMixin: Class version 61 required is higher than the class version supported by the current version of Mixin (JAVA_8 supports class version 52)
[26Dec2025 18:16:32.828] [modloading-worker-0/DEBUG] [mixin/]: Mixing BlockFixers.MovementBehaviourMachines.LongNameMultiTarget from ddtocreate6.mixins.json into uwu.lopyluna.create_dd.block.BlockProperties.drill.bronze.BronzeDrillBlockBreakingKineticBlockEntity
[26Dec2025 18:16:32.829] [modloading-worker-0/DEBUG] [mixin/]: ddtocreate6.mixins.json:BlockFixers.MovementBehaviourMachines.LongNameMultiTarget: Class version 61 required is higher than the class version supported by the current version of Mixin (JAVA_8 supports class version 52)
[26Dec2025 18:16:32.839] [modloading-worker-0/DEBUG] [mixin/]: Mixing BlockFixers.blockEntities.YIPPEESlidingDoorBlockEntityMixin from ddtocreate6.mixins.json into uwu.lopyluna.create_dd.block.BlockProperties.door.YIPPEESlidingDoorBlockEntity
[26Dec2025 18:16:32.840] [modloading-worker-0/DEBUG] [mixin/]: ddtocreate6.mixins.json:BlockFixers.blockEntities.YIPPEESlidingDoorBlockEntityMixin: Class version 61 required is higher than the class version supported by the current version of Mixin (JAVA_8 supports class version 52)
[26Dec2025 18:16:32.855] [modloading-worker-0/DEBUG] [mixin/]: Mixing BlockFixers.MovementBehaviourMachines.LongNameMultiTarget from ddtocreate6.mixins.json into uwu.lopyluna.create_dd.block.BlockProperties.drill.radiant.RadiantDrillBlockBreakingKineticBlockEntity
[26Dec2025 18:16:32.855] [modloading-worker-0/DEBUG] [mixin/]: ddtocreate6.mixins.json:BlockFixers.MovementBehaviourMachines.LongNameMultiTarget: Class version 61 required is higher than the class version supported by the current version of Mixin (JAVA_8 supports class version 52)
[26Dec2025 18:16:32.874] [modloading-worker-0/DEBUG] [mixin/]: Mixing BlockFixers.MovementBehaviourMachines.LongNameMultiTarget from ddtocreate6.mixins.json into uwu.lopyluna.create_dd.block.BlockProperties.drill.shadow.ShadowDrillBlockBreakingKineticBlockEntity
[26Dec2025 18:16:32.875] [modloading-worker-0/DEBUG] [mixin/]: ddtocreate6.mixins.json:BlockFixers.MovementBehaviourMachines.LongNameMultiTarget: Class version 61 required is higher than the class version supported by the current version of Mixin (JAVA_8 supports class version 52)
[26Dec2025 18:16:32.907] [modloading-worker-0/DEBUG] [mixin/]: Mixing BlockFixers.blockEntities.TwoBladeFanBlockEntityMixin from ddtocreate6.mixins.json into uwu.lopyluna.create_dd.block.BlockProperties.fan.TwoBladeFanBlockEntity
[26Dec2025 18:16:32.908] [modloading-worker-0/DEBUG] [mixin/]: ddtocreate6.mixins.json:BlockFixers.blockEntities.TwoBladeFanBlockEntityMixin: Class version 61 required is higher than the class version supported by the current version of Mixin (JAVA_8 supports class version 52)
[26Dec2025 18:16:32.930] [modloading-worker-0/DEBUG] [mixin/]: Mixing BlockFixers.blockEntities.FourBladeFanBlockEntityMixin from ddtocreate6.mixins.json into uwu.lopyluna.create_dd.block.BlockProperties.fan.FourBladeFanBlockEntity
[26Dec2025 18:16:32.931] [modloading-worker-0/DEBUG] [mixin/]: ddtocreate6.mixins.json:BlockFixers.blockEntities.FourBladeFanBlockEntityMixin: Class version 61 required is higher than the class version supported by the current version of Mixin (JAVA_8 supports class version 52)
[26Dec2025 18:16:32.940] [modloading-worker-0/DEBUG] [mixin/]: Mixing BlockFixers.blockEntities.EightBladeFanBlockEntityMixin from ddtocreate6.mixins.json into uwu.lopyluna.create_dd.block.BlockProperties.fan.EightBladeFanBlockEntity
[26Dec2025 18:16:32.940] [modloading-worker-0/DEBUG] [mixin/]: ddtocreate6.mixins.json:BlockFixers.blockEntities.EightBladeFanBlockEntityMixin: Class version 61 required is higher than the class version supported by the current version of Mixin (JAVA_8 supports class version 52)
[26Dec2025 18:16:32.953] [modloading-worker-0/DEBUG] [mixin/]: Mixing BlockFixers.blockEntities.KineticMotorBlockEntityMixin from ddtocreate6.mixins.json into uwu.lopyluna.create_dd.block.BlockProperties.kinetic_motor.KineticMotorBlockEntity
[26Dec2025 18:16:32.953] [modloading-worker-0/DEBUG] [mixin/]: ddtocreate6.mixins.json:BlockFixers.blockEntities.KineticMotorBlockEntityMixin: Class version 61 required is higher than the class version supported by the current version of Mixin (JAVA_8 supports class version 52)
[26Dec2025 18:16:32.961] [modloading-worker-0/DEBUG] [mixin/]: Mixing BlockFixers.blockEntities.KineticMotorInnerClassMixin from ddtocreate6.mixins.json into uwu.lopyluna.create_dd.block.BlockProperties.kinetic_motor.KineticMotorBlockEntity$MotorValueBox
[26Dec2025 18:16:32.961] [modloading-worker-0/DEBUG] [mixin/]: ddtocreate6.mixins.json:BlockFixers.blockEntities.KineticMotorInnerClassMixin: Class version 61 required is higher than the class version supported by the current version of Mixin (JAVA_8 supports class version 52)
[26Dec2025 18:16:32.968] [modloading-worker-0/DEBUG] [mixin/]: Mixing BlockFixers.blockEntities.KineticMotorScrollValueBehaviourMixin from ddtocreate6.mixins.json into uwu.lopyluna.create_dd.block.BlockProperties.kinetic_motor.KineticMotorScrollValueBehaviour
[26Dec2025 18:16:32.969] [modloading-worker-0/DEBUG] [mixin/]: ddtocreate6.mixins.json:BlockFixers.blockEntities.KineticMotorScrollValueBehaviourMixin: Class version 61 required is higher than the class version supported by the current version of Mixin (JAVA_8 supports class version 52)
[26Dec2025 18:16:32.975] [modloading-worker-0/DEBUG] [mixin/]: Mixing BlockFixers.blockEntities.AcceleratorMotorBlockEntityMixin from ddtocreate6.mixins.json into uwu.lopyluna.create_dd.block.BlockProperties.accelerator_motor.AcceleratorMotorBlockEntity
[26Dec2025 18:16:32.976] [modloading-worker-0/DEBUG] [mixin/]: ddtocreate6.mixins.json:BlockFixers.blockEntities.AcceleratorMotorBlockEntityMixin: Class version 61 required is higher than the class version supported by the current version of Mixin (JAVA_8 supports class version 52)
[26Dec2025 18:16:32.984] [modloading-worker-0/DEBUG] [mixin/]: Mixing BlockFixers.blockEntities.KineticMotorInnerClassMixin from ddtocreate6.mixins.json into uwu.lopyluna.create_dd.block.BlockProperties.accelerator_motor.AcceleratorMotorBlockEntity$MotorValueBox
[26Dec2025 18:16:32.984] [modloading-worker-0/DEBUG] [mixin/]: ddtocreate6.mixins.json:BlockFixers.blockEntities.KineticMotorInnerClassMixin: Class version 61 required is higher than the class version supported by the current version of Mixin (JAVA_8 supports class version 52)
[26Dec2025 18:16:32.988] [modloading-worker-0/DEBUG] [mixin/]: Mixing BlockFixers.blockEntities.KineticMotorScrollValueBehaviourMixin from ddtocreate6.mixins.json into uwu.lopyluna.create_dd.block.BlockProperties.accelerator_motor.AcceleratorMotorScrollValueBehaviour
[26Dec2025 18:16:32.988] [modloading-worker-0/DEBUG] [mixin/]: ddtocreate6.mixins.json:BlockFixers.blockEntities.KineticMotorScrollValueBehaviourMixin: Class version 61 required is higher than the class version supported by the current version of Mixin (JAVA_8 supports class version 52)
[26Dec2025 18:16:32.992] [modloading-worker-0/DEBUG] [mixin/]: Mixing BlockFixers.blockEntities.CogCrankBlockEntityMixin from ddtocreate6.mixins.json into uwu.lopyluna.create_dd.block.BlockProperties.cog_crank.CogCrankBlockEntity
[26Dec2025 18:16:32.992] [modloading-worker-0/DEBUG] [mixin/]: ddtocreate6.mixins.json:BlockFixers.blockEntities.CogCrankBlockEntityMixin: Class version 61 required is higher than the class version supported by the current version of Mixin (JAVA_8 supports class version 52)
[26Dec2025 18:16:33.080] [modloading-worker-0/DEBUG] [mixin/]: Mixing BlockFixers.GeneralFixerMultiTargetMixin from ddtocreate6.mixins.json into uwu.lopyluna.create_dd.item.ItemProperties.StargazeInfiniteBlock
[26Dec2025 18:16:33.081] [modloading-worker-0/DEBUG] [mixin/]: ddtocreate6.mixins.json:BlockFixers.GeneralFixerMultiTargetMixin: Class version 61 required is higher than the class version supported by the current version of Mixin (JAVA_8 supports class version 52)
[26Dec2025 18:16:33.134] [modloading-worker-0/DEBUG] [mixin/]: Mixing BlockFixers.GeneralFixerMultiTargetMixin from ddtocreate6.mixins.json into uwu.lopyluna.create_dd.item.ItemProperties.compound.ChromaticCompound
[26Dec2025 18:16:33.134] [modloading-worker-0/DEBUG] [mixin/]: ddtocreate6.mixins.json:BlockFixers.GeneralFixerMultiTargetMixin: Class version 61 required is higher than the class version supported by the current version of Mixin (JAVA_8 supports class version 52)
[26Dec2025 18:16:33.144] [modloading-worker-0/DEBUG] [mixin/]: Mixing BlockFixers.GeneralFixerMultiTargetMixin from ddtocreate6.mixins.json into uwu.lopyluna.create_dd.item.ItemProperties.compound.ShadowSteel
[26Dec2025 18:16:33.145] [modloading-worker-0/DEBUG] [mixin/]: ddtocreate6.mixins.json:BlockFixers.GeneralFixerMultiTargetMixin: Class version 61 required is higher than the class version supported by the current version of Mixin (JAVA_8 supports class version 52)
[26Dec2025 18:16:33.149] [modloading-worker-0/DEBUG] [mixin/]: Mixing BlockFixers.GeneralFixerMultiTargetMixin from ddtocreate6.mixins.json into uwu.lopyluna.create_dd.item.ItemProperties.compound.NoGravMagical
[26Dec2025 18:16:33.149] [modloading-worker-0/DEBUG] [mixin/]: ddtocreate6.mixins.json:BlockFixers.GeneralFixerMultiTargetMixin: Class version 61 required is higher than the class version supported by the current version of Mixin (JAVA_8 supports class version 52)
[26Dec2025 18:16:33.154] [modloading-worker-0/DEBUG] [mixin/]: Mixing BlockFixers.GeneralFixerMultiTargetMixin from ddtocreate6.mixins.json into uwu.lopyluna.create_dd.item.ItemProperties.compound.RefinedRadiance
[26Dec2025 18:16:33.155] [modloading-worker-0/DEBUG] [mixin/]: ddtocreate6.mixins.json:BlockFixers.GeneralFixerMultiTargetMixin: Class version 61 required is higher than the class version supported by the current version of Mixin (JAVA_8 supports class version 52)
[26Dec2025 18:16:33.157] [modloading-worker-0/DEBUG] [mixin/]: Mixing BlockFixers.GeneralFixerMultiTargetMixin from ddtocreate6.mixins.json into uwu.lopyluna.create_dd.item.ItemProperties.compound.UnchargedStargazeSingularity
[26Dec2025 18:16:33.157] [modloading-worker-0/DEBUG] [mixin/]: ddtocreate6.mixins.json:BlockFixers.GeneralFixerMultiTargetMixin: Class version 61 required is higher than the class version supported by the current version of Mixin (JAVA_8 supports class version 52)
[26Dec2025 18:16:33.161] [modloading-worker-0/DEBUG] [mixin/]: Mixing BlockFixers.GeneralFixerMultiTargetMixin from ddtocreate6.mixins.json into uwu.lopyluna.create_dd.item.ItemProperties.compound.StargazeSingularity
[26Dec2025 18:16:33.162] [modloading-worker-0/DEBUG] [mixin/]: ddtocreate6.mixins.json:BlockFixers.GeneralFixerMultiTargetMixin: Class version 61 required is higher than the class version supported by the current version of Mixin (JAVA_8 supports class version 52)
[26Dec2025 18:16:33.168] [modloading-worker-0/DEBUG] [mixin/]: Mixing BlockFixers.GeneralFixerMultiTargetMixin from ddtocreate6.mixins.json into uwu.lopyluna.create_dd.item.ItemProperties.compound.BlazeGold
[26Dec2025 18:16:33.169] [modloading-worker-0/DEBUG] [mixin/]: ddtocreate6.mixins.json:BlockFixers.GeneralFixerMultiTargetMixin: Class version 61 required is higher than the class version supported by the current version of Mixin (JAVA_8 supports class version 52)
[26Dec2025 18:16:33.176] [modloading-worker-0/DEBUG] [mixin/]: Mixing BlockFixers.GeneralFixerMultiTargetMixin from ddtocreate6.mixins.json into uwu.lopyluna.create_dd.item.ItemProperties.compound.OverchargeAlloy
[26Dec2025 18:16:33.176] [modloading-worker-0/DEBUG] [mixin/]: ddtocreate6.mixins.json:BlockFixers.GeneralFixerMultiTargetMixin: Class version 61 required is higher than the class version supported by the current version of Mixin (JAVA_8 supports class version 52)
[26Dec2025 18:16:33.181] [modloading-worker-0/DEBUG] [mixin/]: Mixing ItemFixers.ForestRavagerMixin from ddtocreate6.mixins.json into uwu.lopyluna.create_dd.item.ItemProperties.sawtool.ForestRavagerItem
[26Dec2025 18:16:33.183] [modloading-worker-0/DEBUG] [mixin/]: ddtocreate6.mixins.json:ItemFixers.ForestRavagerMixin: Class version 61 required is higher than the class version supported by the current version of Mixin (JAVA_8 supports class version 52)
[26Dec2025 18:16:33.191] [modloading-worker-0/DEBUG] [mixin/]: Mixing ItemFixers.ForestRavagerRendererMixin from ddtocreate6.mixins.json into uwu.lopyluna.create_dd.item.ItemProperties.sawtool.ForestRavagerRender
[26Dec2025 18:16:33.192] [modloading-worker-0/DEBUG] [mixin/]: ddtocreate6.mixins.json:ItemFixers.ForestRavagerRendererMixin: Class version 61 required is higher than the class version supported by the current version of Mixin (JAVA_8 supports class version 52)
[26Dec2025 18:16:33.199] [modloading-worker-0/DEBUG] [mixin/]: Mixing ItemFixers.ActualDeforesterItemMixin from ddtocreate6.mixins.json into uwu.lopyluna.create_dd.item.ItemProperties.sawtool.DeforesterItem
[26Dec2025 18:16:33.199] [modloading-worker-0/DEBUG] [mixin/]: ddtocreate6.mixins.json:ItemFixers.ActualDeforesterItemMixin: Class version 61 required is higher than the class version supported by the current version of Mixin (JAVA_8 supports class version 52)
[26Dec2025 18:16:33.203] [modloading-worker-0/DEBUG] [mixin/]: Mixing ItemFixers.DeforesterMixin from ddtocreate6.mixins.json into uwu.lopyluna.create_dd.item.ItemProperties.sawtool.DeforesterAxeItem
[26Dec2025 18:16:33.203] [modloading-worker-0/DEBUG] [mixin/]: ddtocreate6.mixins.json:ItemFixers.DeforesterMixin: Class version 61 required is higher than the class version supported by the current version of Mixin (JAVA_8 supports class version 52)
[26Dec2025 18:16:33.211] [modloading-worker-0/DEBUG] [mixin/]: Mixing ItemFixers.DeforesterRenderMixin from ddtocreate6.mixins.json into uwu.lopyluna.create_dd.item.ItemProperties.sawtool.DeforesterRender
[26Dec2025 18:16:33.212] [modloading-worker-0/DEBUG] [mixin/]: ddtocreate6.mixins.json:ItemFixers.DeforesterRenderMixin: Class version 61 required is higher than the class version supported by the current version of Mixin (JAVA_8 supports class version 52)
[26Dec2025 18:16:33.212] [modloading-worker-0/DEBUG] [mixin/]: Renaming @Unique field GEAR_ROTATION_OFFSETLnet/minecraft/world/phys/Vec3; to fddef746$GEAR_ROTATION_OFFSET$0 in ddtocreate6.mixins.json:ItemFixers.DeforesterRenderMixin
[26Dec2025 18:16:33.218] [modloading-worker-0/DEBUG] [mixin/]: Mixing BlockFixers.GeneralFixerMultiTargetMixin from ddtocreate6.mixins.json into uwu.lopyluna.create_dd.item.ItemProperties.exp.ExperienceNuggetItemOne
[26Dec2025 18:16:33.219] [modloading-worker-0/DEBUG] [mixin/]: ddtocreate6.mixins.json:BlockFixers.GeneralFixerMultiTargetMixin: Class version 61 required is higher than the class version supported by the current version of Mixin (JAVA_8 supports class version 52)
[26Dec2025 18:16:33.224] [modloading-worker-0/DEBUG] [mixin/]: Mixing BlockFixers.GeneralFixerMultiTargetMixin from ddtocreate6.mixins.json into uwu.lopyluna.create_dd.item.ItemProperties.exp.ExperienceNuggetItemTwo
[26Dec2025 18:16:33.224] [modloading-worker-0/DEBUG] [mixin/]: ddtocreate6.mixins.json:BlockFixers.GeneralFixerMultiTargetMixin: Class version 61 required is higher than the class version supported by the current version of Mixin (JAVA_8 supports class version 52)
[26Dec2025 18:16:33.239] [modloading-worker-0/DEBUG] [mixin/]: Mixing BlockFixers.GeneralFixerMultiTargetMixin from ddtocreate6.mixins.json into uwu.lopyluna.create_dd.item.ItemProperties.SequencedCraftingItem.SequencedCraftingItem1
[26Dec2025 18:16:33.240] [modloading-worker-0/DEBUG] [mixin/]: ddtocreate6.mixins.json:BlockFixers.GeneralFixerMultiTargetMixin: Class version 61 required is higher than the class version supported by the current version of Mixin (JAVA_8 supports class version 52)
[26Dec2025 18:16:33.240] [modloading-worker-0/DEBUG] [mixin/]: Mixing ItemFixers.SequencedCraftingFixers from ddtocreate6.mixins.json into uwu.lopyluna.create_dd.item.ItemProperties.SequencedCraftingItem.SequencedCraftingItem1
[26Dec2025 18:16:33.240] [modloading-worker-0/DEBUG] [mixin/]: ddtocreate6.mixins.json:ItemFixers.SequencedCraftingFixers: Class version 61 required is higher than the class version supported by the current version of Mixin (JAVA_8 supports class version 52)
[26Dec2025 18:16:33.244] [modloading-worker-0/DEBUG] [mixin/]: Mixing BlockFixers.GeneralFixerMultiTargetMixin from ddtocreate6.mixins.json into uwu.lopyluna.create_dd.item.ItemProperties.SequencedCraftingItem.SequencedCraftingItem2
[26Dec2025 18:16:33.244] [modloading-worker-0/DEBUG] [mixin/]: ddtocreate6.mixins.json:BlockFixers.GeneralFixerMultiTargetMixin: Class version 61 required is higher than the class version supported by the current version of Mixin (JAVA_8 supports class version 52)
[26Dec2025 18:16:33.245] [modloading-worker-0/DEBUG] [mixin/]: Mixing ItemFixers.SequencedCraftingFixers from ddtocreate6.mixins.json into uwu.lopyluna.create_dd.item.ItemProperties.SequencedCraftingItem.SequencedCraftingItem2
[26Dec2025 18:16:33.245] [modloading-worker-0/DEBUG] [mixin/]: ddtocreate6.mixins.json:ItemFixers.SequencedCraftingFixers: Class version 61 required is higher than the class version supported by the current version of Mixin (JAVA_8 supports class version 52)
[26Dec2025 18:16:33.302] [modloading-worker-0/DEBUG] [mixin/]: Mixing BlockFixers.DDPaletteStoneTypesMixin from ddtocreate6.mixins.json into uwu.lopyluna.create_dd.block.BlockPalette.DDPaletteStoneTypes
[26Dec2025 18:16:33.303] [modloading-worker-0/DEBUG] [mixin/]: ddtocreate6.mixins.json:BlockFixers.DDPaletteStoneTypesMixin: Class version 61 required is higher than the class version supported by the current version of Mixin (JAVA_8 supports class version 52)
[26Dec2025 18:16:33.309] [modloading-worker-0/DEBUG] [mixin/]: Mixing BlockFixers.DDPalateBlockPartialMixin from ddtocreate6.mixins.json into uwu.lopyluna.create_dd.block.BlockPalette.gen.DDPaletteBlockPartial
[26Dec2025 18:16:33.310] [modloading-worker-0/DEBUG] [mixin/]: ddtocreate6.mixins.json:BlockFixers.DDPalateBlockPartialMixin: Class version 61 required is higher than the class version supported by the current version of Mixin (JAVA_8 supports class version 52)
[26Dec2025 18:16:33.338] [modloading-worker-0/DEBUG] [mixin/]: Mixing initfixers.DDParticleTypesMixin from ddtocreate6.mixins.json into uwu.lopyluna.create_dd.block.BlockProperties.industrial_fan.rando.DDParticleTypes
[26Dec2025 18:16:33.338] [modloading-worker-0/DEBUG] [mixin/]: ddtocreate6.mixins.json:initfixers.DDParticleTypesMixin: Class version 61 required is higher than the class version supported by the current version of Mixin (JAVA_8 supports class version 52)
[26Dec2025 18:16:33.347] [modloading-worker-0/DEBUG] [mixin/]: Mixing initfixers.DDRecipeTypesMixin from ddtocreate6.mixins.json into uwu.lopyluna.create_dd.recipe.DDRecipesTypes
[26Dec2025 18:16:33.348] [modloading-worker-0/DEBUG] [mixin/]: ddtocreate6.mixins.json:initfixers.DDRecipeTypesMixin: Class version 61 required is higher than the class version supported by the current version of Mixin (JAVA_8 supports class version 52)
[26Dec2025 18:16:33.359] [modloading-worker-0/DEBUG] [mixin/]: Mixing BlockFixers.IndustrialFanStuff.IndustrialFanTypeProcessingInnerClassesFixer from ddtocreate6.mixins.json into uwu.lopyluna.create_dd.block.BlockProperties.industrial_fan.Processing.IndustrialTypeFanProcessing$BlastingType
[26Dec2025 18:16:33.359] [modloading-worker-0/DEBUG] [mixin/]: ddtocreate6.mixins.json:BlockFixers.IndustrialFanStuff.IndustrialFanTypeProcessingInnerClassesFixer: Class version 61 required is higher than the class version supported by the current version of Mixin (JAVA_8 supports class version 52)
[26Dec2025 18:16:33.368] [modloading-worker-0/DEBUG] [mixin/]: Mixing BlockFixers.IndustrialFanStuff.IndustrialFanTypeProcessingInnerClassesFixer from ddtocreate6.mixins.json into uwu.lopyluna.create_dd.block.BlockProperties.industrial_fan.Processing.IndustrialTypeFanProcessing$HauntingType
[26Dec2025 18:16:33.368] [modloading-worker-0/DEBUG] [mixin/]: ddtocreate6.mixins.json:BlockFixers.IndustrialFanStuff.IndustrialFanTypeProcessingInnerClassesFixer: Class version 61 required is higher than the class version supported by the current version of Mixin (JAVA_8 supports class version 52)
[26Dec2025 18:16:33.377] [modloading-worker-0/DEBUG] [mixin/]: Mixing BlockFixers.IndustrialFanStuff.IndustrialFanTypeProcessingInnerClassesFixer from ddtocreate6.mixins.json into uwu.lopyluna.create_dd.block.BlockProperties.industrial_fan.Processing.IndustrialTypeFanProcessing$SmokingType
[26Dec2025 18:16:33.377] [modloading-worker-0/DEBUG] [mixin/]: ddtocreate6.mixins.json:BlockFixers.IndustrialFanStuff.IndustrialFanTypeProcessingInnerClassesFixer: Class version 61 required is higher than the class version supported by the current version of Mixin (JAVA_8 supports class version 52)
[26Dec2025 18:16:33.381] [modloading-worker-0/DEBUG] [mixin/]: Mixing BlockFixers.IndustrialFanStuff.IndustrialFanTypeProcessingInnerClassesFixer from ddtocreate6.mixins.json into uwu.lopyluna.create_dd.block.BlockProperties.industrial_fan.Processing.IndustrialTypeFanProcessing$SplashingType
[26Dec2025 18:16:33.381] [modloading-worker-0/DEBUG] [mixin/]: ddtocreate6.mixins.json:BlockFixers.IndustrialFanStuff.IndustrialFanTypeProcessingInnerClassesFixer: Class version 61 required is higher than the class version supported by the current version of Mixin (JAVA_8 supports class version 52)
[26Dec2025 18:16:33.387] [modloading-worker-0/DEBUG] [mixin/]: Mixing BlockFixers.IndustrialFanStuff.IndustrialFanTypeProcessingInnerClassesFixer from ddtocreate6.mixins.json into uwu.lopyluna.create_dd.block.BlockProperties.industrial_fan.Processing.IndustrialTypeFanProcessing$FreezingType
[26Dec2025 18:16:33.387] [modloading-worker-0/DEBUG] [mixin/]: ddtocreate6.mixins.json:BlockFixers.IndustrialFanStuff.IndustrialFanTypeProcessingInnerClassesFixer: Class version 61 required is higher than the class version supported by the current version of Mixin (JAVA_8 supports class version 52)
[26Dec2025 18:16:33.396] [modloading-worker-0/DEBUG] [mixin/]: Mixing BlockFixers.IndustrialFanStuff.IndustrialFanTypeProcessingInnerClassesFixer from ddtocreate6.mixins.json into uwu.lopyluna.create_dd.block.BlockProperties.industrial_fan.Processing.IndustrialTypeFanProcessing$SuperheatingType
[26Dec2025 18:16:33.396] [modloading-worker-0/DEBUG] [mixin/]: ddtocreate6.mixins.json:BlockFixers.IndustrialFanStuff.IndustrialFanTypeProcessingInnerClassesFixer: Class version 61 required is higher than the class version supported by the current version of Mixin (JAVA_8 supports class version 52)
[26Dec2025 18:16:33.407] [modloading-worker-0/DEBUG] [mixin/]: Mixing DDConfigsMixin from ddtocreate6.mixins.json into uwu.lopyluna.create_dd.configs.DDConfigs
[26Dec2025 18:16:33.408] [modloading-worker-0/DEBUG] [mixin/]: ddtocreate6.mixins.json:DDConfigsMixin: Class version 61 required is higher than the class version supported by the current version of Mixin (JAVA_8 supports class version 52)
[26Dec2025 18:16:33.426] [modloading-worker-0/DEBUG] [mixin/]: Mixing DDKineticsMixin from ddtocreate6.mixins.json into uwu.lopyluna.create_dd.configs.server.DDKinetics
[26Dec2025 18:16:33.427] [modloading-worker-0/DEBUG] [mixin/]: ddtocreate6.mixins.json:DDKineticsMixin: Class version 61 required is higher than the class version supported by the current version of Mixin (JAVA_8 supports class version 52)
[26Dec2025 18:16:33.439] [modloading-worker-0/DEBUG] [net.minecraftforge.fml.config.ConfigTracker/CONFIG]: Config file create_dd-common.toml for create_dd tracking
[26Dec2025 18:16:33.440] [modloading-worker-0/DEBUG] [net.minecraftforge.fml.config.ConfigTracker/CONFIG]: Config file create_dd-client.toml for create_dd tracking
[26Dec2025 18:16:33.440] [modloading-worker-0/DEBUG] [net.minecraftforge.fml.config.ConfigTracker/CONFIG]: Config file create_dd-server.toml for create_dd tracking
[26Dec2025 18:16:33.444] [modloading-worker-0/DEBUG] [mixin/]: Mixing initfixers.DDClientMixin from ddtocreate6.mixins.json into uwu.lopyluna.create_dd.DDCreateClient
[26Dec2025 18:16:33.444] [modloading-worker-0/DEBUG] [mixin/]: ddtocreate6.mixins.json:initfixers.DDClientMixin: Class version 61 required is higher than the class version supported by the current version of Mixin (JAVA_8 supports class version 52)
[26Dec2025 18:16:33.449] [modloading-worker-0/DEBUG] [mixin/]: Mixing client.accessor.ParticleEngineAccessor from ponder.mixins.json into net.minecraft.client.particle.ParticleEngine
[26Dec2025 18:16:33.460] [modloading-worker-0/DEBUG] [net.minecraftforge.fml.javafmlmod.AutomaticEventSubscriber/LOADING]: Attempting to inject @EventBusSubscriber classes into the eventbus for create_dd
[26Dec2025 18:16:33.460] [modloading-worker-0/DEBUG] [net.minecraftforge.fml.javafmlmod.AutomaticEventSubscriber/LOADING]: Auto-subscribing uwu.lopyluna.create_dd.item.ItemProperties.sawtool.ForestRavagerItem to FORGE
[26Dec2025 18:16:33.465] [modloading-worker-0/DEBUG] [net.minecraftforge.fml.javafmlmod.AutomaticEventSubscriber/LOADING]: Auto-subscribing uwu.lopyluna.create_dd.item.ItemProperties.sawtool.DeforesterItem to FORGE
[26Dec2025 18:16:33.466] [modloading-worker-0/DEBUG] [net.minecraftforge.fml.javafmlmod.AutomaticEventSubscriber/LOADING]: Auto-subscribing uwu.lopyluna.create_dd.fluid.DDFluids$DDFluidEvents to FORGE
[26Dec2025 18:16:33.467] [modloading-worker-0/DEBUG] [mixin/]: Mixing initfixers.DDFluidsMixin from ddtocreate6.mixins.json into uwu.lopyluna.create_dd.fluid.DDFluids$DDFluidEvents
[26Dec2025 18:16:33.467] [modloading-worker-0/DEBUG] [mixin/]: ddtocreate6.mixins.json:initfixers.DDFluidsMixin: Class version 61 required is higher than the class version supported by the current version of Mixin (JAVA_8 supports class version 52)
[26Dec2025 18:16:33.472] [modloading-worker-0/DEBUG] [net.minecraftforge.fml.javafmlmod.AutomaticEventSubscriber/LOADING]: Auto-subscribing uwu.lopyluna.create_dd.events.DDClientEvents to FORGE
[26Dec2025 18:16:33.473] [modloading-worker-0/DEBUG] [net.minecraftforge.fml.javafmlmod.AutomaticEventSubscriber/LOADING]: Auto-subscribing uwu.lopyluna.create_dd.configs.DDConfigs to MOD
[26Dec2025 18:16:33.476] [modloading-worker-0/DEBUG] [net.minecraftforge.fml.javafmlmod.AutomaticEventSubscriber/LOADING]: Auto-subscribing uwu.lopyluna.create_dd.block.BlockProperties.flywheel.engine.FurnaceEngineBlock to FORGE
[26Dec2025 18:16:34.086] [modloading-worker-0/DEBUG] [net.minecraftforge.fml.config.ConfigTracker/CONFIG]: Config file create-common.toml for create tracking
[26Dec2025 18:16:34.086] [modloading-worker-0/DEBUG] [net.minecraftforge.fml.config.ConfigTracker/CONFIG]: Config file create-client.toml for create tracking
[26Dec2025 18:16:34.086] [modloading-worker-0/DEBUG] [net.minecraftforge.fml.config.ConfigTracker/CONFIG]: Config file create-server.toml for create tracking
[26Dec2025 18:16:34.162] [modloading-worker-0/DEBUG] [net.minecraftforge.fml.javafmlmod.AutomaticEventSubscriber/LOADING]: Attempting to inject @EventBusSubscriber classes into the eventbus for create
[26Dec2025 18:16:34.163] [modloading-worker-0/DEBUG] [net.minecraftforge.fml.javafmlmod.AutomaticEventSubscriber/LOADING]: Auto-subscribing com.simibubi.create.infrastructure.gui.OpenCreateMenuButton$OpenConfigButtonHandler to FORGE
[26Dec2025 18:16:34.165] [modloading-worker-0/DEBUG] [net.minecraftforge.fml.javafmlmod.AutomaticEventSubscriber/LOADING]: Auto-subscribing com.simibubi.create.infrastructure.gametest.CreateGameTests to MOD
[26Dec2025 18:16:34.174] [modloading-worker-0/DEBUG] [net.minecraftforge.fml.javafmlmod.AutomaticEventSubscriber/LOADING]: Auto-subscribing com.simibubi.create.infrastructure.config.AllConfigs to MOD
[26Dec2025 18:16:34.174] [modloading-worker-0/DEBUG] [net.minecraftforge.fml.javafmlmod.AutomaticEventSubscriber/LOADING]: Auto-subscribing com.simibubi.create.infrastructure.RemapHelper to FORGE
[26Dec2025 18:16:34.177] [modloading-worker-0/DEBUG] [net.minecraftforge.fml.javafmlmod.AutomaticEventSubscriber/LOADING]: Auto-subscribing com.simibubi.create.impl.registry.CreateRegistriesImpl to MOD
[26Dec2025 18:16:34.178] [modloading-worker-0/DEBUG] [net.minecraftforge.fml.javafmlmod.AutomaticEventSubscriber/LOADING]: Auto-subscribing com.simibubi.create.foundation.render.RenderTypes$Shaders to MOD
[26Dec2025 18:16:34.179] [modloading-worker-0/DEBUG] [net.minecraftforge.fml.javafmlmod.AutomaticEventSubscriber/LOADING]: Auto-subscribing com.simibubi.create.foundation.recipe.AllIngredients to MOD
[26Dec2025 18:16:34.180] [modloading-worker-0/DEBUG] [net.minecraftforge.fml.javafmlmod.AutomaticEventSubscriber/LOADING]: Auto-subscribing com.simibubi.create.foundation.events.InputEvents to FORGE
[26Dec2025 18:16:34.183] [modloading-worker-0/DEBUG] [net.minecraftforge.fml.javafmlmod.AutomaticEventSubscriber/LOADING]: Auto-subscribing com.simibubi.create.foundation.events.CommonEvents to FORGE
[26Dec2025 18:16:34.192] [modloading-worker-0/DEBUG] [net.minecraftforge.fml.javafmlmod.AutomaticEventSubscriber/LOADING]: Auto-subscribing com.simibubi.create.foundation.events.CommonEvents$ModBusEvents to MOD
[26Dec2025 18:16:34.194] [modloading-worker-0/DEBUG] [net.minecraftforge.fml.javafmlmod.AutomaticEventSubscriber/LOADING]: Auto-subscribing com.simibubi.create.foundation.events.ClientEvents to FORGE
[26Dec2025 18:16:34.201] [modloading-worker-0/DEBUG] [net.minecraftforge.fml.javafmlmod.AutomaticEventSubscriber/LOADING]: Auto-subscribing com.simibubi.create.foundation.events.ClientEvents$ModBusEvents to MOD
[26Dec2025 18:16:34.207] [modloading-worker-0/DEBUG] [net.minecraftforge.fml.javafmlmod.AutomaticEventSubscriber/LOADING]: Auto-subscribing com.simibubi.create.foundation.blockEntity.behaviour.edgeInteraction.EdgeInteractionHandler to FORGE
[26Dec2025 18:16:34.209] [modloading-worker-0/DEBUG] [net.minecraftforge.fml.javafmlmod.AutomaticEventSubscriber/LOADING]: Auto-subscribing com.simibubi.create.foundation.blockEntity.behaviour.ValueSettingsInputHandler to FORGE
[26Dec2025 18:16:34.210] [modloading-worker-0/DEBUG] [net.minecraftforge.fml.javafmlmod.AutomaticEventSubscriber/LOADING]: Auto-subscribing com.simibubi.create.foundation.block.ItemUseOverrides to FORGE
[26Dec2025 18:16:34.211] [modloading-worker-0/DEBUG] [net.minecraftforge.fml.javafmlmod.AutomaticEventSubscriber/LOADING]: Auto-subscribing com.simibubi.create.content.trains.track.TrackBlockOutline to FORGE
[26Dec2025 18:16:34.217] [modloading-worker-0/DEBUG] [net.minecraftforge.fml.javafmlmod.AutomaticEventSubscriber/LOADING]: Auto-subscribing com.simibubi.create.content.trains.track.TrackBlockItem to FORGE
[26Dec2025 18:16:34.220] [modloading-worker-0/DEBUG] [net.minecraftforge.fml.javafmlmod.AutomaticEventSubscriber/LOADING]: Auto-subscribing com.simibubi.create.content.trains.schedule.ScheduleItemEntityInteraction to FORGE
[26Dec2025 18:16:34.223] [modloading-worker-0/DEBUG] [net.minecraftforge.fml.javafmlmod.AutomaticEventSubscriber/LOADING]: Auto-subscribing com.simibubi.create.content.redstone.link.LinkHandler to FORGE
[26Dec2025 18:16:34.224] [modloading-worker-0/DEBUG] [net.minecraftforge.fml.javafmlmod.AutomaticEventSubscriber/LOADING]: Auto-subscribing com.simibubi.create.content.redstone.displayLink.DisplayLinkBlockItem to FORGE
[26Dec2025 18:16:34.225] [modloading-worker-0/DEBUG] [net.minecraftforge.fml.javafmlmod.AutomaticEventSubscriber/LOADING]: Auto-subscribing com.simibubi.create.content.redstone.displayLink.ClickToLinkBlockItem to FORGE
[26Dec2025 18:16:34.225] [modloading-worker-0/DEBUG] [net.minecraftforge.fml.javafmlmod.AutomaticEventSubscriber/LOADING]: Auto-subscribing com.simibubi.create.content.processing.burner.BlazeBurnerHandler to FORGE
[26Dec2025 18:16:34.228] [modloading-worker-0/DEBUG] [net.minecraftforge.fml.javafmlmod.AutomaticEventSubscriber/LOADING]: Auto-subscribing com.simibubi.create.content.logistics.stockTicker.StockTickerInteractionHandler to FORGE
[26Dec2025 18:16:34.230] [modloading-worker-0/DEBUG] [net.minecraftforge.fml.javafmlmod.AutomaticEventSubscriber/LOADING]: Auto-subscribing com.simibubi.create.content.logistics.itemHatch.ItemHatchHandler to FORGE
[26Dec2025 18:16:34.231] [modloading-worker-0/DEBUG] [net.minecraftforge.fml.javafmlmod.AutomaticEventSubscriber/LOADING]: Auto-subscribing com.simibubi.create.content.logistics.funnel.FunnelItem to FORGE
[26Dec2025 18:16:34.232] [modloading-worker-0/DEBUG] [net.minecraftforge.fml.javafmlmod.AutomaticEventSubscriber/LOADING]: Auto-subscribing com.simibubi.create.content.logistics.depot.EjectorTargetHandler to FORGE
[26Dec2025 18:16:34.236] [modloading-worker-0/DEBUG] [net.minecraftforge.fml.javafmlmod.AutomaticEventSubscriber/LOADING]: Auto-subscribing com.simibubi.create.content.logistics.depot.EjectorItem to FORGE
[26Dec2025 18:16:34.236] [modloading-worker-0/DEBUG] [net.minecraftforge.fml.javafmlmod.AutomaticEventSubscriber/LOADING]: Auto-subscribing com.simibubi.create.content.logistics.box.PackageClientInteractionHandler to FORGE
[26Dec2025 18:16:34.238] [modloading-worker-0/DEBUG] [net.minecraftforge.fml.javafmlmod.AutomaticEventSubscriber/LOADING]: Auto-subscribing com.simibubi.create.content.kinetics.mechanicalArm.ArmItem to FORGE
[26Dec2025 18:16:34.238] [modloading-worker-0/DEBUG] [net.minecraftforge.fml.javafmlmod.AutomaticEventSubscriber/LOADING]: Auto-subscribing com.simibubi.create.content.kinetics.mechanicalArm.ArmInteractionPointHandler to FORGE
[26Dec2025 18:16:34.241] [modloading-worker-0/DEBUG] [net.minecraftforge.fml.javafmlmod.AutomaticEventSubscriber/LOADING]: Auto-subscribing com.simibubi.create.content.kinetics.deployer.ManualApplicationRecipe to FORGE
[26Dec2025 18:16:34.243] [modloading-worker-0/DEBUG] [net.minecraftforge.fml.javafmlmod.AutomaticEventSubscriber/LOADING]: Auto-subscribing com.simibubi.create.content.kinetics.deployer.DeployerFakePlayer to FORGE
[26Dec2025 18:16:34.263] [modloading-worker-0/DEBUG] [io.netty.util.internal.InternalThreadLocalMap/]: -Dio.netty.threadLocalMap.stringBuilder.initialSize: 1024
[26Dec2025 18:16:34.263] [modloading-worker-0/DEBUG] [io.netty.util.internal.InternalThreadLocalMap/]: -Dio.netty.threadLocalMap.stringBuilder.maxSize: 4096
[26Dec2025 18:16:34.297] [modloading-worker-0/DEBUG] [net.minecraftforge.fml.javafmlmod.AutomaticEventSubscriber/LOADING]: Auto-subscribing com.simibubi.create.content.kinetics.crusher.CrushingWheelBlockEntity to FORGE
[26Dec2025 18:16:34.303] [modloading-worker-0/DEBUG] [net.minecraftforge.fml.javafmlmod.AutomaticEventSubscriber/LOADING]: Auto-subscribing com.simibubi.create.content.kinetics.crank.ValveHandleBlock to FORGE
[26Dec2025 18:16:34.305] [modloading-worker-0/DEBUG] [net.minecraftforge.fml.javafmlmod.AutomaticEventSubscriber/LOADING]: Auto-subscribing com.simibubi.create.content.kinetics.chainConveyor.ChainConveyorInteractionHandler to FORGE
[26Dec2025 18:16:34.309] [modloading-worker-0/DEBUG] [net.minecraftforge.fml.javafmlmod.AutomaticEventSubscriber/LOADING]: Auto-subscribing com.simibubi.create.content.kinetics.chainConveyor.ChainConveyorConnectionHandler to FORGE
[26Dec2025 18:16:34.311] [modloading-worker-0/DEBUG] [net.minecraftforge.fml.javafmlmod.AutomaticEventSubscriber/LOADING]: Auto-subscribing com.simibubi.create.content.fluids.FluidReactions to FORGE
[26Dec2025 18:16:34.316] [modloading-worker-0/DEBUG] [net.minecraftforge.fml.javafmlmod.AutomaticEventSubscriber/LOADING]: Auto-subscribing com.simibubi.create.content.fluids.FluidBottleItemHook to FORGE
[26Dec2025 18:16:34.317] [modloading-worker-0/DEBUG] [net.minecraftforge.fml.javafmlmod.AutomaticEventSubscriber/LOADING]: Auto-subscribing com.simibubi.create.content.equipment.zapper.ZapperInteractionHandler to FORGE
[26Dec2025 18:16:34.319] [modloading-worker-0/DEBUG] [net.minecraftforge.fml.javafmlmod.AutomaticEventSubscriber/LOADING]: Auto-subscribing com.simibubi.create.content.equipment.wrench.WrenchEventHandler to FORGE
[26Dec2025 18:16:34.320] [modloading-worker-0/DEBUG] [net.minecraftforge.fml.javafmlmod.AutomaticEventSubscriber/LOADING]: Auto-subscribing com.simibubi.create.content.equipment.tool.CardboardSwordItem to FORGE
[26Dec2025 18:16:34.321] [modloading-worker-0/DEBUG] [net.minecraftforge.fml.javafmlmod.AutomaticEventSubscriber/LOADING]: Auto-subscribing com.simibubi.create.content.equipment.symmetryWand.SymmetryHandler to FORGE
[26Dec2025 18:16:34.323] [modloading-worker-0/DEBUG] [net.minecraftforge.fml.javafmlmod.AutomaticEventSubscriber/LOADING]: Auto-subscribing com.simibubi.create.content.equipment.extendoGrip.ExtendoGripRenderHandler to FORGE
[26Dec2025 18:16:34.325] [modloading-worker-0/DEBUG] [net.minecraftforge.fml.javafmlmod.AutomaticEventSubscriber/LOADING]: Auto-subscribing com.simibubi.create.content.equipment.extendoGrip.ExtendoGripItem to FORGE
[26Dec2025 18:16:34.330] [modloading-worker-0/DEBUG] [net.minecraftforge.fml.javafmlmod.AutomaticEventSubscriber/LOADING]: Auto-subscribing com.simibubi.create.content.equipment.clipboard.ClipboardValueSettingsHandler to FORGE
[26Dec2025 18:16:34.332] [modloading-worker-0/DEBUG] [net.minecraftforge.fml.javafmlmod.AutomaticEventSubscriber/LOADING]: Auto-subscribing com.simibubi.create.content.equipment.bell.HauntedBellPulser to FORGE
[26Dec2025 18:16:34.334] [modloading-worker-0/DEBUG] [net.minecraftforge.fml.javafmlmod.AutomaticEventSubscriber/LOADING]: Auto-subscribing com.simibubi.create.content.equipment.armor.NetheriteDivingHandler to FORGE
[26Dec2025 18:16:34.335] [modloading-worker-0/DEBUG] [net.minecraftforge.fml.javafmlmod.AutomaticEventSubscriber/LOADING]: Auto-subscribing com.simibubi.create.content.equipment.armor.NetheriteBacktankFirstPersonRenderer to FORGE
[26Dec2025 18:16:34.337] [modloading-worker-0/DEBUG] [net.minecraftforge.fml.javafmlmod.AutomaticEventSubscriber/LOADING]: Auto-subscribing com.simibubi.create.content.equipment.armor.DivingHelmetItem to FORGE
[26Dec2025 18:16:34.339] [modloading-worker-0/DEBUG] [net.minecraftforge.fml.javafmlmod.AutomaticEventSubscriber/LOADING]: Auto-subscribing com.simibubi.create.content.equipment.armor.DivingBootsItem to FORGE
[26Dec2025 18:16:34.340] [modloading-worker-0/DEBUG] [net.minecraftforge.fml.javafmlmod.AutomaticEventSubscriber/LOADING]: Auto-subscribing com.simibubi.create.content.equipment.armor.CardboardArmorHandlerClient to FORGE
[26Dec2025 18:16:34.344] [modloading-worker-0/DEBUG] [mixin/]: Mixing client.PlayerRendererMixin from create.mixins.json into net.minecraft.client.renderer.entity.player.PlayerRenderer
[26Dec2025 18:16:34.366] [modloading-worker-0/DEBUG] [net.minecraftforge.fml.javafmlmod.AutomaticEventSubscriber/LOADING]: Auto-subscribing com.simibubi.create.content.equipment.armor.CardboardArmorHandler to FORGE
[26Dec2025 18:16:34.370] [modloading-worker-0/DEBUG] [net.minecraftforge.fml.javafmlmod.AutomaticEventSubscriber/LOADING]: Auto-subscribing com.simibubi.create.content.contraptions.mounted.MinecartContraptionItem to FORGE
[26Dec2025 18:16:34.372] [modloading-worker-0/DEBUG] [net.minecraftforge.fml.javafmlmod.AutomaticEventSubscriber/LOADING]: Auto-subscribing com.simibubi.create.content.contraptions.mounted.CartAssemblerBlockEntity to FORGE
[26Dec2025 18:16:34.372] [modloading-worker-0/DEBUG] [net.minecraftforge.fml.javafmlmod.AutomaticEventSubscriber/LOADING]: Auto-subscribing com.simibubi.create.content.contraptions.minecart.MinecartCouplingItem to FORGE
[26Dec2025 18:16:34.372] [modloading-worker-0/DEBUG] [net.minecraftforge.fml.javafmlmod.AutomaticEventSubscriber/LOADING]: Auto-subscribing com.simibubi.create.content.contraptions.minecart.CouplingHandler to FORGE
[26Dec2025 18:16:34.377] [modloading-worker-0/DEBUG] [net.minecraftforge.fml.javafmlmod.AutomaticEventSubscriber/LOADING]: Auto-subscribing com.simibubi.create.content.contraptions.glue.SuperGlueItem to FORGE
[26Dec2025 18:16:34.377] [modloading-worker-0/DEBUG] [net.minecraftforge.fml.javafmlmod.AutomaticEventSubscriber/LOADING]: Auto-subscribing com.simibubi.create.content.contraptions.glue.SuperGlueHandler to FORGE
[26Dec2025 18:16:34.379] [modloading-worker-0/DEBUG] [net.minecraftforge.fml.javafmlmod.AutomaticEventSubscriber/LOADING]: Auto-subscribing com.simibubi.create.content.contraptions.ContraptionHandlerClient to FORGE
[26Dec2025 18:16:34.380] [modloading-worker-0/DEBUG] [net.minecraftforge.fml.javafmlmod.AutomaticEventSubscriber/LOADING]: Auto-subscribing com.simibubi.create.compat.trainmap.TrainMapEvents to FORGE
[26Dec2025 18:16:34.384] [modloading-worker-0/DEBUG] [net.minecraftforge.fml.javafmlmod.AutomaticEventSubscriber/LOADING]: Auto-subscribing com.simibubi.create.AllKeys to MOD
[26Dec2025 18:16:34.387] [modloading-worker-0/DEBUG] [net.minecraftforge.fml.javafmlmod.AutomaticEventSubscriber/LOADING]: Auto-subscribing com.simibubi.create.AllCreativeModeTabs to MOD
[26Dec2025 18:16:34.429] [Render thread/DEBUG] [net.minecraftforge.registries.ObjectHolderRegistry/REGISTRIES]: Processing ObjectHolder annotations
[26Dec2025 18:16:34.453] [Render thread/DEBUG] [net.minecraftforge.registries.ObjectHolderRegistry/REGISTRIES]: Found 6337 ObjectHolder annotations
[26Dec2025 18:16:34.459] [Render thread/DEBUG] [net.minecraftforge.common.capabilities.CapabilityManager/CAPABILITIES]: Attempting to automatically register: Lnet/minecraftforge/energy/IEnergyStorage;
[26Dec2025 18:16:34.460] [Render thread/DEBUG] [net.minecraftforge.common.capabilities.CapabilityManager/CAPABILITIES]: Attempting to automatically register: Lnet/minecraftforge/fluids/capability/IFluidHandler;
[26Dec2025 18:16:34.460] [Render thread/DEBUG] [net.minecraftforge.common.capabilities.CapabilityManager/CAPABILITIES]: Attempting to automatically register: Lnet/minecraftforge/fluids/capability/IFluidHandlerItem;
[26Dec2025 18:16:34.460] [Render thread/DEBUG] [net.minecraftforge.common.capabilities.CapabilityManager/CAPABILITIES]: Attempting to automatically register: Lnet/minecraftforge/items/IItemHandler;
[26Dec2025 18:16:34.462] [Render thread/DEBUG] [net.minecraftforge.registries.GameData/REGISTRIES]: Unfreezing vanilla registries
[26Dec2025 18:16:34.534] [Render thread/DEBUG] [net.minecraftforge.registries.GameData/REGISTRIES]: Applying holder lookups: minecraft:sound_event
[26Dec2025 18:16:34.539] [Render thread/DEBUG] [net.minecraftforge.registries.GameData/REGISTRIES]: Holder lookups applied: minecraft:sound_event
[26Dec2025 18:16:34.542] [Render thread/DEBUG] [com.tterrag.registrate.AbstractRegistrate/REGISTRATE.REGISTER]: Registering 30 known objects of type minecraft:fluid
[26Dec2025 18:16:34.549] [Render thread/DEBUG] [com.tterrag.registrate.AbstractRegistrate/REGISTRATE.REGISTER]: Registering 8 known objects of type minecraft:fluid
[26Dec2025 18:16:34.551] [Render thread/DEBUG] [net.minecraftforge.registries.GameData/REGISTRIES]: Applying holder lookups: minecraft:fluid
[26Dec2025 18:16:34.552] [Render thread/DEBUG] [net.minecraftforge.registries.GameData/REGISTRIES]: Holder lookups applied: minecraft:fluid
[26Dec2025 18:16:34.552] [Render thread/DEBUG] [com.tterrag.registrate.AbstractRegistrate/REGISTRATE.REGISTER]: Registering 312 known objects of type minecraft:block
[26Dec2025 18:16:34.578] [Render thread/DEBUG] [mixin/]: Mixing BlockFixers.MovementBehaviourMachines.BronzeSawPlacementMixin from ddtocreate6.mixins.json into uwu.lopyluna.create_dd.block.BlockProperties.bronze_saw.BronzeSawBlock$PlacementHelper
[26Dec2025 18:16:34.578] [Render thread/DEBUG] [mixin/]: ddtocreate6.mixins.json:BlockFixers.MovementBehaviourMachines.BronzeSawPlacementMixin: Class version 61 required is higher than the class version supported by the current version of Mixin (JAVA_8 supports class version 52)
[26Dec2025 18:16:34.580] [Render thread/WARN] [mixin/]: Error loading class: com/simibubi/create/foundation/placement/IPlacementHelper (java.lang.ClassNotFoundException: com.simibubi.create.foundation.placement.IPlacementHelper)
[26Dec2025 18:16:34.580] [Render thread/DEBUG] [mixin/]: Failed to resolve declared interface com/simibubi/create/foundation/placement/IPlacementHelper on uwu/lopyluna/create_dd/block/BlockProperties/bronze_saw/BronzeSawBlock$PlacementHelper
[26Dec2025 18:16:34.582] [Render thread/DEBUG] [mixin/]: Mixing BlockFixers.MovementBehaviourMachines.BronzeDrillPlacementMixin from ddtocreate6.mixins.json into uwu.lopyluna.create_dd.block.BlockProperties.drill.bronze.BronzeDrillBlock$PlacementHelper
[26Dec2025 18:16:34.582] [Render thread/DEBUG] [mixin/]: ddtocreate6.mixins.json:BlockFixers.MovementBehaviourMachines.BronzeDrillPlacementMixin: Class version 61 required is higher than the class version supported by the current version of Mixin (JAVA_8 supports class version 52)
[26Dec2025 18:16:34.585] [Render thread/WARN] [mixin/]: Error loading class: com/simibubi/create/foundation/placement/IPlacementHelper (java.lang.ClassNotFoundException: com.simibubi.create.foundation.placement.IPlacementHelper)
[26Dec2025 18:16:34.585] [Render thread/DEBUG] [mixin/]: Failed to resolve declared interface com/simibubi/create/foundation/placement/IPlacementHelper on uwu/lopyluna/create_dd/block/BlockProperties/drill/bronze/BronzeDrillBlock$PlacementHelper
[26Dec2025 18:16:34.589] [Render thread/DEBUG] [mixin/]: Mixing BlockFixers.FlywheelConnectionBlockMixin from ddtocreate6.mixins.json into uwu.lopyluna.create_dd.block.BlockProperties.flywheel.FlywheelBlock$ConnectionState
[26Dec2025 18:16:34.589] [Render thread/DEBUG] [mixin/]: ddtocreate6.mixins.json:BlockFixers.FlywheelConnectionBlockMixin: Class version 61 required is higher than the class version supported by the current version of Mixin (JAVA_8 supports class version 52)
[26Dec2025 18:16:34.593] [Render thread/DEBUG] [mixin/]: Mixing BlockFixers.MovementBehaviourMachines.RadiantDrillPlacementMixin from ddtocreate6.mixins.json into uwu.lopyluna.create_dd.block.BlockProperties.drill.radiant.RadiantDrillBlock$PlacementHelper
[26Dec2025 18:16:34.593] [Render thread/DEBUG] [mixin/]: ddtocreate6.mixins.json:BlockFixers.MovementBehaviourMachines.RadiantDrillPlacementMixin: Class version 61 required is higher than the class version supported by the current version of Mixin (JAVA_8 supports class version 52)
[26Dec2025 18:16:34.596] [Render thread/WARN] [mixin/]: Error loading class: com/simibubi/create/foundation/placement/IPlacementHelper (java.lang.ClassNotFoundException: com.simibubi.create.foundation.placement.IPlacementHelper)
[26Dec2025 18:16:34.596] [Render thread/DEBUG] [mixin/]: Failed to resolve declared interface com/simibubi/create/foundation/placement/IPlacementHelper on uwu/lopyluna/create_dd/block/BlockProperties/drill/radiant/RadiantDrillBlock$PlacementHelper
[26Dec2025 18:16:34.597] [Render thread/DEBUG] [mixin/]: Mixing BlockFixers.MovementBehaviourMachines.ShadowDrillPlacementMixin from ddtocreate6.mixins.json into uwu.lopyluna.create_dd.block.BlockProperties.drill.shadow.ShadowDrillBlock$PlacementHelper
[26Dec2025 18:16:34.598] [Render thread/DEBUG] [mixin/]: ddtocreate6.mixins.json:BlockFixers.MovementBehaviourMachines.ShadowDrillPlacementMixin: Class version 61 required is higher than the class version supported by the current version of Mixin (JAVA_8 supports class version 52)
[26Dec2025 18:16:34.600] [Render thread/WARN] [mixin/]: Error loading class: com/simibubi/create/foundation/placement/IPlacementHelper (java.lang.ClassNotFoundException: com.simibubi.create.foundation.placement.IPlacementHelper)
[26Dec2025 18:16:34.601] [Render thread/DEBUG] [mixin/]: Failed to resolve declared interface com/simibubi/create/foundation/placement/IPlacementHelper on uwu/lopyluna/create_dd/block/BlockProperties/drill/shadow/ShadowDrillBlock$PlacementHelper
[26Dec2025 18:16:34.603] [Render thread/DEBUG] [mixin/]: Mixing BlockFixers.PlacementFixerMultiTargetMixin from ddtocreate6.mixins.json into uwu.lopyluna.create_dd.block.BlockProperties.FanSailBlock$PlacementHelper
[26Dec2025 18:16:34.604] [Render thread/DEBUG] [mixin/]: ddtocreate6.mixins.json:BlockFixers.PlacementFixerMultiTargetMixin: Class version 61 required is higher than the class version supported by the current version of Mixin (JAVA_8 supports class version 52)
[26Dec2025 18:16:34.607] [Render thread/WARN] [mixin/]: Error loading class: com/simibubi/create/foundation/placement/IPlacementHelper (java.lang.ClassNotFoundException: com.simibubi.create.foundation.placement.IPlacementHelper)
[26Dec2025 18:16:34.607] [Render thread/DEBUG] [mixin/]: Failed to resolve declared interface com/simibubi/create/foundation/placement/IPlacementHelper on uwu/lopyluna/create_dd/block/BlockProperties/FanSailBlock$PlacementHelper
[26Dec2025 18:16:34.622] [Render thread/DEBUG] [mixin/]: Mixing BlockFixers.PlacementFixerMultiTargetMixin from ddtocreate6.mixins.json into uwu.lopyluna.create_dd.block.BlockProperties.copycat.BlockcopycatSlab$PlacementHelper
[26Dec2025 18:16:34.623] [Render thread/DEBUG] [mixin/]: ddtocreate6.mixins.json:BlockFixers.PlacementFixerMultiTargetMixin: Class version 61 required is higher than the class version supported by the current version of Mixin (JAVA_8 supports class version 52)
[26Dec2025 18:16:34.626] [Render thread/WARN] [mixin/]: Error loading class: com/simibubi/create/foundation/placement/IPlacementHelper (java.lang.ClassNotFoundException: com.simibubi.create.foundation.placement.IPlacementHelper)
[26Dec2025 18:16:34.626] [Render thread/DEBUG] [mixin/]: Failed to resolve declared interface com/simibubi/create/foundation/placement/IPlacementHelper on uwu/lopyluna/create_dd/block/BlockProperties/copycat/BlockcopycatSlab$PlacementHelper
[26Dec2025 18:16:34.849] [Render thread/DEBUG] [com.tterrag.registrate.AbstractRegistrate/REGISTRATE.REGISTER]: Registering 643 known objects of type minecraft:block
[26Dec2025 18:16:35.447] [Render thread/DEBUG] [net.minecraftforge.registries.GameData/REGISTRIES]: Applying holder lookups: minecraft:block
[26Dec2025 18:16:35.450] [Render thread/DEBUG] [net.minecraftforge.registries.GameData/REGISTRIES]: Holder lookups applied: minecraft:block
[26Dec2025 18:16:35.451] [Render thread/DEBUG] [net.minecraftforge.registries.GameData/REGISTRIES]: Applying holder lookups: minecraft:attribute
[26Dec2025 18:16:35.452] [Render thread/DEBUG] [net.minecraftforge.registries.GameData/REGISTRIES]: Holder lookups applied: minecraft:attribute
[26Dec2025 18:16:35.453] [Render thread/DEBUG] [net.minecraftforge.registries.GameData/REGISTRIES]: Applying holder lookups: minecraft:mob_effect
[26Dec2025 18:16:35.453] [Render thread/DEBUG] [net.minecraftforge.registries.GameData/REGISTRIES]: Holder lookups applied: minecraft:mob_effect
[26Dec2025 18:16:35.471] [Render thread/DEBUG] [net.minecraftforge.registries.GameData/REGISTRIES]: Applying holder lookups: minecraft:particle_type
[26Dec2025 18:16:35.472] [Render thread/DEBUG] [net.minecraftforge.registries.GameData/REGISTRIES]: Holder lookups applied: minecraft:particle_type
[26Dec2025 18:16:35.472] [Render thread/DEBUG] [com.tterrag.registrate.AbstractRegistrate/REGISTRATE.REGISTER]: Registering 406 known objects of type minecraft:item
[26Dec2025 18:16:35.540] [Render thread/DEBUG] [mixin/]: Mixing client.HumanoidModelMixin from create.mixins.json into net.minecraft.client.model.HumanoidModel
[26Dec2025 18:16:35.549] [Render thread/DEBUG] [mixin/]: Mixing accessor.AgeableListModelAccessor from create.mixins.json into net.minecraft.client.model.AgeableListModel
[26Dec2025 18:16:35.563] [Render thread/DEBUG] [com.tterrag.registrate.AbstractRegistrate/REGISTRATE.REGISTER]: Registering 699 known objects of type minecraft:item
[26Dec2025 18:16:35.601] [Render thread/DEBUG] [mixin/]: Mixing accessor.ItemModelGeneratorsAccessor from create.mixins.json into net.minecraft.data.models.ItemModelGenerators
[26Dec2025 18:16:35.601] [Render thread/DEBUG] [mixin/]: Renaming @Accessor method create$getGENERATED_TRIM_MODELS()Ljava/util/List; to create$getGENERATED_TRIM_MODELS_$md$def746$0 in create.mixins.json:accessor.ItemModelGeneratorsAccessor
[26Dec2025 18:16:35.614] [Render thread/DEBUG] [net.minecraftforge.registries.GameData/REGISTRIES]: Applying holder lookups: minecraft:item
[26Dec2025 18:16:35.616] [Render thread/DEBUG] [net.minecraftforge.registries.GameData/REGISTRIES]: Holder lookups applied: minecraft:item
[26Dec2025 18:16:35.616] [Render thread/DEBUG] [com.tterrag.registrate.AbstractRegistrate/REGISTRATE.REGISTER]: Registering 9 known objects of type minecraft:entity_type
[26Dec2025 18:16:35.619] [Render thread/DEBUG] [net.minecraftforge.registries.GameData/REGISTRIES]: Applying holder lookups: minecraft:entity_type
[26Dec2025 18:16:35.620] [Render thread/DEBUG] [net.minecraftforge.registries.GameData/REGISTRIES]: Holder lookups applied: minecraft:entity_type
[26Dec2025 18:16:35.620] [Render thread/DEBUG] [net.minecraftforge.registries.GameData/REGISTRIES]: Applying holder lookups: minecraft:sensor_type
[26Dec2025 18:16:35.621] [Render thread/DEBUG] [net.minecraftforge.registries.GameData/REGISTRIES]: Holder lookups applied: minecraft:sensor_type
[26Dec2025 18:16:35.621] [Render thread/DEBUG] [net.minecraftforge.registries.GameData/REGISTRIES]: Applying holder lookups: minecraft:memory_module_type
[26Dec2025 18:16:35.621] [Render thread/DEBUG] [net.minecraftforge.registries.GameData/REGISTRIES]: Holder lookups applied: minecraft:memory_module_type
[26Dec2025 18:16:35.621] [Render thread/DEBUG] [net.minecraftforge.registries.GameData/REGISTRIES]: Applying holder lookups: minecraft:potion
[26Dec2025 18:16:35.623] [Render thread/DEBUG] [net.minecraftforge.registries.GameData/REGISTRIES]: Holder lookups applied: minecraft:potion
[26Dec2025 18:16:35.623] [Render thread/DEBUG] [net.minecraftforge.registries.GameData/REGISTRIES]: Applying holder lookups: minecraft:game_event
[26Dec2025 18:16:35.624] [Render thread/DEBUG] [net.minecraftforge.registries.GameData/REGISTRIES]: Holder lookups applied: minecraft:game_event
[26Dec2025 18:16:35.624] [Render thread/DEBUG] [com.tterrag.registrate.AbstractRegistrate/REGISTRATE.REGISTER]: Registering 2 known objects of type minecraft:enchantment
[26Dec2025 18:16:35.624] [Render thread/DEBUG] [net.minecraftforge.registries.GameData/REGISTRIES]: Applying holder lookups: minecraft:enchantment
[26Dec2025 18:16:35.624] [Render thread/DEBUG] [net.minecraftforge.registries.GameData/REGISTRIES]: Holder lookups applied: minecraft:enchantment
[26Dec2025 18:16:35.624] [Render thread/DEBUG] [com.tterrag.registrate.AbstractRegistrate/REGISTRATE.REGISTER]: Registering 20 known objects of type minecraft:block_entity_type
[26Dec2025 18:16:35.625] [Render thread/DEBUG] [com.tterrag.registrate.AbstractRegistrate/REGISTRATE.REGISTER]: Registering 114 known objects of type minecraft:block_entity_type
[26Dec2025 18:16:35.626] [Render thread/DEBUG] [net.minecraftforge.registries.GameData/REGISTRIES]: Applying holder lookups: minecraft:block_entity_type
[26Dec2025 18:16:35.627] [Render thread/DEBUG] [net.minecraftforge.registries.GameData/REGISTRIES]: Holder lookups applied: minecraft:block_entity_type
[26Dec2025 18:16:35.627] [Render thread/DEBUG] [net.minecraftforge.registries.GameData/REGISTRIES]: Applying holder lookups: minecraft:painting_variant
[26Dec2025 18:16:35.627] [Render thread/DEBUG] [net.minecraftforge.registries.GameData/REGISTRIES]: Holder lookups applied: minecraft:painting_variant
[26Dec2025 18:16:35.627] [Render thread/DEBUG] [net.minecraftforge.registries.GameData/REGISTRIES]: Applying holder lookups: minecraft:stat_type
[26Dec2025 18:16:35.628] [Render thread/DEBUG] [net.minecraftforge.registries.GameData/REGISTRIES]: Holder lookups applied: minecraft:stat_type
[26Dec2025 18:16:35.628] [Render thread/DEBUG] [net.minecraftforge.registries.GameData/REGISTRIES]: Applying holder lookups: minecraft:custom_stat
[26Dec2025 18:16:35.628] [Render thread/DEBUG] [net.minecraftforge.registries.GameData/REGISTRIES]: Holder lookups applied: minecraft:custom_stat
[26Dec2025 18:16:35.628] [Render thread/DEBUG] [net.minecraftforge.registries.GameData/REGISTRIES]: Applying holder lookups: minecraft:chunk_status
[26Dec2025 18:16:35.629] [Render thread/DEBUG] [net.minecraftforge.registries.GameData/REGISTRIES]: Holder lookups applied: minecraft:chunk_status
[26Dec2025 18:16:35.629] [Render thread/DEBUG] [net.minecraftforge.registries.GameData/REGISTRIES]: Applying holder lookups: minecraft:rule_test
[26Dec2025 18:16:35.629] [Render thread/DEBUG] [net.minecraftforge.registries.GameData/REGISTRIES]: Holder lookups applied: minecraft:rule_test
[26Dec2025 18:16:35.629] [Render thread/DEBUG] [net.minecraftforge.registries.GameData/REGISTRIES]: Applying holder lookups: minecraft:rule_block_entity_modifier
[26Dec2025 18:16:35.630] [Render thread/DEBUG] [net.minecraftforge.registries.GameData/REGISTRIES]: Holder lookups applied: minecraft:rule_block_entity_modifier
[26Dec2025 18:16:35.630] [Render thread/DEBUG] [net.minecraftforge.registries.GameData/REGISTRIES]: Applying holder lookups: minecraft:pos_rule_test
[26Dec2025 18:16:35.630] [Render thread/DEBUG] [net.minecraftforge.registries.GameData/REGISTRIES]: Holder lookups applied: minecraft:pos_rule_test
[26Dec2025 18:16:35.630] [Render thread/DEBUG] [com.tterrag.registrate.AbstractRegistrate/REGISTRATE.REGISTER]: Registering 14 known objects of type minecraft:menu
[26Dec2025 18:16:35.682] [Render thread/DEBUG] [net.minecraftforge.registries.GameData/REGISTRIES]: Applying holder lookups: minecraft:menu
[26Dec2025 18:16:35.683] [Render thread/DEBUG] [net.minecraftforge.registries.GameData/REGISTRIES]: Holder lookups applied: minecraft:menu
[26Dec2025 18:16:35.683] [Render thread/DEBUG] [net.minecraftforge.registries.GameData/REGISTRIES]: Applying holder lookups: minecraft:recipe_type
[26Dec2025 18:16:35.684] [Render thread/DEBUG] [net.minecraftforge.registries.GameData/REGISTRIES]: Holder lookups applied: minecraft:recipe_type
[26Dec2025 18:16:35.695] [Render thread/DEBUG] [net.minecraftforge.registries.GameData/REGISTRIES]: Applying holder lookups: minecraft:recipe_serializer
[26Dec2025 18:16:35.696] [Render thread/DEBUG] [net.minecraftforge.registries.GameData/REGISTRIES]: Holder lookups applied: minecraft:recipe_serializer
[26Dec2025 18:16:35.697] [Render thread/DEBUG] [net.minecraftforge.registries.GameData/REGISTRIES]: Applying holder lookups: minecraft:position_source_type
[26Dec2025 18:16:35.698] [Render thread/DEBUG] [net.minecraftforge.registries.GameData/REGISTRIES]: Holder lookups applied: minecraft:position_source_type
[26Dec2025 18:16:35.700] [Render thread/DEBUG] [net.minecraftforge.registries.GameData/REGISTRIES]: Applying holder lookups: minecraft:command_argument_type
[26Dec2025 18:16:35.701] [Render thread/DEBUG] [net.minecraftforge.registries.GameData/REGISTRIES]: Holder lookups applied: minecraft:command_argument_type
[26Dec2025 18:16:35.701] [Render thread/DEBUG] [net.minecraftforge.registries.GameData/REGISTRIES]: Applying holder lookups: minecraft:villager_type
[26Dec2025 18:16:35.702] [Render thread/DEBUG] [net.minecraftforge.registries.GameData/REGISTRIES]: Holder lookups applied: minecraft:villager_type
[26Dec2025 18:16:35.702] [Render thread/DEBUG] [net.minecraftforge.registries.GameData/REGISTRIES]: Applying holder lookups: minecraft:villager_profession
[26Dec2025 18:16:35.702] [Render thread/DEBUG] [net.minecraftforge.registries.GameData/REGISTRIES]: Holder lookups applied: minecraft:villager_profession
[26Dec2025 18:16:35.703] [Render thread/DEBUG] [net.minecraftforge.registries.GameData/REGISTRIES]: Applying holder lookups: minecraft:point_of_interest_type
[26Dec2025 18:16:35.703] [Render thread/DEBUG] [net.minecraftforge.registries.GameData/REGISTRIES]: Holder lookups applied: minecraft:point_of_interest_type
[26Dec2025 18:16:35.703] [Render thread/DEBUG] [net.minecraftforge.registries.GameData/REGISTRIES]: Applying holder lookups: minecraft:schedule
[26Dec2025 18:16:35.704] [Render thread/DEBUG] [net.minecraftforge.registries.GameData/REGISTRIES]: Holder lookups applied: minecraft:schedule
[26Dec2025 18:16:35.704] [Render thread/DEBUG] [net.minecraftforge.registries.GameData/REGISTRIES]: Applying holder lookups: minecraft:activity
[26Dec2025 18:16:35.704] [Render thread/DEBUG] [net.minecraftforge.registries.GameData/REGISTRIES]: Holder lookups applied: minecraft:activity
[26Dec2025 18:16:35.704] [Render thread/DEBUG] [net.minecraftforge.registries.GameData/REGISTRIES]: Applying holder lookups: minecraft:loot_pool_entry_type
[26Dec2025 18:16:35.704] [Render thread/DEBUG] [net.minecraftforge.registries.GameData/REGISTRIES]: Holder lookups applied: minecraft:loot_pool_entry_type
[26Dec2025 18:16:35.705] [Render thread/DEBUG] [net.minecraftforge.registries.GameData/REGISTRIES]: Applying holder lookups: minecraft:loot_function_type
[26Dec2025 18:16:35.705] [Render thread/DEBUG] [net.minecraftforge.registries.GameData/REGISTRIES]: Holder lookups applied: minecraft:loot_function_type
[26Dec2025 18:16:35.707] [Render thread/DEBUG] [net.minecraftforge.registries.GameData/REGISTRIES]: Applying holder lookups: minecraft:loot_condition_type
[26Dec2025 18:16:35.707] [Render thread/DEBUG] [net.minecraftforge.registries.GameData/REGISTRIES]: Holder lookups applied: minecraft:loot_condition_type
[26Dec2025 18:16:35.707] [Render thread/DEBUG] [net.minecraftforge.registries.GameData/REGISTRIES]: Applying holder lookups: minecraft:loot_number_provider_type
[26Dec2025 18:16:35.707] [Render thread/DEBUG] [net.minecraftforge.registries.GameData/REGISTRIES]: Holder lookups applied: minecraft:loot_number_provider_type
[26Dec2025 18:16:35.708] [Render thread/DEBUG] [net.minecraftforge.registries.GameData/REGISTRIES]: Applying holder lookups: minecraft:loot_nbt_provider_type
[26Dec2025 18:16:35.708] [Render thread/DEBUG] [net.minecraftforge.registries.GameData/REGISTRIES]: Holder lookups applied: minecraft:loot_nbt_provider_type
[26Dec2025 18:16:35.708] [Render thread/DEBUG] [net.minecraftforge.registries.GameData/REGISTRIES]: Applying holder lookups: minecraft:loot_score_provider_type
[26Dec2025 18:16:35.708] [Render thread/DEBUG] [net.minecraftforge.registries.GameData/REGISTRIES]: Holder lookups applied: minecraft:loot_score_provider_type
[26Dec2025 18:16:35.708] [Render thread/DEBUG] [net.minecraftforge.registries.GameData/REGISTRIES]: Applying holder lookups: minecraft:float_provider_type
[26Dec2025 18:16:35.709] [Render thread/DEBUG] [net.minecraftforge.registries.GameData/REGISTRIES]: Holder lookups applied: minecraft:float_provider_type
[26Dec2025 18:16:35.709] [Render thread/DEBUG] [net.minecraftforge.registries.GameData/REGISTRIES]: Applying holder lookups: minecraft:int_provider_type
[26Dec2025 18:16:35.709] [Render thread/DEBUG] [net.minecraftforge.registries.GameData/REGISTRIES]: Holder lookups applied: minecraft:int_provider_type
[26Dec2025 18:16:35.709] [Render thread/DEBUG] [net.minecraftforge.registries.GameData/REGISTRIES]: Applying holder lookups: minecraft:height_provider_type
[26Dec2025 18:16:35.709] [Render thread/DEBUG] [net.minecraftforge.registries.GameData/REGISTRIES]: Holder lookups applied: minecraft:height_provider_type
[26Dec2025 18:16:35.709] [Render thread/DEBUG] [net.minecraftforge.registries.GameData/REGISTRIES]: Applying holder lookups: minecraft:block_predicate_type
[26Dec2025 18:16:35.710] [Render thread/DEBUG] [net.minecraftforge.registries.GameData/REGISTRIES]: Holder lookups applied: minecraft:block_predicate_type
[26Dec2025 18:16:35.710] [Render thread/DEBUG] [net.minecraftforge.registries.GameData/REGISTRIES]: Applying holder lookups: minecraft:worldgen/carver
[26Dec2025 18:16:35.710] [Render thread/DEBUG] [net.minecraftforge.registries.GameData/REGISTRIES]: Holder lookups applied: minecraft:worldgen/carver
[26Dec2025 18:16:35.712] [Render thread/DEBUG] [net.minecraftforge.registries.GameData/REGISTRIES]: Applying holder lookups: minecraft:worldgen/feature
[26Dec2025 18:16:35.713] [Render thread/DEBUG] [net.minecraftforge.registries.GameData/REGISTRIES]: Holder lookups applied: minecraft:worldgen/feature
[26Dec2025 18:16:35.714] [Render thread/DEBUG] [net.minecraftforge.registries.GameData/REGISTRIES]: Applying holder lookups: minecraft:worldgen/structure_processor
[26Dec2025 18:16:35.714] [Render thread/DEBUG] [net.minecraftforge.registries.GameData/REGISTRIES]: Holder lookups applied: minecraft:worldgen/structure_processor
[26Dec2025 18:16:35.714] [Render thread/DEBUG] [net.minecraftforge.registries.GameData/REGISTRIES]: Applying holder lookups: minecraft:worldgen/structure_placement
[26Dec2025 18:16:35.715] [Render thread/DEBUG] [net.minecraftforge.registries.GameData/REGISTRIES]: Holder lookups applied: minecraft:worldgen/structure_placement
[26Dec2025 18:16:35.715] [Render thread/DEBUG] [net.minecraftforge.registries.GameData/REGISTRIES]: Applying holder lookups: minecraft:worldgen/structure_piece
[26Dec2025 18:16:35.715] [Render thread/DEBUG] [net.minecraftforge.registries.GameData/REGISTRIES]: Holder lookups applied: minecraft:worldgen/structure_piece
[26Dec2025 18:16:35.715] [Render thread/DEBUG] [net.minecraftforge.registries.GameData/REGISTRIES]: Applying holder lookups: minecraft:worldgen/structure_type
[26Dec2025 18:16:35.716] [Render thread/DEBUG] [net.minecraftforge.registries.GameData/REGISTRIES]: Holder lookups applied: minecraft:worldgen/structure_type
[26Dec2025 18:16:35.716] [Render thread/DEBUG] [net.minecraftforge.registries.GameData/REGISTRIES]: Applying holder lookups: minecraft:worldgen/placement_modifier_type
[26Dec2025 18:16:35.717] [Render thread/DEBUG] [net.minecraftforge.registries.GameData/REGISTRIES]: Holder lookups applied: minecraft:worldgen/placement_modifier_type
[26Dec2025 18:16:35.717] [Render thread/DEBUG] [net.minecraftforge.registries.GameData/REGISTRIES]: Applying holder lookups: minecraft:worldgen/block_state_provider_type
[26Dec2025 18:16:35.717] [Render thread/DEBUG] [net.minecraftforge.registries.GameData/REGISTRIES]: Holder lookups applied: minecraft:worldgen/block_state_provider_type
[26Dec2025 18:16:35.717] [Render thread/DEBUG] [net.minecraftforge.registries.GameData/REGISTRIES]: Applying holder lookups: minecraft:worldgen/foliage_placer_type
[26Dec2025 18:16:35.718] [Render thread/DEBUG] [net.minecraftforge.registries.GameData/REGISTRIES]: Holder lookups applied: minecraft:worldgen/foliage_placer_type
[26Dec2025 18:16:35.718] [Render thread/DEBUG] [net.minecraftforge.registries.GameData/REGISTRIES]: Applying holder lookups: minecraft:worldgen/trunk_placer_type
[26Dec2025 18:16:35.718] [Render thread/DEBUG] [net.minecraftforge.registries.GameData/REGISTRIES]: Holder lookups applied: minecraft:worldgen/trunk_placer_type
[26Dec2025 18:16:35.718] [Render thread/DEBUG] [net.minecraftforge.registries.GameData/REGISTRIES]: Applying holder lookups: minecraft:worldgen/root_placer_type
[26Dec2025 18:16:35.719] [Render thread/DEBUG] [net.minecraftforge.registries.GameData/REGISTRIES]: Holder lookups applied: minecraft:worldgen/root_placer_type
[26Dec2025 18:16:35.719] [Render thread/DEBUG] [net.minecraftforge.registries.GameData/REGISTRIES]: Applying holder lookups: minecraft:worldgen/tree_decorator_type
[26Dec2025 18:16:35.719] [Render thread/DEBUG] [net.minecraftforge.registries.GameData/REGISTRIES]: Holder lookups applied: minecraft:worldgen/tree_decorator_type
[26Dec2025 18:16:35.719] [Render thread/DEBUG] [net.minecraftforge.registries.GameData/REGISTRIES]: Applying holder lookups: minecraft:worldgen/feature_size_type
[26Dec2025 18:16:35.720] [Render thread/DEBUG] [net.minecraftforge.registries.GameData/REGISTRIES]: Holder lookups applied: minecraft:worldgen/feature_size_type
[26Dec2025 18:16:35.720] [Render thread/DEBUG] [net.minecraftforge.registries.GameData/REGISTRIES]: Applying holder lookups: minecraft:worldgen/biome_source
[26Dec2025 18:16:35.720] [Render thread/DEBUG] [net.minecraftforge.registries.GameData/REGISTRIES]: Holder lookups applied: minecraft:worldgen/biome_source
[26Dec2025 18:16:35.721] [Render thread/DEBUG] [net.minecraftforge.registries.GameData/REGISTRIES]: Applying holder lookups: minecraft:worldgen/chunk_generator
[26Dec2025 18:16:35.721] [Render thread/DEBUG] [net.minecraftforge.registries.GameData/REGISTRIES]: Holder lookups applied: minecraft:worldgen/chunk_generator
[26Dec2025 18:16:35.721] [Render thread/DEBUG] [net.minecraftforge.registries.GameData/REGISTRIES]: Applying holder lookups: minecraft:worldgen/material_condition
[26Dec2025 18:16:35.721] [Render thread/DEBUG] [net.minecraftforge.registries.GameData/REGISTRIES]: Holder lookups applied: minecraft:worldgen/material_condition
[26Dec2025 18:16:35.721] [Render thread/DEBUG] [net.minecraftforge.registries.GameData/REGISTRIES]: Applying holder lookups: minecraft:worldgen/material_rule
[26Dec2025 18:16:35.723] [Render thread/DEBUG] [net.minecraftforge.registries.GameData/REGISTRIES]: Holder lookups applied: minecraft:worldgen/material_rule
[26Dec2025 18:16:35.723] [Render thread/DEBUG] [net.minecraftforge.registries.GameData/REGISTRIES]: Applying holder lookups: minecraft:worldgen/density_function_type
[26Dec2025 18:16:35.723] [Render thread/DEBUG] [net.minecraftforge.registries.GameData/REGISTRIES]: Holder lookups applied: minecraft:worldgen/density_function_type
[26Dec2025 18:16:35.723] [Render thread/DEBUG] [net.minecraftforge.registries.GameData/REGISTRIES]: Applying holder lookups: minecraft:worldgen/structure_pool_element
[26Dec2025 18:16:35.723] [Render thread/DEBUG] [net.minecraftforge.registries.GameData/REGISTRIES]: Holder lookups applied: minecraft:worldgen/structure_pool_element
[26Dec2025 18:16:35.724] [Render thread/DEBUG] [net.minecraftforge.registries.GameData/REGISTRIES]: Applying holder lookups: minecraft:cat_variant
[26Dec2025 18:16:35.724] [Render thread/DEBUG] [net.minecraftforge.registries.GameData/REGISTRIES]: Holder lookups applied: minecraft:cat_variant
[26Dec2025 18:16:35.724] [Render thread/DEBUG] [net.minecraftforge.registries.GameData/REGISTRIES]: Applying holder lookups: minecraft:frog_variant
[26Dec2025 18:16:35.724] [Render thread/DEBUG] [net.minecraftforge.registries.GameData/REGISTRIES]: Holder lookups applied: minecraft:frog_variant
[26Dec2025 18:16:35.724] [Render thread/DEBUG] [net.minecraftforge.registries.GameData/REGISTRIES]: Applying holder lookups: minecraft:banner_pattern
[26Dec2025 18:16:35.725] [Render thread/DEBUG] [net.minecraftforge.registries.GameData/REGISTRIES]: Holder lookups applied: minecraft:banner_pattern
[26Dec2025 18:16:35.725] [Render thread/DEBUG] [net.minecraftforge.registries.GameData/REGISTRIES]: Applying holder lookups: minecraft:instrument
[26Dec2025 18:16:35.725] [Render thread/DEBUG] [net.minecraftforge.registries.GameData/REGISTRIES]: Holder lookups applied: minecraft:instrument
[26Dec2025 18:16:35.725] [Render thread/DEBUG] [net.minecraftforge.registries.GameData/REGISTRIES]: Applying holder lookups: minecraft:decorated_pot_patterns
[26Dec2025 18:16:35.726] [Render thread/DEBUG] [net.minecraftforge.registries.GameData/REGISTRIES]: Holder lookups applied: minecraft:decorated_pot_patterns
[26Dec2025 18:16:35.731] [Render thread/DEBUG] [net.minecraftforge.registries.GameData/REGISTRIES]: Applying holder lookups: minecraft:creative_mode_tab
[26Dec2025 18:16:35.732] [Render thread/DEBUG] [net.minecraftforge.registries.GameData/REGISTRIES]: Holder lookups applied: minecraft:creative_mode_tab
[26Dec2025 18:16:35.732] [Render thread/DEBUG] [net.minecraftforge.registries.GameData/REGISTRIES]: Applying holder lookups: create:arm_interaction_point_type
[26Dec2025 18:16:35.732] [Render thread/DEBUG] [net.minecraftforge.registries.GameData/REGISTRIES]: Holder lookups applied: create:arm_interaction_point_type
[26Dec2025 18:16:35.733] [Render thread/DEBUG] [net.minecraftforge.registries.GameData/REGISTRIES]: Applying holder lookups: create:contraption_type
[26Dec2025 18:16:35.733] [Render thread/DEBUG] [net.minecraftforge.registries.GameData/REGISTRIES]: Holder lookups applied: create:contraption_type
[26Dec2025 18:16:35.733] [Render thread/DEBUG] [com.tterrag.registrate.AbstractRegistrate/REGISTRATE.REGISTER]: Registering 26 known objects of type create:display_source
[26Dec2025 18:16:35.734] [Render thread/DEBUG] [net.minecraftforge.registries.GameData/REGISTRIES]: Applying holder lookups: create:display_source
[26Dec2025 18:16:35.734] [Render thread/DEBUG] [net.minecraftforge.registries.GameData/REGISTRIES]: Holder lookups applied: create:display_source
[26Dec2025 18:16:35.734] [Render thread/DEBUG] [com.tterrag.registrate.AbstractRegistrate/REGISTRATE.REGISTER]: Registering 4 known objects of type create:display_target
[26Dec2025 18:16:35.735] [Render thread/DEBUG] [net.minecraftforge.registries.GameData/REGISTRIES]: Applying holder lookups: create:display_target
[26Dec2025 18:16:35.735] [Render thread/DEBUG] [net.minecraftforge.registries.GameData/REGISTRIES]: Holder lookups applied: create:display_target
[26Dec2025 18:16:35.735] [Render thread/DEBUG] [net.minecraftforge.registries.GameData/REGISTRIES]: Applying holder lookups: create:fan_processing_type
[26Dec2025 18:16:35.735] [Render thread/DEBUG] [net.minecraftforge.registries.GameData/REGISTRIES]: Holder lookups applied: create:fan_processing_type
[26Dec2025 18:16:35.735] [Render thread/DEBUG] [net.minecraftforge.registries.GameData/REGISTRIES]: Applying holder lookups: create:item_attribute_type
[26Dec2025 18:16:35.736] [Render thread/DEBUG] [net.minecraftforge.registries.GameData/REGISTRIES]: Holder lookups applied: create:item_attribute_type
[26Dec2025 18:16:35.736] [Render thread/DEBUG] [com.tterrag.registrate.AbstractRegistrate/REGISTRATE.REGISTER]: Registering 2 known objects of type create:mounted_fluid_storage_type
[26Dec2025 18:16:35.737] [Render thread/DEBUG] [net.minecraftforge.registries.GameData/REGISTRIES]: Applying holder lookups: create:mounted_fluid_storage_type
[26Dec2025 18:16:35.738] [Render thread/DEBUG] [net.minecraftforge.registries.GameData/REGISTRIES]: Holder lookups applied: create:mounted_fluid_storage_type
[26Dec2025 18:16:35.738] [Render thread/DEBUG] [com.tterrag.registrate.AbstractRegistrate/REGISTRATE.REGISTER]: Registering 8 known objects of type create:mounted_item_storage_type
[26Dec2025 18:16:35.743] [Render thread/DEBUG] [net.minecraftforge.registries.GameData/REGISTRIES]: Applying holder lookups: create:mounted_item_storage_type
[26Dec2025 18:16:35.744] [Render thread/DEBUG] [net.minecraftforge.registries.GameData/REGISTRIES]: Holder lookups applied: create:mounted_item_storage_type
[26Dec2025 18:16:35.744] [Render thread/DEBUG] [net.minecraftforge.registries.GameData/REGISTRIES]: Applying holder lookups: create:potato_projectile/block_hit_action
[26Dec2025 18:16:35.745] [Render thread/DEBUG] [net.minecraftforge.registries.GameData/REGISTRIES]: Holder lookups applied: create:potato_projectile/block_hit_action
[26Dec2025 18:16:35.745] [Render thread/DEBUG] [net.minecraftforge.registries.GameData/REGISTRIES]: Applying holder lookups: create:potato_projectile/entity_hit_action
[26Dec2025 18:16:35.745] [Render thread/DEBUG] [net.minecraftforge.registries.GameData/REGISTRIES]: Holder lookups applied: create:potato_projectile/entity_hit_action
[26Dec2025 18:16:35.746] [Render thread/DEBUG] [net.minecraftforge.registries.GameData/REGISTRIES]: Applying holder lookups: create:potato_projectile/render_mode
[26Dec2025 18:16:35.746] [Render thread/DEBUG] [net.minecraftforge.registries.GameData/REGISTRIES]: Holder lookups applied: create:potato_projectile/render_mode
[26Dec2025 18:16:35.751] [Render thread/DEBUG] [net.minecraftforge.registries.GameData/REGISTRIES]: Applying holder lookups: forge:biome_modifier_serializers
[26Dec2025 18:16:35.753] [Render thread/DEBUG] [net.minecraftforge.registries.GameData/REGISTRIES]: Holder lookups applied: forge:biome_modifier_serializers
[26Dec2025 18:16:35.754] [Render thread/DEBUG] [net.minecraftforge.registries.GameData/REGISTRIES]: Applying holder lookups: forge:display_contexts
[26Dec2025 18:16:35.755] [Render thread/DEBUG] [net.minecraftforge.registries.GameData/REGISTRIES]: Holder lookups applied: forge:display_contexts
[26Dec2025 18:16:35.755] [Render thread/DEBUG] [net.minecraftforge.registries.GameData/REGISTRIES]: Applying holder lookups: forge:entity_data_serializers
[26Dec2025 18:16:35.756] [Render thread/DEBUG] [net.minecraftforge.registries.GameData/REGISTRIES]: Holder lookups applied: forge:entity_data_serializers
[26Dec2025 18:16:35.757] [Render thread/DEBUG] [com.tterrag.registrate.AbstractRegistrate/REGISTRATE.REGISTER]: Registering 15 known objects of type forge:fluid_type
[26Dec2025 18:16:35.758] [Render thread/DEBUG] [com.tterrag.registrate.AbstractRegistrate/REGISTRATE.REGISTER]: Registering 4 known objects of type forge:fluid_type
[26Dec2025 18:16:35.758] [Render thread/DEBUG] [net.minecraftforge.registries.GameData/REGISTRIES]: Applying holder lookups: forge:fluid_type
[26Dec2025 18:16:35.759] [Render thread/DEBUG] [net.minecraftforge.registries.GameData/REGISTRIES]: Holder lookups applied: forge:fluid_type
[26Dec2025 18:16:35.760] [Render thread/DEBUG] [net.minecraftforge.registries.GameData/REGISTRIES]: Applying holder lookups: forge:global_loot_modifier_serializers
[26Dec2025 18:16:35.761] [Render thread/DEBUG] [net.minecraftforge.registries.GameData/REGISTRIES]: Holder lookups applied: forge:global_loot_modifier_serializers
[26Dec2025 18:16:35.766] [Render thread/DEBUG] [net.minecraftforge.registries.GameData/REGISTRIES]: Applying holder lookups: forge:holder_set_type
[26Dec2025 18:16:35.767] [Render thread/DEBUG] [net.minecraftforge.registries.GameData/REGISTRIES]: Holder lookups applied: forge:holder_set_type
[26Dec2025 18:16:35.767] [Render thread/DEBUG] [net.minecraftforge.registries.GameData/REGISTRIES]: Applying holder lookups: forge:structure_modifier_serializers
[26Dec2025 18:16:35.768] [Render thread/DEBUG] [net.minecraftforge.registries.GameData/REGISTRIES]: Holder lookups applied: forge:structure_modifier_serializers
[26Dec2025 18:16:35.768] [Render thread/DEBUG] [net.minecraftforge.registries.GameData/REGISTRIES]: Applying holder lookups: minecraft:worldgen/biome
[26Dec2025 18:16:35.769] [Render thread/DEBUG] [net.minecraftforge.registries.GameData/REGISTRIES]: Holder lookups applied: minecraft:worldgen/biome
[26Dec2025 18:16:35.874] [Render thread/DEBUG] [net.minecraftforge.client.loading.ClientModLoader/CORE]: Generating PackInfo named mod:mixinextras for mod file C:\Users\gamma\.gradle\caches\modules-2\files-2.1\io.github.llamalad7\mixinextras-forge\0.5.0-beta.5\b405e55ddf957832a7cfeb007750ec8a905f1acc\mixinextras-forge-0.5.0-beta.5.jar
[26Dec2025 18:16:35.875] [Render thread/DEBUG] [net.minecraftforge.client.loading.ClientModLoader/CORE]: Generating PackInfo named mod:forge for mod file /
[26Dec2025 18:16:35.875] [Render thread/DEBUG] [net.minecraftforge.client.loading.ClientModLoader/CORE]: Generating PackInfo named mod:flywheel for mod file C:\Users\gamma\.gradle\caches\forge_gradle\deobf_dependencies\dev\engine-room\flywheel\flywheel-forge-1.20.1\1.0.5_mapped_official_1.20.1\flywheel-forge-1.20.1-1.0.5_mapped_official_1.20.1.jar
[26Dec2025 18:16:35.875] [Render thread/DEBUG] [net.minecraftforge.client.loading.ClientModLoader/CORE]: Generating PackInfo named mod:create_dd for mod file C:\Users\gamma\.gradle\caches\forge_gradle\deobf_dependencies\locallibs\Create-Dreams-n-Desires-1.20.1\0.2c.PREBETA_mapped_official_1.20.1\Create-Dreams-n-Desires-1.20.1-0.2c.PREBETA_mapped_official_1.20.1.jar
[26Dec2025 18:16:35.876] [Render thread/DEBUG] [net.minecraftforge.client.loading.ClientModLoader/CORE]: Generating PackInfo named mod:ddtocreate6 for mod file C:\Users\gamma\IdeaProjects\untitled10\build\resources\main
[26Dec2025 18:16:35.877] [Render thread/DEBUG] [net.minecraftforge.client.loading.ClientModLoader/CORE]: Generating PackInfo named mod:ponder for mod file C:\Users\gamma\.gradle\caches\forge_gradle\deobf_dependencies\net\createmod\ponder\Ponder-Forge-1.20.1\1.0.91_mapped_official_1.20.1\Ponder-Forge-1.20.1-1.0.91_mapped_official_1.20.1.jar
[26Dec2025 18:16:35.877] [Render thread/DEBUG] [net.minecraftforge.client.loading.ClientModLoader/CORE]: Generating PackInfo named mod:create for mod file C:\Users\gamma\.gradle\caches\forge_gradle\deobf_dependencies\com\simibubi\create\create-1.20.1\6.0.8-289_mapped_official_1.20.1\create-1.20.1-6.0.8-289_mapped_official_1.20.1-slim.jar
[26Dec2025 18:16:35.877] [Render thread/DEBUG] [net.minecraftforge.client.loading.ClientModLoader/CORE]: Generating PackInfo named mod:jei for mod file C:\Users\gamma\.gradle\caches\forge_gradle\deobf_dependencies\mezz\jei\jei-1.20.1-forge\15.20.0.106_mapped_official_1.20.1\jei-1.20.1-forge-15.20.0.106_mapped_official_1.20.1.jar
[26Dec2025 18:16:36.127] [Render thread/DEBUG] [mixin/]: Mixing BlockFixers.GeneralFixerMultiTargetMixin from ddtocreate6.mixins.json into uwu.lopyluna.create_dd.block.BlockProperties.industrial_fan.rando.IndustrialAirFlowParticle
[26Dec2025 18:16:36.129] [Render thread/DEBUG] [mixin/]: ddtocreate6.mixins.json:BlockFixers.GeneralFixerMultiTargetMixin: Class version 61 required is higher than the class version supported by the current version of Mixin (JAVA_8 supports class version 52)
[26Dec2025 18:16:36.182] [Render thread/INFO] [net.minecraftforge.gametest.ForgeGameTestHooks/]: Enabled Gametest Namespaces: [ddtocreate6]
[26Dec2025 18:16:36.188] [Render thread/DEBUG] [mixin/]: Mixing accessor.GameTestHelperAccessor from create.mixins.json into net.minecraft.gametest.framework.GameTestHelper
[26Dec2025 18:16:36.276] [Render thread/DEBUG] [mixin/]: Mixing accessor.HumanoidArmorLayerAccessor from create.mixins.json into net.minecraft.client.renderer.entity.layers.HumanoidArmorLayer
[26Dec2025 18:16:36.276] [Render thread/DEBUG] [mixin/]: Renaming @Accessor method create$getArmorLocationCache()Ljava/util/Map; to create$getArmorLocationCache_$md$def746$0 in create.mixins.json:accessor.HumanoidArmorLayerAccessor
[26Dec2025 18:16:36.293] [Render thread/DEBUG] [mixin/]: Mixing client.HumanoidArmorLayerMixin from create.mixins.json into net.minecraft.client.renderer.entity.layers.HumanoidArmorLayer
[26Dec2025 18:16:36.679] [Render thread/INFO] [net.minecraft.server.packs.resources.ReloadableResourceManager/]: Reloading ResourceManager: vanilla, mod_resources
[26Dec2025 18:16:36.701] [modloading-worker-0/DEBUG] [net.minecraftforge.fml.config.ConfigTracker/CONFIG]: Loading configs type CLIENT
[26Dec2025 18:16:36.703] [modloading-worker-0/DEBUG] [net.minecraftforge.fml.config.ConfigFileTypeHandler/CONFIG]: Built TOML config for C:\Users\gamma\IdeaProjects\untitled10\run\config\flywheel-client.toml
[26Dec2025 18:16:36.704] [modloading-worker-0/DEBUG] [net.minecraftforge.fml.config.ConfigFileTypeHandler/CONFIG]: Loaded TOML config file C:\Users\gamma\IdeaProjects\untitled10\run\config\flywheel-client.toml
[26Dec2025 18:16:36.708] [modloading-worker-0/DEBUG] [net.minecraftforge.fml.config.ConfigFileTypeHandler/CONFIG]: Watching TOML config file C:\Users\gamma\IdeaProjects\untitled10\run\config\flywheel-client.toml for changes
[26Dec2025 18:16:36.715] [modloading-worker-0/DEBUG] [net.minecraftforge.fml.config.ConfigFileTypeHandler/CONFIG]: Built TOML config for C:\Users\gamma\IdeaProjects\untitled10\run\config\ponder-client.toml
[26Dec2025 18:16:36.716] [modloading-worker-0/DEBUG] [net.minecraftforge.fml.config.ConfigFileTypeHandler/CONFIG]: Loaded TOML config file C:\Users\gamma\IdeaProjects\untitled10\run\config\ponder-client.toml
[26Dec2025 18:16:36.716] [modloading-worker-0/DEBUG] [net.minecraftforge.fml.config.ConfigFileTypeHandler/CONFIG]: Watching TOML config file C:\Users\gamma\IdeaProjects\untitled10\run\config\ponder-client.toml for changes
[26Dec2025 18:16:36.718] [modloading-worker-0/DEBUG] [net.minecraftforge.fml.config.ConfigFileTypeHandler/CONFIG]: Built TOML config for C:\Users\gamma\IdeaProjects\untitled10\run\config\forge-client.toml
[26Dec2025 18:16:36.719] [modloading-worker-0/DEBUG] [net.minecraftforge.fml.config.ConfigFileTypeHandler/CONFIG]: Loaded TOML config file C:\Users\gamma\IdeaProjects\untitled10\run\config\forge-client.toml
[26Dec2025 18:16:36.720] [modloading-worker-0/DEBUG] [net.minecraftforge.fml.config.ConfigFileTypeHandler/CONFIG]: Watching TOML config file C:\Users\gamma\IdeaProjects\untitled10\run\config\forge-client.toml for changes
[26Dec2025 18:16:36.720] [modloading-worker-0/DEBUG] [net.minecraftforge.common.ForgeConfig/FORGEMOD]: Loaded forge config file forge-client.toml
[26Dec2025 18:16:36.721] [Thread-3/DEBUG] [net.minecraftforge.fml.config.ConfigFileTypeHandler/CONFIG]: Config file ponder-client.toml changed, sending notifies
[26Dec2025 18:16:36.722] [modloading-worker-0/DEBUG] [net.minecraftforge.fml.config.ConfigFileTypeHandler/CONFIG]: Built TOML config for C:\Users\gamma\IdeaProjects\untitled10\run\config\create_dd-client.toml
[26Dec2025 18:16:36.723] [modloading-worker-0/DEBUG] [net.minecraftforge.fml.config.ConfigFileTypeHandler/CONFIG]: Loaded TOML config file C:\Users\gamma\IdeaProjects\untitled10\run\config\create_dd-client.toml
[26Dec2025 18:16:36.723] [modloading-worker-0/DEBUG] [net.minecraftforge.fml.config.ConfigFileTypeHandler/CONFIG]: Watching TOML config file C:\Users\gamma\IdeaProjects\untitled10\run\config\create_dd-client.toml for changes
[26Dec2025 18:16:36.725] [Thread-3/DEBUG] [net.minecraftforge.fml.config.ConfigFileTypeHandler/CONFIG]: Config file forge-client.toml changed, sending notifies
[26Dec2025 18:16:36.725] [Thread-3/DEBUG] [net.minecraftforge.common.ForgeConfig/FORGEMOD]: Forge config just got changed on the file system!
[26Dec2025 18:16:36.725] [modloading-worker-0/DEBUG] [net.minecraftforge.fml.config.ConfigFileTypeHandler/CONFIG]: Built TOML config for C:\Users\gamma\IdeaProjects\untitled10\run\config\create-client.toml
[26Dec2025 18:16:36.727] [modloading-worker-0/DEBUG] [net.minecraftforge.fml.config.ConfigFileTypeHandler/CONFIG]: Loaded TOML config file C:\Users\gamma\IdeaProjects\untitled10\run\config\create-client.toml
[26Dec2025 18:16:36.728] [modloading-worker-0/DEBUG] [net.minecraftforge.fml.config.ConfigFileTypeHandler/CONFIG]: Watching TOML config file C:\Users\gamma\IdeaProjects\untitled10\run\config\create-client.toml for changes
[26Dec2025 18:16:36.730] [modloading-worker-0/DEBUG] [net.minecraftforge.fml.config.ConfigTracker/CONFIG]: Loading configs type COMMON
[26Dec2025 18:16:36.731] [modloading-worker-0/DEBUG] [net.minecraftforge.fml.config.ConfigFileTypeHandler/CONFIG]: Built TOML config for C:\Users\gamma\IdeaProjects\untitled10\run\config\ddtocreate6-common.toml
[26Dec2025 18:16:36.731] [modloading-worker-0/DEBUG] [net.minecraftforge.fml.config.ConfigFileTypeHandler/CONFIG]: Loaded TOML config file C:\Users\gamma\IdeaProjects\untitled10\run\config\ddtocreate6-common.toml
[26Dec2025 18:16:36.732] [modloading-worker-0/DEBUG] [net.minecraftforge.fml.config.ConfigFileTypeHandler/CONFIG]: Watching TOML config file C:\Users\gamma\IdeaProjects\untitled10\run\config\ddtocreate6-common.toml for changes
[26Dec2025 18:16:36.733] [Thread-3/DEBUG] [net.minecraftforge.fml.config.ConfigFileTypeHandler/CONFIG]: Config file create-client.toml changed, sending notifies
[26Dec2025 18:16:36.735] [modloading-worker-0/DEBUG] [net.minecraftforge.fml.config.ConfigFileTypeHandler/CONFIG]: Built TOML config for C:\Users\gamma\IdeaProjects\untitled10\run\config\create_dd-common.toml
[26Dec2025 18:16:36.735] [modloading-worker-0/DEBUG] [net.minecraftforge.fml.config.ConfigFileTypeHandler/CONFIG]: Loaded TOML config file C:\Users\gamma\IdeaProjects\untitled10\run\config\create_dd-common.toml
[26Dec2025 18:16:36.736] [modloading-worker-0/DEBUG] [net.minecraftforge.fml.config.ConfigFileTypeHandler/CONFIG]: Watching TOML config file C:\Users\gamma\IdeaProjects\untitled10\run\config\create_dd-common.toml for changes
[26Dec2025 18:16:36.737] [modloading-worker-0/DEBUG] [net.minecraftforge.fml.config.ConfigFileTypeHandler/CONFIG]: Built TOML config for C:\Users\gamma\IdeaProjects\untitled10\run\config\create-common.toml
[26Dec2025 18:16:36.738] [modloading-worker-0/DEBUG] [net.minecraftforge.fml.config.ConfigFileTypeHandler/CONFIG]: Loaded TOML config file C:\Users\gamma\IdeaProjects\untitled10\run\config\create-common.toml
[26Dec2025 18:16:36.738] [modloading-worker-0/DEBUG] [net.minecraftforge.fml.config.ConfigFileTypeHandler/CONFIG]: Watching TOML config file C:\Users\gamma\IdeaProjects\untitled10\run\config\create-common.toml for changes
[26Dec2025 18:16:36.742] [Render thread/DEBUG] [mixin/]: Mixing hacks.SimpleUnbakedGeometryMixin from ddtocreate6.mixins.json into net.minecraftforge.client.model.geometry.SimpleUnbakedGeometry
[26Dec2025 18:16:36.743] [Render thread/DEBUG] [mixin/]: ddtocreate6.mixins.json:hacks.SimpleUnbakedGeometryMixin: Class version 61 required is higher than the class version supported by the current version of Mixin (JAVA_8 supports class version 52)
[26Dec2025 18:16:36.783] [Worker-Main-13/DEBUG] [mixin/]: Mixing accessor.FluidInteractionRegistryAccessor from create.mixins.json into net.minecraftforge.fluids.FluidInteractionRegistry
[26Dec2025 18:16:36.788] [Worker-Main-13/DEBUG] [mixin/]: Renaming @Accessor method getInteractions()Ljava/util/Map; to getInteractions_$md$def746$0 in create.mixins.json:accessor.FluidInteractionRegistryAccessor
[26Dec2025 18:16:37.023] [Worker-Main-9/INFO] [net.minecraft.client.gui.font.providers.UnihexProvider/]: Found unifont_all_no_pua-15.0.06.hex, loading
[26Dec2025 18:16:37.103] [Forge Version Check/INFO] [net.minecraftforge.fml.VersionChecker/]: [forge] Starting version check at https://files.minecraftforge.net/net/minecraftforge/forge/promotions_slim.json
[26Dec2025 18:16:37.197] [Render thread/DEBUG] [net.minecraftforge.fml.DeferredWorkQueue/LOADING]: Dispatching synchronous work for work queue COMMON_SETUP: 2 jobs
[26Dec2025 18:16:37.210] [Render thread/DEBUG] [mixin/]: Mixing BlockFixers.MovementBehaviourMachines.BronzeSawMovementBehaviourMixin from ddtocreate6.mixins.json into uwu.lopyluna.create_dd.block.BlockProperties.bronze_saw.BronzeSawMovementBehaviour
[26Dec2025 18:16:37.211] [Render thread/DEBUG] [mixin/]: ddtocreate6.mixins.json:BlockFixers.MovementBehaviourMachines.BronzeSawMovementBehaviourMixin: Class version 61 required is higher than the class version supported by the current version of Mixin (JAVA_8 supports class version 52)
[26Dec2025 18:16:37.273] [Render thread/DEBUG] [mixin/]: Mixing BlockFixers.MovementBehaviourMachines.BronzeDrillMovementBehaviourMixin from ddtocreate6.mixins.json into uwu.lopyluna.create_dd.block.BlockProperties.drill.bronze.BronzeDrillMovementBehaviour
[26Dec2025 18:16:37.273] [Render thread/DEBUG] [mixin/]: ddtocreate6.mixins.json:BlockFixers.MovementBehaviourMachines.BronzeDrillMovementBehaviourMixin: Class version 61 required is higher than the class version supported by the current version of Mixin (JAVA_8 supports class version 52)
[26Dec2025 18:16:37.300] [Render thread/DEBUG] [mixin/]: Mixing BlockFixers.MovementBehaviourMachines.RadiantDrillMovementBehaviourMixin from ddtocreate6.mixins.json into uwu.lopyluna.create_dd.block.BlockProperties.drill.radiant.RadiantDrillMovementBehaviour
[26Dec2025 18:16:37.301] [Render thread/DEBUG] [mixin/]: ddtocreate6.mixins.json:BlockFixers.MovementBehaviourMachines.RadiantDrillMovementBehaviourMixin: Class version 61 required is higher than the class version supported by the current version of Mixin (JAVA_8 supports class version 52)
[26Dec2025 18:16:37.331] [Render thread/DEBUG] [mixin/]: Mixing BlockFixers.MovementBehaviourMachines.ShadowDrillMovementBehaviourMixin from ddtocreate6.mixins.json into uwu.lopyluna.create_dd.block.BlockProperties.drill.shadow.ShadowDrillMovementBehaviour
[26Dec2025 18:16:37.331] [Render thread/DEBUG] [mixin/]: ddtocreate6.mixins.json:BlockFixers.MovementBehaviourMachines.ShadowDrillMovementBehaviourMixin: Class version 61 required is higher than the class version supported by the current version of Mixin (JAVA_8 supports class version 52)
[26Dec2025 18:16:37.884] [Render thread/DEBUG] [net.minecraftforge.fml.DeferredWorkQueue/LOADING]: Synchronous work queue completed in 686.7 ms
[26Dec2025 18:16:37.923] [Worker-Main-3/DEBUG] [mixin/]: Mixing BlockFixers.rendererFixers.EngineRendererMixin from ddtocreate6.mixins.json into uwu.lopyluna.create_dd.block.BlockProperties.flywheel.engine.EngineRenderer
[26Dec2025 18:16:37.923] [Worker-Main-3/DEBUG] [mixin/]: ddtocreate6.mixins.json:BlockFixers.rendererFixers.EngineRendererMixin: Class version 61 required is higher than the class version supported by the current version of Mixin (JAVA_8 supports class version 52)
[26Dec2025 18:16:37.923] [Worker-Main-3/DEBUG] [mixin/]: Mixing BlockFixers.rendererFixers.RendererFixer from ddtocreate6.mixins.json into uwu.lopyluna.create_dd.block.BlockProperties.flywheel.engine.EngineRenderer
[26Dec2025 18:16:37.923] [Worker-Main-3/DEBUG] [mixin/]: ddtocreate6.mixins.json:BlockFixers.rendererFixers.RendererFixer: Class version 61 required is higher than the class version supported by the current version of Mixin (JAVA_8 supports class version 52)
[26Dec2025 18:16:37.987] [Worker-Main-3/DEBUG] [mixin/]: Mixing SuperByteBufferMixin from ddtocreate6.mixins.json into net.createmod.catnip.render.SuperByteBuffer
[26Dec2025 18:16:37.988] [Worker-Main-3/DEBUG] [mixin/]: ddtocreate6.mixins.json:SuperByteBufferMixin: Class version 61 required is higher than the class version supported by the current version of Mixin (JAVA_8 supports class version 52)
[26Dec2025 18:16:38.158] [Render thread/DEBUG] [Ponder/]: Loaded net.createmod.catnip.platform.ForgeClientHooksHelper@a09fe7e for service interface net.createmod.catnip.platform.services.ModClientHooksHelper
[26Dec2025 18:16:38.400] [Worker-Main-3/DEBUG] [mixin/]: Mixing BlockFixers.MovementBehaviourMachines.BronzeDrillRendererMixin from ddtocreate6.mixins.json into uwu.lopyluna.create_dd.block.BlockProperties.drill.bronze.BronzeDrillRenderer
[26Dec2025 18:16:38.401] [Worker-Main-3/DEBUG] [mixin/]: ddtocreate6.mixins.json:BlockFixers.MovementBehaviourMachines.BronzeDrillRendererMixin: Class version 61 required is higher than the class version supported by the current version of Mixin (JAVA_8 supports class version 52)
[26Dec2025 18:16:38.404] [Worker-Main-3/DEBUG] [mixin/]: Mixing BlockFixers.rendererFixers.RendererFixer from ddtocreate6.mixins.json into uwu.lopyluna.create_dd.block.BlockProperties.drill.bronze.BronzeDrillRenderer
[26Dec2025 18:16:38.405] [Worker-Main-3/DEBUG] [mixin/]: ddtocreate6.mixins.json:BlockFixers.rendererFixers.RendererFixer: Class version 61 required is higher than the class version supported by the current version of Mixin (JAVA_8 supports class version 52)
[26Dec2025 18:16:38.425] [Worker-Main-3/DEBUG] [mixin/]: Mixing BlockFixers.rendererFixers.RendererFixer from ddtocreate6.mixins.json into uwu.lopyluna.create_dd.block.BlockProperties.door.YIPPEESlidingDoorRenderer
[26Dec2025 18:16:38.425] [Worker-Main-3/DEBUG] [mixin/]: ddtocreate6.mixins.json:BlockFixers.rendererFixers.RendererFixer: Class version 61 required is higher than the class version supported by the current version of Mixin (JAVA_8 supports class version 52)
[26Dec2025 18:16:38.426] [Worker-Main-3/DEBUG] [mixin/]: Mixing BlockFixers.rendererFixers.YIPEEESlidingDoorRendererMixin from ddtocreate6.mixins.json into uwu.lopyluna.create_dd.block.BlockProperties.door.YIPPEESlidingDoorRenderer
[26Dec2025 18:16:38.426] [Worker-Main-3/DEBUG] [mixin/]: ddtocreate6.mixins.json:BlockFixers.rendererFixers.YIPEEESlidingDoorRendererMixin: Class version 61 required is higher than the class version supported by the current version of Mixin (JAVA_8 supports class version 52)
[26Dec2025 18:16:38.469] [Worker-Main-3/DEBUG] [mixin/]: Mixing BlockFixers.rendererFixers.IndustrialFanRendererMixin from ddtocreate6.mixins.json into uwu.lopyluna.create_dd.block.BlockProperties.industrial_fan.IndustrialFanRenderer
[26Dec2025 18:16:38.469] [Worker-Main-3/DEBUG] [mixin/]: ddtocreate6.mixins.json:BlockFixers.rendererFixers.IndustrialFanRendererMixin: Class version 61 required is higher than the class version supported by the current version of Mixin (JAVA_8 supports class version 52)
[26Dec2025 18:16:38.470] [Worker-Main-3/DEBUG] [mixin/]: Mixing BlockFixers.rendererFixers.RendererFixer from ddtocreate6.mixins.json into uwu.lopyluna.create_dd.block.BlockProperties.industrial_fan.IndustrialFanRenderer
[26Dec2025 18:16:38.470] [Worker-Main-3/DEBUG] [mixin/]: ddtocreate6.mixins.json:BlockFixers.rendererFixers.RendererFixer: Class version 61 required is higher than the class version supported by the current version of Mixin (JAVA_8 supports class version 52)
[26Dec2025 18:16:38.493] [Worker-Main-3/DEBUG] [mixin/]: Mixing BlockFixers.MovementBehaviourMachines.RadiantDrillRendererMixin from ddtocreate6.mixins.json into uwu.lopyluna.create_dd.block.BlockProperties.drill.radiant.RadiantDrillRenderer
[26Dec2025 18:16:38.493] [Worker-Main-3/DEBUG] [mixin/]: ddtocreate6.mixins.json:BlockFixers.MovementBehaviourMachines.RadiantDrillRendererMixin: Class version 61 required is higher than the class version supported by the current version of Mixin (JAVA_8 supports class version 52)
[26Dec2025 18:16:38.495] [Worker-Main-3/DEBUG] [mixin/]: Mixing BlockFixers.rendererFixers.RendererFixer from ddtocreate6.mixins.json into uwu.lopyluna.create_dd.block.BlockProperties.drill.radiant.RadiantDrillRenderer
[26Dec2025 18:16:38.495] [Worker-Main-3/DEBUG] [mixin/]: ddtocreate6.mixins.json:BlockFixers.rendererFixers.RendererFixer: Class version 61 required is higher than the class version supported by the current version of Mixin (JAVA_8 supports class version 52)
[26Dec2025 18:16:38.506] [Worker-Main-3/DEBUG] [mixin/]: Mixing BlockFixers.MovementBehaviourMachines.ShadowDrillRendererMixin from ddtocreate6.mixins.json into uwu.lopyluna.create_dd.block.BlockProperties.drill.shadow.ShadowDrillRenderer
[26Dec2025 18:16:38.506] [Worker-Main-3/DEBUG] [mixin/]: ddtocreate6.mixins.json:BlockFixers.MovementBehaviourMachines.ShadowDrillRendererMixin: Class version 61 required is higher than the class version supported by the current version of Mixin (JAVA_8 supports class version 52)
[26Dec2025 18:16:38.508] [Worker-Main-3/DEBUG] [mixin/]: Mixing BlockFixers.rendererFixers.RendererFixer from ddtocreate6.mixins.json into uwu.lopyluna.create_dd.block.BlockProperties.drill.shadow.ShadowDrillRenderer
[26Dec2025 18:16:38.508] [Worker-Main-3/DEBUG] [mixin/]: ddtocreate6.mixins.json:BlockFixers.rendererFixers.RendererFixer: Class version 61 required is higher than the class version supported by the current version of Mixin (JAVA_8 supports class version 52)
[26Dec2025 18:16:38.526] [Worker-Main-3/DEBUG] [mixin/]: Mixing BlockFixers.rendererFixers.HydraulicPressRendererMixin from ddtocreate6.mixins.json into uwu.lopyluna.create_dd.block.BlockProperties.hydraulic_press.HydraulicPressRenderer
[26Dec2025 18:16:38.527] [Worker-Main-3/DEBUG] [mixin/]: ddtocreate6.mixins.json:BlockFixers.rendererFixers.HydraulicPressRendererMixin: Class version 61 required is higher than the class version supported by the current version of Mixin (JAVA_8 supports class version 52)
[26Dec2025 18:16:38.527] [Worker-Main-3/DEBUG] [mixin/]: Mixing BlockFixers.rendererFixers.RendererFixer from ddtocreate6.mixins.json into uwu.lopyluna.create_dd.block.BlockProperties.hydraulic_press.HydraulicPressRenderer
[26Dec2025 18:16:38.527] [Worker-Main-3/DEBUG] [mixin/]: ddtocreate6.mixins.json:BlockFixers.rendererFixers.RendererFixer: Class version 61 required is higher than the class version supported by the current version of Mixin (JAVA_8 supports class version 52)
[26Dec2025 18:16:38.550] [Worker-Main-3/DEBUG] [mixin/]: Mixing BlockFixers.rendererFixers.RendererFixer from ddtocreate6.mixins.json into uwu.lopyluna.create_dd.block.BlockProperties.fan.TwoBladeFanBlockRenderer
[26Dec2025 18:16:38.550] [Worker-Main-3/DEBUG] [mixin/]: ddtocreate6.mixins.json:BlockFixers.rendererFixers.RendererFixer: Class version 61 required is higher than the class version supported by the current version of Mixin (JAVA_8 supports class version 52)
[26Dec2025 18:16:38.550] [Worker-Main-3/DEBUG] [mixin/]: Mixing BlockFixers.rendererFixers.TwoBladeFanBlockRendererMixin from ddtocreate6.mixins.json into uwu.lopyluna.create_dd.block.BlockProperties.fan.TwoBladeFanBlockRenderer
[26Dec2025 18:16:38.550] [Worker-Main-3/DEBUG] [mixin/]: ddtocreate6.mixins.json:BlockFixers.rendererFixers.TwoBladeFanBlockRendererMixin: Class version 61 required is higher than the class version supported by the current version of Mixin (JAVA_8 supports class version 52)
[26Dec2025 18:16:38.566] [Worker-Main-3/DEBUG] [mixin/]: Mixing BlockFixers.rendererFixers.FourBladeFanBlockRendererMixin from ddtocreate6.mixins.json into uwu.lopyluna.create_dd.block.BlockProperties.fan.FourBladeFanBlockRenderer
[26Dec2025 18:16:38.566] [Worker-Main-3/DEBUG] [mixin/]: ddtocreate6.mixins.json:BlockFixers.rendererFixers.FourBladeFanBlockRendererMixin: Class version 61 required is higher than the class version supported by the current version of Mixin (JAVA_8 supports class version 52)
[26Dec2025 18:16:38.567] [Worker-Main-3/DEBUG] [mixin/]: Mixing BlockFixers.rendererFixers.RendererFixer from ddtocreate6.mixins.json into uwu.lopyluna.create_dd.block.BlockProperties.fan.FourBladeFanBlockRenderer
[26Dec2025 18:16:38.567] [Worker-Main-3/DEBUG] [mixin/]: ddtocreate6.mixins.json:BlockFixers.rendererFixers.RendererFixer: Class version 61 required is higher than the class version supported by the current version of Mixin (JAVA_8 supports class version 52)
[26Dec2025 18:16:38.581] [Worker-Main-3/DEBUG] [mixin/]: Mixing BlockFixers.rendererFixers.EightBladeFanBlockRendererMixin from ddtocreate6.mixins.json into uwu.lopyluna.create_dd.block.BlockProperties.fan.EightBladeFanBlockRenderer
[26Dec2025 18:16:38.581] [Worker-Main-3/DEBUG] [mixin/]: ddtocreate6.mixins.json:BlockFixers.rendererFixers.EightBladeFanBlockRendererMixin: Class version 61 required is higher than the class version supported by the current version of Mixin (JAVA_8 supports class version 52)
[26Dec2025 18:16:38.582] [Worker-Main-3/DEBUG] [mixin/]: Mixing BlockFixers.rendererFixers.RendererFixer from ddtocreate6.mixins.json into uwu.lopyluna.create_dd.block.BlockProperties.fan.EightBladeFanBlockRenderer
[26Dec2025 18:16:38.582] [Worker-Main-3/DEBUG] [mixin/]: ddtocreate6.mixins.json:BlockFixers.rendererFixers.RendererFixer: Class version 61 required is higher than the class version supported by the current version of Mixin (JAVA_8 supports class version 52)
[26Dec2025 18:16:38.589] [Worker-Main-3/DEBUG] [mixin/]: Mixing BlockFixers.rendererFixers.RendererFixer from ddtocreate6.mixins.json into uwu.lopyluna.create_dd.block.BlockProperties.kinetic_motor.KineticMotorRenderer
[26Dec2025 18:16:38.589] [Worker-Main-3/DEBUG] [mixin/]: ddtocreate6.mixins.json:BlockFixers.rendererFixers.RendererFixer: Class version 61 required is higher than the class version supported by the current version of Mixin (JAVA_8 supports class version 52)
[26Dec2025 18:16:38.594] [Worker-Main-3/DEBUG] [mixin/]: Mixing BlockFixers.rendererFixers.RendererFixer from ddtocreate6.mixins.json into uwu.lopyluna.create_dd.block.BlockProperties.accelerator_motor.AcceleratorMotorRenderer
[26Dec2025 18:16:38.594] [Worker-Main-3/DEBUG] [mixin/]: ddtocreate6.mixins.json:BlockFixers.rendererFixers.RendererFixer: Class version 61 required is higher than the class version supported by the current version of Mixin (JAVA_8 supports class version 52)
[26Dec2025 18:16:38.601] [Worker-Main-3/DEBUG] [mixin/]: Mixing BlockFixers.rendererFixers.CogCrankRendererMixin from ddtocreate6.mixins.json into uwu.lopyluna.create_dd.block.BlockProperties.cog_crank.CogCrankRenderer
[26Dec2025 18:16:38.602] [Worker-Main-3/DEBUG] [mixin/]: ddtocreate6.mixins.json:BlockFixers.rendererFixers.CogCrankRendererMixin: Class version 61 required is higher than the class version supported by the current version of Mixin (JAVA_8 supports class version 52)
[26Dec2025 18:16:38.602] [Worker-Main-3/DEBUG] [mixin/]: Mixing BlockFixers.rendererFixers.RendererFixer from ddtocreate6.mixins.json into uwu.lopyluna.create_dd.block.BlockProperties.cog_crank.CogCrankRenderer
[26Dec2025 18:16:38.602] [Worker-Main-3/DEBUG] [mixin/]: ddtocreate6.mixins.json:BlockFixers.rendererFixers.RendererFixer: Class version 61 required is higher than the class version supported by the current version of Mixin (JAVA_8 supports class version 52)
[26Dec2025 18:16:38.642] [Worker-Main-3/DEBUG] [mixin/]: Mixing hacks.PotatoTurrentRendererMixin from ddtocreate6.mixins.json into com.landscapesreimagined.ddtocreate6.replaced.BlockEntityRenderers.PotatoTurretRenderer
[26Dec2025 18:16:38.642] [Worker-Main-3/DEBUG] [mixin/]: ddtocreate6.mixins.json:hacks.PotatoTurrentRendererMixin: Class version 61 required is higher than the class version supported by the current version of Mixin (JAVA_8 supports class version 52)
[26Dec2025 18:16:38.768] [Forge Version Check/DEBUG] [net.minecraftforge.fml.VersionChecker/]: [forge] Received version check data:
{
  "homepage": "https://files.minecraftforge.net/net/minecraftforge/forge/",
  "promos": {
    "1.1-latest": "1.3.4.29",
    "1.2.3-latest": "1.4.1.64",
    "1.2.4-latest": "2.0.0.68",
    "1.2.5-latest": "3.4.9.171",
    "1.3.2-latest": "4.3.5.318",
    "1.4.0-latest": "5.0.0.326",
    "1.4.1-latest": "6.0.0.329",
    "1.4.2-latest": "6.0.1.355",
    "1.4.3-latest": "6.2.1.358",
    "1.4.4-latest": "6.3.0.378",
    "1.4.5-latest": "6.4.2.448",
    "1.4.6-latest": "6.5.0.489",
    "1.4.7-latest": "6.6.2.534",
    "1.5-latest": "7.7.0.598",
    "1.5.1-latest": "7.7.2.682",
    "1.5.2-latest": "7.8.1.738",
    "1.5.2-recommended": "7.8.1.738",
    "1.6.1-latest": "8.9.0.775",
    "1.6.2-latest": "9.10.1.871",
    "1.6.2-recommended": "9.10.1.871",
    "1.6.3-latest": "9.11.0.878",
    "1.6.4-latest": "9.11.1.1345",
    "1.6.4-recommended": "9.11.1.1345",
    "1.7.2-latest": "10.12.2.1161",
    "1.7.2-recommended": "10.12.2.1161",
    "1.7.10-latest": "10.13.4.1614",
    "1.7.10-recommended": "10.13.4.1614",
    "1.8-latest": "11.14.4.1577",
    "1.8-recommended": "11.14.4.1563",
    "1.8.8-latest": "11.15.0.1655",
    "1.8.9-latest": "11.15.1.2318",
    "1.8.9-recommended": "11.15.1.2318",
    "1.9-latest": "12.16.1.1938",
    "1.9-recommended": "12.16.1.1887",
    "1.9.4-latest": "12.17.0.2317",
    "1.9.4-recommended": "12.17.0.2317",
    "1.10-latest": "12.18.0.2000",
    "1.10.2-latest": "12.18.3.2511",
    "1.10.2-recommended": "12.18.3.2511",
    "1.11-latest": "13.19.1.2199",
    "1.11-recommended": "13.19.1.2189",
    "1.11.2-latest": "13.20.1.2588",
    "1.11.2-recommended": "13.20.1.2588",
    "1.12-latest": "14.21.1.2443",
    "1.12-recommended": "14.21.1.2387",
    "1.12.1-latest": "14.22.1.2485",
    "1.12.1-recommended": "14.22.1.2478",
    "1.12.2-latest": "14.23.5.2864",
    "1.12.2-recommended": "14.23.5.2859",
    "1.13.2-latest": "25.0.223",
    "1.14.2-latest": "26.0.63",
    "1.14.3-latest": "27.0.60",
    "1.14.4-latest": "28.2.27",
    "1.14.4-recommended": "28.2.26",
    "1.15-latest": "29.0.4",
    "1.15.1-latest": "30.0.51",
    "1.15.2-latest": "31.2.60",
    "1.15.2-recommended": "31.2.57",
    "1.16.1-latest": "32.0.108",
    "1.16.2-latest": "33.0.61",
    "1.16.3-latest": "34.1.42",
    "1.16.3-recommended": "34.1.0",
    "1.16.4-latest": "35.1.37",
    "1.16.4-recommended": "35.1.4",
    "1.16.5-latest": "36.2.42",
    "1.16.5-recommended": "36.2.34",
    "1.17.1-latest": "37.1.1",
    "1.17.1-recommended": "37.1.1",
    "1.18-latest": "38.0.17",
    "1.18.1-latest": "39.1.2",
    "1.18.1-recommended": "39.1.0",
    "1.18.2-recommended": "40.3.0",
    "1.18.2-latest": "40.3.12",
    "1.19-latest": "41.1.0",
    "1.19-recommended": "41.1.0",
    "1.19.1-latest": "42.0.9",
    "1.19.2-recommended": "43.5.0",
    "1.19.2-latest": "43.5.2",
    "1.19.3-latest": "44.1.23",
    "1.19.3-recommended": "44.1.0",
    "1.19.4-recommended": "45.4.0",
    "1.19.4-latest": "45.4.3",
    "1.20-latest": "46.0.14",
    "1.20.1-recommended": "47.4.10",
    "1.20.1-latest": "47.4.13",
    "1.20.2-latest": "48.1.0",
    "1.20.2-recommended": "48.1.0",
    "1.20.3-latest": "49.0.2",
    "1.20.4-latest": "49.2.4",
    "1.20.4-recommended": "49.2.0",
    "1.20.6-latest": "50.2.4",
    "1.20.6-recommended": "50.2.0",
    "1.21-latest": "51.0.33",
    "1.21.1-latest": "52.1.8",
    "1.21.1-recommended": "52.1.0",
    "1.21.3-latest": "53.1.6",
    "1.21.3-recommended": "53.1.0",
    "1.21.4-latest": "54.1.11",
    "1.21.4-recommended": "54.1.0",
    "1.21.5-latest": "55.1.4",
    "1.21.5-recommended": "55.1.0",
    "1.21.6-latest": "56.0.9",
    "1.21.7-latest": "57.0.3",
    "1.21.8-latest": "58.1.11",
    "1.21.8-recommended": "58.1.0",
    "1.21.9-latest": "59.0.5",
    "1.21.10-latest": "60.1.5",
    "1.21.10-recommended": "60.1.0",
    "1.21.11-latest": "61.0.3"
  }
}
[26Dec2025 18:16:38.770] [Forge Version Check/INFO] [net.minecraftforge.fml.VersionChecker/]: [forge] Found status: OUTDATED Current: 47.4.0 Target: 47.4.10
[26Dec2025 18:16:38.777] [Worker-Main-6/WARN] [net.minecraft.client.resources.model.ModelBakery/]: Exception loading blockstate definition: 'create_dd:blockstates/ponder_stone_generation.json' missing model for variant: 'create_dd:ponder_stone_generation#'
[26Dec2025 18:16:38.778] [Worker-Main-6/WARN] [net.minecraft.client.resources.model.ModelBakery/]: Exception loading blockstate definition: 'create_dd:blockstates/ponder_in_a_box.json' missing model for variant: 'create_dd:ponder_in_a_box#'
[26Dec2025 18:16:38.815] [Worker-Main-6/WARN] [net.minecraft.client.resources.model.ModelBakery/]: Exception loading blockstate definition: 'create_dd:blockstates/condense_milk.json' missing model for variant: 'create_dd:condense_milk#level=4'
[26Dec2025 18:16:38.815] [Worker-Main-6/WARN] [net.minecraft.client.resources.model.ModelBakery/]: Exception loading blockstate definition: 'create_dd:blockstates/condense_milk.json' missing model for variant: 'create_dd:condense_milk#level=3'
[26Dec2025 18:16:38.815] [Worker-Main-6/WARN] [net.minecraft.client.resources.model.ModelBakery/]: Exception loading blockstate definition: 'create_dd:blockstates/condense_milk.json' missing model for variant: 'create_dd:condense_milk#level=6'
[26Dec2025 18:16:38.815] [Worker-Main-6/WARN] [net.minecraft.client.resources.model.ModelBakery/]: Exception loading blockstate definition: 'create_dd:blockstates/condense_milk.json' missing model for variant: 'create_dd:condense_milk#level=5'
[26Dec2025 18:16:38.815] [Worker-Main-6/WARN] [net.minecraft.client.resources.model.ModelBakery/]: Exception loading blockstate definition: 'create_dd:blockstates/condense_milk.json' missing model for variant: 'create_dd:condense_milk#level=8'
[26Dec2025 18:16:38.815] [Worker-Main-6/WARN] [net.minecraft.client.resources.model.ModelBakery/]: Exception loading blockstate definition: 'create_dd:blockstates/condense_milk.json' missing model for variant: 'create_dd:condense_milk#level=7'
[26Dec2025 18:16:38.815] [Worker-Main-6/WARN] [net.minecraft.client.resources.model.ModelBakery/]: Exception loading blockstate definition: 'create_dd:blockstates/condense_milk.json' missing model for variant: 'create_dd:condense_milk#level=9'
[26Dec2025 18:16:38.815] [Worker-Main-6/WARN] [net.minecraft.client.resources.model.ModelBakery/]: Exception loading blockstate definition: 'create_dd:blockstates/condense_milk.json' missing model for variant: 'create_dd:condense_milk#level=13'
[26Dec2025 18:16:38.815] [Worker-Main-6/WARN] [net.minecraft.client.resources.model.ModelBakery/]: Exception loading blockstate definition: 'create_dd:blockstates/condense_milk.json' missing model for variant: 'create_dd:condense_milk#level=12'
[26Dec2025 18:16:38.815] [Worker-Main-6/WARN] [net.minecraft.client.resources.model.ModelBakery/]: Exception loading blockstate definition: 'create_dd:blockstates/condense_milk.json' missing model for variant: 'create_dd:condense_milk#level=15'
[26Dec2025 18:16:38.815] [Worker-Main-6/WARN] [net.minecraft.client.resources.model.ModelBakery/]: Exception loading blockstate definition: 'create_dd:blockstates/condense_milk.json' missing model for variant: 'create_dd:condense_milk#level=14'
[26Dec2025 18:16:38.815] [Worker-Main-6/WARN] [net.minecraft.client.resources.model.ModelBakery/]: Exception loading blockstate definition: 'create_dd:blockstates/condense_milk.json' missing model for variant: 'create_dd:condense_milk#level=11'
[26Dec2025 18:16:38.815] [Worker-Main-6/WARN] [net.minecraft.client.resources.model.ModelBakery/]: Exception loading blockstate definition: 'create_dd:blockstates/condense_milk.json' missing model for variant: 'create_dd:condense_milk#level=10'
[26Dec2025 18:16:38.815] [Worker-Main-6/WARN] [net.minecraft.client.resources.model.ModelBakery/]: Exception loading blockstate definition: 'create_dd:blockstates/condense_milk.json' missing model for variant: 'create_dd:condense_milk#level=0'
[26Dec2025 18:16:38.815] [Worker-Main-6/WARN] [net.minecraft.client.resources.model.ModelBakery/]: Exception loading blockstate definition: 'create_dd:blockstates/condense_milk.json' missing model for variant: 'create_dd:condense_milk#level=2'
[26Dec2025 18:16:38.815] [Worker-Main-6/WARN] [net.minecraft.client.resources.model.ModelBakery/]: Exception loading blockstate definition: 'create_dd:blockstates/condense_milk.json' missing model for variant: 'create_dd:condense_milk#level=1'
[26Dec2025 18:16:38.815] [Worker-Main-6/WARN] [net.minecraft.client.resources.model.ModelBakery/]: Exception loading blockstate definition: 'create_dd:blockstates/cream.json' missing model for variant: 'create_dd:cream#level=3'
[26Dec2025 18:16:38.815] [Worker-Main-6/WARN] [net.minecraft.client.resources.model.ModelBakery/]: Exception loading blockstate definition: 'create_dd:blockstates/cream.json' missing model for variant: 'create_dd:cream#level=2'
[26Dec2025 18:16:38.815] [Worker-Main-6/WARN] [net.minecraft.client.resources.model.ModelBakery/]: Exception loading blockstate definition: 'create_dd:blockstates/cream.json' missing model for variant: 'create_dd:cream#level=1'
[26Dec2025 18:16:38.815] [Worker-Main-6/WARN] [net.minecraft.client.resources.model.ModelBakery/]: Exception loading blockstate definition: 'create_dd:blockstates/cream.json' missing model for variant: 'create_dd:cream#level=0'
[26Dec2025 18:16:38.815] [Worker-Main-6/WARN] [net.minecraft.client.resources.model.ModelBakery/]: Exception loading blockstate definition: 'create_dd:blockstates/cream.json' missing model for variant: 'create_dd:cream#level=7'
[26Dec2025 18:16:38.815] [Worker-Main-6/WARN] [net.minecraft.client.resources.model.ModelBakery/]: Exception loading blockstate definition: 'create_dd:blockstates/cream.json' missing model for variant: 'create_dd:cream#level=6'
[26Dec2025 18:16:38.815] [Worker-Main-6/WARN] [net.minecraft.client.resources.model.ModelBakery/]: Exception loading blockstate definition: 'create_dd:blockstates/cream.json' missing model for variant: 'create_dd:cream#level=5'
[26Dec2025 18:16:38.816] [Worker-Main-6/WARN] [net.minecraft.client.resources.model.ModelBakery/]: Exception loading blockstate definition: 'create_dd:blockstates/cream.json' missing model for variant: 'create_dd:cream#level=4'
[26Dec2025 18:16:38.816] [Worker-Main-6/WARN] [net.minecraft.client.resources.model.ModelBakery/]: Exception loading blockstate definition: 'create_dd:blockstates/cream.json' missing model for variant: 'create_dd:cream#level=13'
[26Dec2025 18:16:38.816] [Worker-Main-6/WARN] [net.minecraft.client.resources.model.ModelBakery/]: Exception loading blockstate definition: 'create_dd:blockstates/cream.json' missing model for variant: 'create_dd:cream#level=14'
[26Dec2025 18:16:38.816] [Worker-Main-6/WARN] [net.minecraft.client.resources.model.ModelBakery/]: Exception loading blockstate definition: 'create_dd:blockstates/cream.json' missing model for variant: 'create_dd:cream#level=9'
[26Dec2025 18:16:38.816] [Worker-Main-6/WARN] [net.minecraft.client.resources.model.ModelBakery/]: Exception loading blockstate definition: 'create_dd:blockstates/cream.json' missing model for variant: 'create_dd:cream#level=15'
[26Dec2025 18:16:38.816] [Worker-Main-6/WARN] [net.minecraft.client.resources.model.ModelBakery/]: Exception loading blockstate definition: 'create_dd:blockstates/cream.json' missing model for variant: 'create_dd:cream#level=8'
[26Dec2025 18:16:38.816] [Worker-Main-6/WARN] [net.minecraft.client.resources.model.ModelBakery/]: Exception loading blockstate definition: 'create_dd:blockstates/cream.json' missing model for variant: 'create_dd:cream#level=10'
[26Dec2025 18:16:38.816] [Worker-Main-6/WARN] [net.minecraft.client.resources.model.ModelBakery/]: Exception loading blockstate definition: 'create_dd:blockstates/cream.json' missing model for variant: 'create_dd:cream#level=11'
[26Dec2025 18:16:38.816] [Worker-Main-6/WARN] [net.minecraft.client.resources.model.ModelBakery/]: Exception loading blockstate definition: 'create_dd:blockstates/cream.json' missing model for variant: 'create_dd:cream#level=12'
[26Dec2025 18:16:38.816] [Worker-Main-6/WARN] [net.minecraft.client.resources.model.ModelBakery/]: Exception loading blockstate definition: 'create_dd:blockstates/vanilla.json' missing model for variant: 'create_dd:vanilla#level=9'
[26Dec2025 18:16:38.816] [Worker-Main-6/WARN] [net.minecraft.client.resources.model.ModelBakery/]: Exception loading blockstate definition: 'create_dd:blockstates/vanilla.json' missing model for variant: 'create_dd:vanilla#level=5'
[26Dec2025 18:16:38.816] [Worker-Main-6/WARN] [net.minecraft.client.resources.model.ModelBakery/]: Exception loading blockstate definition: 'create_dd:blockstates/vanilla.json' missing model for variant: 'create_dd:vanilla#level=6'
[26Dec2025 18:16:38.816] [Worker-Main-6/WARN] [net.minecraft.client.resources.model.ModelBakery/]: Exception loading blockstate definition: 'create_dd:blockstates/vanilla.json' missing model for variant: 'create_dd:vanilla#level=7'
[26Dec2025 18:16:38.817] [Worker-Main-6/WARN] [net.minecraft.client.resources.model.ModelBakery/]: Exception loading blockstate definition: 'create_dd:blockstates/vanilla.json' missing model for variant: 'create_dd:vanilla#level=8'
[26Dec2025 18:16:38.817] [Worker-Main-6/WARN] [net.minecraft.client.resources.model.ModelBakery/]: Exception loading blockstate definition: 'create_dd:blockstates/vanilla.json' missing model for variant: 'create_dd:vanilla#level=1'
[26Dec2025 18:16:38.817] [Worker-Main-6/WARN] [net.minecraft.client.resources.model.ModelBakery/]: Exception loading blockstate definition: 'create_dd:blockstates/vanilla.json' missing model for variant: 'create_dd:vanilla#level=2'
[26Dec2025 18:16:38.817] [Worker-Main-6/WARN] [net.minecraft.client.resources.model.ModelBakery/]: Exception loading blockstate definition: 'create_dd:blockstates/vanilla.json' missing model for variant: 'create_dd:vanilla#level=3'
[26Dec2025 18:16:38.817] [Worker-Main-6/WARN] [net.minecraft.client.resources.model.ModelBakery/]: Exception loading blockstate definition: 'create_dd:blockstates/vanilla.json' missing model for variant: 'create_dd:vanilla#level=4'
[26Dec2025 18:16:38.817] [Worker-Main-6/WARN] [net.minecraft.client.resources.model.ModelBakery/]: Exception loading blockstate definition: 'create_dd:blockstates/vanilla.json' missing model for variant: 'create_dd:vanilla#level=15'
[26Dec2025 18:16:38.817] [Worker-Main-6/WARN] [net.minecraft.client.resources.model.ModelBakery/]: Exception loading blockstate definition: 'create_dd:blockstates/vanilla.json' missing model for variant: 'create_dd:vanilla#level=14'
[26Dec2025 18:16:38.817] [Worker-Main-6/WARN] [net.minecraft.client.resources.model.ModelBakery/]: Exception loading blockstate definition: 'create_dd:blockstates/vanilla.json' missing model for variant: 'create_dd:vanilla#level=0'
[26Dec2025 18:16:38.817] [Worker-Main-6/WARN] [net.minecraft.client.resources.model.ModelBakery/]: Exception loading blockstate definition: 'create_dd:blockstates/vanilla.json' missing model for variant: 'create_dd:vanilla#level=11'
[26Dec2025 18:16:38.817] [Worker-Main-6/WARN] [net.minecraft.client.resources.model.ModelBakery/]: Exception loading blockstate definition: 'create_dd:blockstates/vanilla.json' missing model for variant: 'create_dd:vanilla#level=10'
[26Dec2025 18:16:38.817] [Worker-Main-6/WARN] [net.minecraft.client.resources.model.ModelBakery/]: Exception loading blockstate definition: 'create_dd:blockstates/vanilla.json' missing model for variant: 'create_dd:vanilla#level=13'
[26Dec2025 18:16:38.817] [Worker-Main-6/WARN] [net.minecraft.client.resources.model.ModelBakery/]: Exception loading blockstate definition: 'create_dd:blockstates/vanilla.json' missing model for variant: 'create_dd:vanilla#level=12'
[26Dec2025 18:16:38.817] [Worker-Main-6/WARN] [net.minecraft.client.resources.model.ModelBakery/]: Exception loading blockstate definition: 'create_dd:blockstates/vanilla_milkshake.json' missing model for variant: 'create_dd:vanilla_milkshake#level=5'
[26Dec2025 18:16:38.817] [Worker-Main-6/WARN] [net.minecraft.client.resources.model.ModelBakery/]: Exception loading blockstate definition: 'create_dd:blockstates/vanilla_milkshake.json' missing model for variant: 'create_dd:vanilla_milkshake#level=6'
[26Dec2025 18:16:38.817] [Worker-Main-6/WARN] [net.minecraft.client.resources.model.ModelBakery/]: Exception loading blockstate definition: 'create_dd:blockstates/vanilla_milkshake.json' missing model for variant: 'create_dd:vanilla_milkshake#level=7'
[26Dec2025 18:16:38.817] [Worker-Main-6/WARN] [net.minecraft.client.resources.model.ModelBakery/]: Exception loading blockstate definition: 'create_dd:blockstates/vanilla_milkshake.json' missing model for variant: 'create_dd:vanilla_milkshake#level=8'
[26Dec2025 18:16:38.817] [Worker-Main-6/WARN] [net.minecraft.client.resources.model.ModelBakery/]: Exception loading blockstate definition: 'create_dd:blockstates/vanilla_milkshake.json' missing model for variant: 'create_dd:vanilla_milkshake#level=9'
[26Dec2025 18:16:38.817] [Worker-Main-6/WARN] [net.minecraft.client.resources.model.ModelBakery/]: Exception loading blockstate definition: 'create_dd:blockstates/vanilla_milkshake.json' missing model for variant: 'create_dd:vanilla_milkshake#level=0'
[26Dec2025 18:16:38.817] [Worker-Main-6/WARN] [net.minecraft.client.resources.model.ModelBakery/]: Exception loading blockstate definition: 'create_dd:blockstates/vanilla_milkshake.json' missing model for variant: 'create_dd:vanilla_milkshake#level=1'
[26Dec2025 18:16:38.817] [Worker-Main-6/WARN] [net.minecraft.client.resources.model.ModelBakery/]: Exception loading blockstate definition: 'create_dd:blockstates/vanilla_milkshake.json' missing model for variant: 'create_dd:vanilla_milkshake#level=2'
[26Dec2025 18:16:38.817] [Worker-Main-6/WARN] [net.minecraft.client.resources.model.ModelBakery/]: Exception loading blockstate definition: 'create_dd:blockstates/vanilla_milkshake.json' missing model for variant: 'create_dd:vanilla_milkshake#level=3'
[26Dec2025 18:16:38.817] [Worker-Main-6/WARN] [net.minecraft.client.resources.model.ModelBakery/]: Exception loading blockstate definition: 'create_dd:blockstates/vanilla_milkshake.json' missing model for variant: 'create_dd:vanilla_milkshake#level=4'
[26Dec2025 18:16:38.817] [Worker-Main-6/WARN] [net.minecraft.client.resources.model.ModelBakery/]: Exception loading blockstate definition: 'create_dd:blockstates/vanilla_milkshake.json' missing model for variant: 'create_dd:vanilla_milkshake#level=10'
[26Dec2025 18:16:38.817] [Worker-Main-6/WARN] [net.minecraft.client.resources.model.ModelBakery/]: Exception loading blockstate definition: 'create_dd:blockstates/vanilla_milkshake.json' missing model for variant: 'create_dd:vanilla_milkshake#level=11'
[26Dec2025 18:16:38.817] [Worker-Main-6/WARN] [net.minecraft.client.resources.model.ModelBakery/]: Exception loading blockstate definition: 'create_dd:blockstates/vanilla_milkshake.json' missing model for variant: 'create_dd:vanilla_milkshake#level=12'
[26Dec2025 18:16:38.817] [Worker-Main-6/WARN] [net.minecraft.client.resources.model.ModelBakery/]: Exception loading blockstate definition: 'create_dd:blockstates/vanilla_milkshake.json' missing model for variant: 'create_dd:vanilla_milkshake#level=13'
[26Dec2025 18:16:38.817] [Worker-Main-6/WARN] [net.minecraft.client.resources.model.ModelBakery/]: Exception loading blockstate definition: 'create_dd:blockstates/vanilla_milkshake.json' missing model for variant: 'create_dd:vanilla_milkshake#level=14'
[26Dec2025 18:16:38.817] [Worker-Main-6/WARN] [net.minecraft.client.resources.model.ModelBakery/]: Exception loading blockstate definition: 'create_dd:blockstates/vanilla_milkshake.json' missing model for variant: 'create_dd:vanilla_milkshake#level=15'
[26Dec2025 18:16:38.818] [Worker-Main-6/WARN] [net.minecraft.client.resources.model.ModelBakery/]: Exception loading blockstate definition: 'create_dd:blockstates/strawberry.json' missing model for variant: 'create_dd:strawberry#level=0'
[26Dec2025 18:16:38.818] [Worker-Main-6/WARN] [net.minecraft.client.resources.model.ModelBakery/]: Exception loading blockstate definition: 'create_dd:blockstates/strawberry.json' missing model for variant: 'create_dd:strawberry#level=14'
[26Dec2025 18:16:38.818] [Worker-Main-6/WARN] [net.minecraft.client.resources.model.ModelBakery/]: Exception loading blockstate definition: 'create_dd:blockstates/strawberry.json' missing model for variant: 'create_dd:strawberry#level=15'
[26Dec2025 18:16:38.818] [Worker-Main-6/WARN] [net.minecraft.client.resources.model.ModelBakery/]: Exception loading blockstate definition: 'create_dd:blockstates/strawberry.json' missing model for variant: 'create_dd:strawberry#level=3'
[26Dec2025 18:16:38.818] [Worker-Main-6/WARN] [net.minecraft.client.resources.model.ModelBakery/]: Exception loading blockstate definition: 'create_dd:blockstates/strawberry.json' missing model for variant: 'create_dd:strawberry#level=4'
[26Dec2025 18:16:38.818] [Worker-Main-6/WARN] [net.minecraft.client.resources.model.ModelBakery/]: Exception loading blockstate definition: 'create_dd:blockstates/strawberry.json' missing model for variant: 'create_dd:strawberry#level=1'
[26Dec2025 18:16:38.818] [Worker-Main-6/WARN] [net.minecraft.client.resources.model.ModelBakery/]: Exception loading blockstate definition: 'create_dd:blockstates/strawberry.json' missing model for variant: 'create_dd:strawberry#level=2'
[26Dec2025 18:16:38.818] [Worker-Main-6/WARN] [net.minecraft.client.resources.model.ModelBakery/]: Exception loading blockstate definition: 'create_dd:blockstates/strawberry.json' missing model for variant: 'create_dd:strawberry#level=7'
[26Dec2025 18:16:38.818] [Worker-Main-6/WARN] [net.minecraft.client.resources.model.ModelBakery/]: Exception loading blockstate definition: 'create_dd:blockstates/strawberry.json' missing model for variant: 'create_dd:strawberry#level=8'
[26Dec2025 18:16:38.818] [Worker-Main-6/WARN] [net.minecraft.client.resources.model.ModelBakery/]: Exception loading blockstate definition: 'create_dd:blockstates/strawberry.json' missing model for variant: 'create_dd:strawberry#level=5'
[26Dec2025 18:16:38.818] [Worker-Main-6/WARN] [net.minecraft.client.resources.model.ModelBakery/]: Exception loading blockstate definition: 'create_dd:blockstates/strawberry.json' missing model for variant: 'create_dd:strawberry#level=6'
[26Dec2025 18:16:38.818] [Worker-Main-6/WARN] [net.minecraft.client.resources.model.ModelBakery/]: Exception loading blockstate definition: 'create_dd:blockstates/strawberry.json' missing model for variant: 'create_dd:strawberry#level=12'
[26Dec2025 18:16:38.818] [Worker-Main-6/WARN] [net.minecraft.client.resources.model.ModelBakery/]: Exception loading blockstate definition: 'create_dd:blockstates/strawberry.json' missing model for variant: 'create_dd:strawberry#level=13'
[26Dec2025 18:16:38.818] [Worker-Main-6/WARN] [net.minecraft.client.resources.model.ModelBakery/]: Exception loading blockstate definition: 'create_dd:blockstates/strawberry.json' missing model for variant: 'create_dd:strawberry#level=9'
[26Dec2025 18:16:38.818] [Worker-Main-6/WARN] [net.minecraft.client.resources.model.ModelBakery/]: Exception loading blockstate definition: 'create_dd:blockstates/strawberry.json' missing model for variant: 'create_dd:strawberry#level=10'
[26Dec2025 18:16:38.818] [Worker-Main-6/WARN] [net.minecraft.client.resources.model.ModelBakery/]: Exception loading blockstate definition: 'create_dd:blockstates/strawberry.json' missing model for variant: 'create_dd:strawberry#level=11'
[26Dec2025 18:16:38.818] [Worker-Main-6/WARN] [net.minecraft.client.resources.model.ModelBakery/]: Exception loading blockstate definition: 'create_dd:blockstates/strawberry_milkshake.json' missing model for variant: 'create_dd:strawberry_milkshake#level=9'
[26Dec2025 18:16:38.819] [Worker-Main-6/WARN] [net.minecraft.client.resources.model.ModelBakery/]: Exception loading blockstate definition: 'create_dd:blockstates/strawberry_milkshake.json' missing model for variant: 'create_dd:strawberry_milkshake#level=5'
[26Dec2025 18:16:38.819] [Worker-Main-6/WARN] [net.minecraft.client.resources.model.ModelBakery/]: Exception loading blockstate definition: 'create_dd:blockstates/strawberry_milkshake.json' missing model for variant: 'create_dd:strawberry_milkshake#level=6'
[26Dec2025 18:16:38.819] [Worker-Main-6/WARN] [net.minecraft.client.resources.model.ModelBakery/]: Exception loading blockstate definition: 'create_dd:blockstates/strawberry_milkshake.json' missing model for variant: 'create_dd:strawberry_milkshake#level=7'
[26Dec2025 18:16:38.819] [Worker-Main-6/WARN] [net.minecraft.client.resources.model.ModelBakery/]: Exception loading blockstate definition: 'create_dd:blockstates/strawberry_milkshake.json' missing model for variant: 'create_dd:strawberry_milkshake#level=8'
[26Dec2025 18:16:38.819] [Worker-Main-6/WARN] [net.minecraft.client.resources.model.ModelBakery/]: Exception loading blockstate definition: 'create_dd:blockstates/strawberry_milkshake.json' missing model for variant: 'create_dd:strawberry_milkshake#level=1'
[26Dec2025 18:16:38.819] [Worker-Main-6/WARN] [net.minecraft.client.resources.model.ModelBakery/]: Exception loading blockstate definition: 'create_dd:blockstates/strawberry_milkshake.json' missing model for variant: 'create_dd:strawberry_milkshake#level=2'
[26Dec2025 18:16:38.819] [Worker-Main-6/WARN] [net.minecraft.client.resources.model.ModelBakery/]: Exception loading blockstate definition: 'create_dd:blockstates/strawberry_milkshake.json' missing model for variant: 'create_dd:strawberry_milkshake#level=3'
[26Dec2025 18:16:38.819] [Worker-Main-6/WARN] [net.minecraft.client.resources.model.ModelBakery/]: Exception loading blockstate definition: 'create_dd:blockstates/strawberry_milkshake.json' missing model for variant: 'create_dd:strawberry_milkshake#level=4'
[26Dec2025 18:16:38.819] [Worker-Main-6/WARN] [net.minecraft.client.resources.model.ModelBakery/]: Exception loading blockstate definition: 'create_dd:blockstates/strawberry_milkshake.json' missing model for variant: 'create_dd:strawberry_milkshake#level=15'
[26Dec2025 18:16:38.819] [Worker-Main-6/WARN] [net.minecraft.client.resources.model.ModelBakery/]: Exception loading blockstate definition: 'create_dd:blockstates/strawberry_milkshake.json' missing model for variant: 'create_dd:strawberry_milkshake#level=14'
[26Dec2025 18:16:38.819] [Worker-Main-6/WARN] [net.minecraft.client.resources.model.ModelBakery/]: Exception loading blockstate definition: 'create_dd:blockstates/strawberry_milkshake.json' missing model for variant: 'create_dd:strawberry_milkshake#level=0'
[26Dec2025 18:16:38.819] [Worker-Main-6/WARN] [net.minecraft.client.resources.model.ModelBakery/]: Exception loading blockstate definition: 'create_dd:blockstates/strawberry_milkshake.json' missing model for variant: 'create_dd:strawberry_milkshake#level=11'
[26Dec2025 18:16:38.819] [Worker-Main-6/WARN] [net.minecraft.client.resources.model.ModelBakery/]: Exception loading blockstate definition: 'create_dd:blockstates/strawberry_milkshake.json' missing model for variant: 'create_dd:strawberry_milkshake#level=10'
[26Dec2025 18:16:38.819] [Worker-Main-6/WARN] [net.minecraft.client.resources.model.ModelBakery/]: Exception loading blockstate definition: 'create_dd:blockstates/strawberry_milkshake.json' missing model for variant: 'create_dd:strawberry_milkshake#level=13'
[26Dec2025 18:16:38.819] [Worker-Main-6/WARN] [net.minecraft.client.resources.model.ModelBakery/]: Exception loading blockstate definition: 'create_dd:blockstates/strawberry_milkshake.json' missing model for variant: 'create_dd:strawberry_milkshake#level=12'
[26Dec2025 18:16:38.819] [Worker-Main-6/WARN] [net.minecraft.client.resources.model.ModelBakery/]: Exception loading blockstate definition: 'create_dd:blockstates/glowberry.json' missing model for variant: 'create_dd:glowberry#level=11'
[26Dec2025 18:16:38.819] [Worker-Main-6/WARN] [net.minecraft.client.resources.model.ModelBakery/]: Exception loading blockstate definition: 'create_dd:blockstates/glowberry.json' missing model for variant: 'create_dd:glowberry#level=10'
[26Dec2025 18:16:38.819] [Worker-Main-6/WARN] [net.minecraft.client.resources.model.ModelBakery/]: Exception loading blockstate definition: 'create_dd:blockstates/glowberry.json' missing model for variant: 'create_dd:glowberry#level=13'
[26Dec2025 18:16:38.819] [Worker-Main-6/WARN] [net.minecraft.client.resources.model.ModelBakery/]: Exception loading blockstate definition: 'create_dd:blockstates/glowberry.json' missing model for variant: 'create_dd:glowberry#level=12'
[26Dec2025 18:16:38.820] [Worker-Main-6/WARN] [net.minecraft.client.resources.model.ModelBakery/]: Exception loading blockstate definition: 'create_dd:blockstates/glowberry.json' missing model for variant: 'create_dd:glowberry#level=15'
[26Dec2025 18:16:38.820] [Worker-Main-6/WARN] [net.minecraft.client.resources.model.ModelBakery/]: Exception loading blockstate definition: 'create_dd:blockstates/glowberry.json' missing model for variant: 'create_dd:glowberry#level=14'
[26Dec2025 18:16:38.820] [Worker-Main-6/WARN] [net.minecraft.client.resources.model.ModelBakery/]: Exception loading blockstate definition: 'create_dd:blockstates/glowberry.json' missing model for variant: 'create_dd:glowberry#level=8'
[26Dec2025 18:16:38.820] [Worker-Main-6/WARN] [net.minecraft.client.resources.model.ModelBakery/]: Exception loading blockstate definition: 'create_dd:blockstates/glowberry.json' missing model for variant: 'create_dd:glowberry#level=7'
[26Dec2025 18:16:38.820] [Worker-Main-6/WARN] [net.minecraft.client.resources.model.ModelBakery/]: Exception loading blockstate definition: 'create_dd:blockstates/glowberry.json' missing model for variant: 'create_dd:glowberry#level=9'
[26Dec2025 18:16:38.820] [Worker-Main-6/WARN] [net.minecraft.client.resources.model.ModelBakery/]: Exception loading blockstate definition: 'create_dd:blockstates/glowberry.json' missing model for variant: 'create_dd:glowberry#level=0'
[26Dec2025 18:16:38.820] [Worker-Main-6/WARN] [net.minecraft.client.resources.model.ModelBakery/]: Exception loading blockstate definition: 'create_dd:blockstates/glowberry.json' missing model for variant: 'create_dd:glowberry#level=2'
[26Dec2025 18:16:38.820] [Worker-Main-6/WARN] [net.minecraft.client.resources.model.ModelBakery/]: Exception loading blockstate definition: 'create_dd:blockstates/glowberry.json' missing model for variant: 'create_dd:glowberry#level=1'
[26Dec2025 18:16:38.820] [Worker-Main-6/WARN] [net.minecraft.client.resources.model.ModelBakery/]: Exception loading blockstate definition: 'create_dd:blockstates/glowberry.json' missing model for variant: 'create_dd:glowberry#level=4'
[26Dec2025 18:16:38.820] [Worker-Main-6/WARN] [net.minecraft.client.resources.model.ModelBakery/]: Exception loading blockstate definition: 'create_dd:blockstates/glowberry.json' missing model for variant: 'create_dd:glowberry#level=3'
[26Dec2025 18:16:38.820] [Worker-Main-6/WARN] [net.minecraft.client.resources.model.ModelBakery/]: Exception loading blockstate definition: 'create_dd:blockstates/glowberry.json' missing model for variant: 'create_dd:glowberry#level=6'
[26Dec2025 18:16:38.820] [Worker-Main-6/WARN] [net.minecraft.client.resources.model.ModelBakery/]: Exception loading blockstate definition: 'create_dd:blockstates/glowberry.json' missing model for variant: 'create_dd:glowberry#level=5'
[26Dec2025 18:16:38.820] [Worker-Main-6/WARN] [net.minecraft.client.resources.model.ModelBakery/]: Exception loading blockstate definition: 'create_dd:blockstates/glowberry_milkshake.json' missing model for variant: 'create_dd:glowberry_milkshake#level=11'
[26Dec2025 18:16:38.820] [Worker-Main-6/WARN] [net.minecraft.client.resources.model.ModelBakery/]: Exception loading blockstate definition: 'create_dd:blockstates/glowberry_milkshake.json' missing model for variant: 'create_dd:glowberry_milkshake#level=10'
[26Dec2025 18:16:38.820] [Worker-Main-6/WARN] [net.minecraft.client.resources.model.ModelBakery/]: Exception loading blockstate definition: 'create_dd:blockstates/glowberry_milkshake.json' missing model for variant: 'create_dd:glowberry_milkshake#level=15'
[26Dec2025 18:16:38.820] [Worker-Main-6/WARN] [net.minecraft.client.resources.model.ModelBakery/]: Exception loading blockstate definition: 'create_dd:blockstates/glowberry_milkshake.json' missing model for variant: 'create_dd:glowberry_milkshake#level=14'
[26Dec2025 18:16:38.820] [Worker-Main-6/WARN] [net.minecraft.client.resources.model.ModelBakery/]: Exception loading blockstate definition: 'create_dd:blockstates/glowberry_milkshake.json' missing model for variant: 'create_dd:glowberry_milkshake#level=13'
[26Dec2025 18:16:38.820] [Worker-Main-6/WARN] [net.minecraft.client.resources.model.ModelBakery/]: Exception loading blockstate definition: 'create_dd:blockstates/glowberry_milkshake.json' missing model for variant: 'create_dd:glowberry_milkshake#level=12'
[26Dec2025 18:16:38.821] [Worker-Main-6/WARN] [net.minecraft.client.resources.model.ModelBakery/]: Exception loading blockstate definition: 'create_dd:blockstates/glowberry_milkshake.json' missing model for variant: 'create_dd:glowberry_milkshake#level=5'
[26Dec2025 18:16:38.821] [Worker-Main-6/WARN] [net.minecraft.client.resources.model.ModelBakery/]: Exception loading blockstate definition: 'create_dd:blockstates/glowberry_milkshake.json' missing model for variant: 'create_dd:glowberry_milkshake#level=6'
[26Dec2025 18:16:38.821] [Worker-Main-6/WARN] [net.minecraft.client.resources.model.ModelBakery/]: Exception loading blockstate definition: 'create_dd:blockstates/glowberry_milkshake.json' missing model for variant: 'create_dd:glowberry_milkshake#level=3'
[26Dec2025 18:16:38.821] [Worker-Main-6/WARN] [net.minecraft.client.resources.model.ModelBakery/]: Exception loading blockstate definition: 'create_dd:blockstates/glowberry_milkshake.json' missing model for variant: 'create_dd:glowberry_milkshake#level=4'
[26Dec2025 18:16:38.821] [Worker-Main-6/WARN] [net.minecraft.client.resources.model.ModelBakery/]: Exception loading blockstate definition: 'create_dd:blockstates/glowberry_milkshake.json' missing model for variant: 'create_dd:glowberry_milkshake#level=9'
[26Dec2025 18:16:38.821] [Worker-Main-6/WARN] [net.minecraft.client.resources.model.ModelBakery/]: Exception loading blockstate definition: 'create_dd:blockstates/glowberry_milkshake.json' missing model for variant: 'create_dd:glowberry_milkshake#level=7'
[26Dec2025 18:16:38.821] [Worker-Main-6/WARN] [net.minecraft.client.resources.model.ModelBakery/]: Exception loading blockstate definition: 'create_dd:blockstates/glowberry_milkshake.json' missing model for variant: 'create_dd:glowberry_milkshake#level=8'
[26Dec2025 18:16:38.821] [Worker-Main-6/WARN] [net.minecraft.client.resources.model.ModelBakery/]: Exception loading blockstate definition: 'create_dd:blockstates/glowberry_milkshake.json' missing model for variant: 'create_dd:glowberry_milkshake#level=1'
[26Dec2025 18:16:38.821] [Worker-Main-6/WARN] [net.minecraft.client.resources.model.ModelBakery/]: Exception loading blockstate definition: 'create_dd:blockstates/glowberry_milkshake.json' missing model for variant: 'create_dd:glowberry_milkshake#level=2'
[26Dec2025 18:16:38.821] [Worker-Main-6/WARN] [net.minecraft.client.resources.model.ModelBakery/]: Exception loading blockstate definition: 'create_dd:blockstates/glowberry_milkshake.json' missing model for variant: 'create_dd:glowberry_milkshake#level=0'
[26Dec2025 18:16:38.821] [Worker-Main-6/WARN] [net.minecraft.client.resources.model.ModelBakery/]: Exception loading blockstate definition: 'create_dd:blockstates/caramel.json' missing model for variant: 'create_dd:caramel#level=6'
[26Dec2025 18:16:38.821] [Worker-Main-6/WARN] [net.minecraft.client.resources.model.ModelBakery/]: Exception loading blockstate definition: 'create_dd:blockstates/caramel.json' missing model for variant: 'create_dd:caramel#level=5'
[26Dec2025 18:16:38.821] [Worker-Main-6/WARN] [net.minecraft.client.resources.model.ModelBakery/]: Exception loading blockstate definition: 'create_dd:blockstates/caramel.json' missing model for variant: 'create_dd:caramel#level=8'
[26Dec2025 18:16:38.821] [Worker-Main-6/WARN] [net.minecraft.client.resources.model.ModelBakery/]: Exception loading blockstate definition: 'create_dd:blockstates/caramel.json' missing model for variant: 'create_dd:caramel#level=7'
[26Dec2025 18:16:38.821] [Worker-Main-6/WARN] [net.minecraft.client.resources.model.ModelBakery/]: Exception loading blockstate definition: 'create_dd:blockstates/caramel.json' missing model for variant: 'create_dd:caramel#level=9'
[26Dec2025 18:16:38.821] [Worker-Main-6/WARN] [net.minecraft.client.resources.model.ModelBakery/]: Exception loading blockstate definition: 'create_dd:blockstates/caramel.json' missing model for variant: 'create_dd:caramel#level=0'
[26Dec2025 18:16:38.821] [Worker-Main-6/WARN] [net.minecraft.client.resources.model.ModelBakery/]: Exception loading blockstate definition: 'create_dd:blockstates/caramel.json' missing model for variant: 'create_dd:caramel#level=2'
[26Dec2025 18:16:38.821] [Worker-Main-6/WARN] [net.minecraft.client.resources.model.ModelBakery/]: Exception loading blockstate definition: 'create_dd:blockstates/caramel.json' missing model for variant: 'create_dd:caramel#level=1'
[26Dec2025 18:16:38.821] [Worker-Main-6/WARN] [net.minecraft.client.resources.model.ModelBakery/]: Exception loading blockstate definition: 'create_dd:blockstates/caramel.json' missing model for variant: 'create_dd:caramel#level=4'
[26Dec2025 18:16:38.821] [Worker-Main-6/WARN] [net.minecraft.client.resources.model.ModelBakery/]: Exception loading blockstate definition: 'create_dd:blockstates/caramel.json' missing model for variant: 'create_dd:caramel#level=3'
[26Dec2025 18:16:38.821] [Worker-Main-6/WARN] [net.minecraft.client.resources.model.ModelBakery/]: Exception loading blockstate definition: 'create_dd:blockstates/caramel.json' missing model for variant: 'create_dd:caramel#level=11'
[26Dec2025 18:16:38.821] [Worker-Main-6/WARN] [net.minecraft.client.resources.model.ModelBakery/]: Exception loading blockstate definition: 'create_dd:blockstates/caramel.json' missing model for variant: 'create_dd:caramel#level=10'
[26Dec2025 18:16:38.821] [Worker-Main-6/WARN] [net.minecraft.client.resources.model.ModelBakery/]: Exception loading blockstate definition: 'create_dd:blockstates/caramel.json' missing model for variant: 'create_dd:caramel#level=13'
[26Dec2025 18:16:38.822] [Worker-Main-6/WARN] [net.minecraft.client.resources.model.ModelBakery/]: Exception loading blockstate definition: 'create_dd:blockstates/caramel.json' missing model for variant: 'create_dd:caramel#level=12'
[26Dec2025 18:16:38.822] [Worker-Main-6/WARN] [net.minecraft.client.resources.model.ModelBakery/]: Exception loading blockstate definition: 'create_dd:blockstates/caramel.json' missing model for variant: 'create_dd:caramel#level=15'
[26Dec2025 18:16:38.822] [Worker-Main-6/WARN] [net.minecraft.client.resources.model.ModelBakery/]: Exception loading blockstate definition: 'create_dd:blockstates/caramel.json' missing model for variant: 'create_dd:caramel#level=14'
[26Dec2025 18:16:38.822] [Worker-Main-6/WARN] [net.minecraft.client.resources.model.ModelBakery/]: Exception loading blockstate definition: 'create_dd:blockstates/caramel_milkshake.json' missing model for variant: 'create_dd:caramel_milkshake#level=13'
[26Dec2025 18:16:38.822] [Worker-Main-6/WARN] [net.minecraft.client.resources.model.ModelBakery/]: Exception loading blockstate definition: 'create_dd:blockstates/caramel_milkshake.json' missing model for variant: 'create_dd:caramel_milkshake#level=12'
[26Dec2025 18:16:38.822] [Worker-Main-6/WARN] [net.minecraft.client.resources.model.ModelBakery/]: Exception loading blockstate definition: 'create_dd:blockstates/caramel_milkshake.json' missing model for variant: 'create_dd:caramel_milkshake#level=11'
[26Dec2025 18:16:38.822] [Worker-Main-6/WARN] [net.minecraft.client.resources.model.ModelBakery/]: Exception loading blockstate definition: 'create_dd:blockstates/caramel_milkshake.json' missing model for variant: 'create_dd:caramel_milkshake#level=9'
[26Dec2025 18:16:38.822] [Worker-Main-6/WARN] [net.minecraft.client.resources.model.ModelBakery/]: Exception loading blockstate definition: 'create_dd:blockstates/caramel_milkshake.json' missing model for variant: 'create_dd:caramel_milkshake#level=10'
[26Dec2025 18:16:38.822] [Worker-Main-6/WARN] [net.minecraft.client.resources.model.ModelBakery/]: Exception loading blockstate definition: 'create_dd:blockstates/caramel_milkshake.json' missing model for variant: 'create_dd:caramel_milkshake#level=15'
[26Dec2025 18:16:38.822] [Worker-Main-6/WARN] [net.minecraft.client.resources.model.ModelBakery/]: Exception loading blockstate definition: 'create_dd:blockstates/caramel_milkshake.json' missing model for variant: 'create_dd:caramel_milkshake#level=14'
[26Dec2025 18:16:38.822] [Worker-Main-6/WARN] [net.minecraft.client.resources.model.ModelBakery/]: Exception loading blockstate definition: 'create_dd:blockstates/caramel_milkshake.json' missing model for variant: 'create_dd:caramel_milkshake#level=4'
[26Dec2025 18:16:38.822] [Worker-Main-6/WARN] [net.minecraft.client.resources.model.ModelBakery/]: Exception loading blockstate definition: 'create_dd:blockstates/caramel_milkshake.json' missing model for variant: 'create_dd:caramel_milkshake#level=3'
[26Dec2025 18:16:38.822] [Worker-Main-6/WARN] [net.minecraft.client.resources.model.ModelBakery/]: Exception loading blockstate definition: 'create_dd:blockstates/caramel_milkshake.json' missing model for variant: 'create_dd:caramel_milkshake#level=2'
[26Dec2025 18:16:38.822] [Worker-Main-6/WARN] [net.minecraft.client.resources.model.ModelBakery/]: Exception loading blockstate definition: 'create_dd:blockstates/caramel_milkshake.json' missing model for variant: 'create_dd:caramel_milkshake#level=1'
[26Dec2025 18:16:38.822] [Worker-Main-6/WARN] [net.minecraft.client.resources.model.ModelBakery/]: Exception loading blockstate definition: 'create_dd:blockstates/caramel_milkshake.json' missing model for variant: 'create_dd:caramel_milkshake#level=8'
[26Dec2025 18:16:38.822] [Worker-Main-6/WARN] [net.minecraft.client.resources.model.ModelBakery/]: Exception loading blockstate definition: 'create_dd:blockstates/caramel_milkshake.json' missing model for variant: 'create_dd:caramel_milkshake#level=7'
[26Dec2025 18:16:38.822] [Worker-Main-6/WARN] [net.minecraft.client.resources.model.ModelBakery/]: Exception loading blockstate definition: 'create_dd:blockstates/caramel_milkshake.json' missing model for variant: 'create_dd:caramel_milkshake#level=6'
[26Dec2025 18:16:38.822] [Worker-Main-6/WARN] [net.minecraft.client.resources.model.ModelBakery/]: Exception loading blockstate definition: 'create_dd:blockstates/caramel_milkshake.json' missing model for variant: 'create_dd:caramel_milkshake#level=5'
[26Dec2025 18:16:38.823] [Worker-Main-6/WARN] [net.minecraft.client.resources.model.ModelBakery/]: Exception loading blockstate definition: 'create_dd:blockstates/caramel_milkshake.json' missing model for variant: 'create_dd:caramel_milkshake#level=0'
[26Dec2025 18:16:38.823] [Worker-Main-6/WARN] [net.minecraft.client.resources.model.ModelBakery/]: Exception loading blockstate definition: 'create_dd:blockstates/hot_chocolate.json' missing model for variant: 'create_dd:hot_chocolate#level=5'
[26Dec2025 18:16:38.823] [Worker-Main-6/WARN] [net.minecraft.client.resources.model.ModelBakery/]: Exception loading blockstate definition: 'create_dd:blockstates/hot_chocolate.json' missing model for variant: 'create_dd:hot_chocolate#level=4'
[26Dec2025 18:16:38.823] [Worker-Main-6/WARN] [net.minecraft.client.resources.model.ModelBakery/]: Exception loading blockstate definition: 'create_dd:blockstates/hot_chocolate.json' missing model for variant: 'create_dd:hot_chocolate#level=7'
[26Dec2025 18:16:38.823] [Worker-Main-6/WARN] [net.minecraft.client.resources.model.ModelBakery/]: Exception loading blockstate definition: 'create_dd:blockstates/hot_chocolate.json' missing model for variant: 'create_dd:hot_chocolate#level=6'
[26Dec2025 18:16:38.823] [Worker-Main-6/WARN] [net.minecraft.client.resources.model.ModelBakery/]: Exception loading blockstate definition: 'create_dd:blockstates/hot_chocolate.json' missing model for variant: 'create_dd:hot_chocolate#level=1'
[26Dec2025 18:16:38.823] [Worker-Main-6/WARN] [net.minecraft.client.resources.model.ModelBakery/]: Exception loading blockstate definition: 'create_dd:blockstates/hot_chocolate.json' missing model for variant: 'create_dd:hot_chocolate#level=0'
[26Dec2025 18:16:38.823] [Worker-Main-6/WARN] [net.minecraft.client.resources.model.ModelBakery/]: Exception loading blockstate definition: 'create_dd:blockstates/hot_chocolate.json' missing model for variant: 'create_dd:hot_chocolate#level=3'
[26Dec2025 18:16:38.823] [Worker-Main-6/WARN] [net.minecraft.client.resources.model.ModelBakery/]: Exception loading blockstate definition: 'create_dd:blockstates/hot_chocolate.json' missing model for variant: 'create_dd:hot_chocolate#level=2'
[26Dec2025 18:16:38.823] [Worker-Main-6/WARN] [net.minecraft.client.resources.model.ModelBakery/]: Exception loading blockstate definition: 'create_dd:blockstates/hot_chocolate.json' missing model for variant: 'create_dd:hot_chocolate#level=15'
[26Dec2025 18:16:38.823] [Worker-Main-6/WARN] [net.minecraft.client.resources.model.ModelBakery/]: Exception loading blockstate definition: 'create_dd:blockstates/hot_chocolate.json' missing model for variant: 'create_dd:hot_chocolate#level=13'
[26Dec2025 18:16:38.823] [Worker-Main-6/WARN] [net.minecraft.client.resources.model.ModelBakery/]: Exception loading blockstate definition: 'create_dd:blockstates/hot_chocolate.json' missing model for variant: 'create_dd:hot_chocolate#level=14'
[26Dec2025 18:16:38.823] [Worker-Main-6/WARN] [net.minecraft.client.resources.model.ModelBakery/]: Exception loading blockstate definition: 'create_dd:blockstates/hot_chocolate.json' missing model for variant: 'create_dd:hot_chocolate#level=9'
[26Dec2025 18:16:38.823] [Worker-Main-6/WARN] [net.minecraft.client.resources.model.ModelBakery/]: Exception loading blockstate definition: 'create_dd:blockstates/hot_chocolate.json' missing model for variant: 'create_dd:hot_chocolate#level=11'
[26Dec2025 18:16:38.823] [Worker-Main-6/WARN] [net.minecraft.client.resources.model.ModelBakery/]: Exception loading blockstate definition: 'create_dd:blockstates/hot_chocolate.json' missing model for variant: 'create_dd:hot_chocolate#level=8'
[26Dec2025 18:16:38.823] [Worker-Main-6/WARN] [net.minecraft.client.resources.model.ModelBakery/]: Exception loading blockstate definition: 'create_dd:blockstates/hot_chocolate.json' missing model for variant: 'create_dd:hot_chocolate#level=12'
[26Dec2025 18:16:38.823] [Worker-Main-6/WARN] [net.minecraft.client.resources.model.ModelBakery/]: Exception loading blockstate definition: 'create_dd:blockstates/hot_chocolate.json' missing model for variant: 'create_dd:hot_chocolate#level=10'
[26Dec2025 18:16:38.824] [Worker-Main-6/WARN] [net.minecraft.client.resources.model.ModelBakery/]: Exception loading blockstate definition: 'create_dd:blockstates/chocolate_milkshake.json' missing model for variant: 'create_dd:chocolate_milkshake#level=5'
[26Dec2025 18:16:38.824] [Worker-Main-6/WARN] [net.minecraft.client.resources.model.ModelBakery/]: Exception loading blockstate definition: 'create_dd:blockstates/chocolate_milkshake.json' missing model for variant: 'create_dd:chocolate_milkshake#level=4'
[26Dec2025 18:16:38.824] [Worker-Main-6/WARN] [net.minecraft.client.resources.model.ModelBakery/]: Exception loading blockstate definition: 'create_dd:blockstates/chocolate_milkshake.json' missing model for variant: 'create_dd:chocolate_milkshake#level=3'
[26Dec2025 18:16:38.824] [Worker-Main-6/WARN] [net.minecraft.client.resources.model.ModelBakery/]: Exception loading blockstate definition: 'create_dd:blockstates/chocolate_milkshake.json' missing model for variant: 'create_dd:chocolate_milkshake#level=2'
[26Dec2025 18:16:38.824] [Worker-Main-6/WARN] [net.minecraft.client.resources.model.ModelBakery/]: Exception loading blockstate definition: 'create_dd:blockstates/chocolate_milkshake.json' missing model for variant: 'create_dd:chocolate_milkshake#level=1'
[26Dec2025 18:16:38.824] [Worker-Main-6/WARN] [net.minecraft.client.resources.model.ModelBakery/]: Exception loading blockstate definition: 'create_dd:blockstates/chocolate_milkshake.json' missing model for variant: 'create_dd:chocolate_milkshake#level=0'
[26Dec2025 18:16:38.824] [Worker-Main-6/WARN] [net.minecraft.client.resources.model.ModelBakery/]: Exception loading blockstate definition: 'create_dd:blockstates/chocolate_milkshake.json' missing model for variant: 'create_dd:chocolate_milkshake#level=9'
[26Dec2025 18:16:38.824] [Worker-Main-6/WARN] [net.minecraft.client.resources.model.ModelBakery/]: Exception loading blockstate definition: 'create_dd:blockstates/chocolate_milkshake.json' missing model for variant: 'create_dd:chocolate_milkshake#level=8'
[26Dec2025 18:16:38.824] [Worker-Main-6/WARN] [net.minecraft.client.resources.model.ModelBakery/]: Exception loading blockstate definition: 'create_dd:blockstates/chocolate_milkshake.json' missing model for variant: 'create_dd:chocolate_milkshake#level=7'
[26Dec2025 18:16:38.824] [Worker-Main-6/WARN] [net.minecraft.client.resources.model.ModelBakery/]: Exception loading blockstate definition: 'create_dd:blockstates/chocolate_milkshake.json' missing model for variant: 'create_dd:chocolate_milkshake#level=6'
[26Dec2025 18:16:38.824] [Worker-Main-6/WARN] [net.minecraft.client.resources.model.ModelBakery/]: Exception loading blockstate definition: 'create_dd:blockstates/chocolate_milkshake.json' missing model for variant: 'create_dd:chocolate_milkshake#level=10'
[26Dec2025 18:16:38.824] [Worker-Main-6/WARN] [net.minecraft.client.resources.model.ModelBakery/]: Exception loading blockstate definition: 'create_dd:blockstates/chocolate_milkshake.json' missing model for variant: 'create_dd:chocolate_milkshake#level=11'
[26Dec2025 18:16:38.824] [Worker-Main-6/WARN] [net.minecraft.client.resources.model.ModelBakery/]: Exception loading blockstate definition: 'create_dd:blockstates/chocolate_milkshake.json' missing model for variant: 'create_dd:chocolate_milkshake#level=12'
[26Dec2025 18:16:38.824] [Worker-Main-6/WARN] [net.minecraft.client.resources.model.ModelBakery/]: Exception loading blockstate definition: 'create_dd:blockstates/chocolate_milkshake.json' missing model for variant: 'create_dd:chocolate_milkshake#level=13'
[26Dec2025 18:16:38.824] [Worker-Main-6/WARN] [net.minecraft.client.resources.model.ModelBakery/]: Exception loading blockstate definition: 'create_dd:blockstates/chocolate_milkshake.json' missing model for variant: 'create_dd:chocolate_milkshake#level=14'
[26Dec2025 18:16:38.824] [Worker-Main-6/WARN] [net.minecraft.client.resources.model.ModelBakery/]: Exception loading blockstate definition: 'create_dd:blockstates/chocolate_milkshake.json' missing model for variant: 'create_dd:chocolate_milkshake#level=15'
[26Dec2025 18:16:38.824] [Worker-Main-6/WARN] [net.minecraft.client.resources.model.ModelBakery/]: Exception loading blockstate definition: 'create_dd:blockstates/chromatic_waste.json' missing model for variant: 'create_dd:chromatic_waste#level=14'
[26Dec2025 18:16:38.824] [Worker-Main-6/WARN] [net.minecraft.client.resources.model.ModelBakery/]: Exception loading blockstate definition: 'create_dd:blockstates/chromatic_waste.json' missing model for variant: 'create_dd:chromatic_waste#level=15'
[26Dec2025 18:16:38.824] [Worker-Main-6/WARN] [net.minecraft.client.resources.model.ModelBakery/]: Exception loading blockstate definition: 'create_dd:blockstates/chromatic_waste.json' missing model for variant: 'create_dd:chromatic_waste#level=9'
[26Dec2025 18:16:38.824] [Worker-Main-6/WARN] [net.minecraft.client.resources.model.ModelBakery/]: Exception loading blockstate definition: 'create_dd:blockstates/chromatic_waste.json' missing model for variant: 'create_dd:chromatic_waste#level=10'
[26Dec2025 18:16:38.824] [Worker-Main-6/WARN] [net.minecraft.client.resources.model.ModelBakery/]: Exception loading blockstate definition: 'create_dd:blockstates/chromatic_waste.json' missing model for variant: 'create_dd:chromatic_waste#level=11'
[26Dec2025 18:16:38.824] [Worker-Main-6/WARN] [net.minecraft.client.resources.model.ModelBakery/]: Exception loading blockstate definition: 'create_dd:blockstates/chromatic_waste.json' missing model for variant: 'create_dd:chromatic_waste#level=12'
[26Dec2025 18:16:38.825] [Worker-Main-6/WARN] [net.minecraft.client.resources.model.ModelBakery/]: Exception loading blockstate definition: 'create_dd:blockstates/chromatic_waste.json' missing model for variant: 'create_dd:chromatic_waste#level=13'
[26Dec2025 18:16:38.825] [Worker-Main-6/WARN] [net.minecraft.client.resources.model.ModelBakery/]: Exception loading blockstate definition: 'create_dd:blockstates/chromatic_waste.json' missing model for variant: 'create_dd:chromatic_waste#level=4'
[26Dec2025 18:16:38.825] [Worker-Main-6/WARN] [net.minecraft.client.resources.model.ModelBakery/]: Exception loading blockstate definition: 'create_dd:blockstates/chromatic_waste.json' missing model for variant: 'create_dd:chromatic_waste#level=3'
[26Dec2025 18:16:38.825] [Worker-Main-6/WARN] [net.minecraft.client.resources.model.ModelBakery/]: Exception loading blockstate definition: 'create_dd:blockstates/chromatic_waste.json' missing model for variant: 'create_dd:chromatic_waste#level=2'
[26Dec2025 18:16:38.825] [Worker-Main-6/WARN] [net.minecraft.client.resources.model.ModelBakery/]: Exception loading blockstate definition: 'create_dd:blockstates/chromatic_waste.json' missing model for variant: 'create_dd:chromatic_waste#level=1'
[26Dec2025 18:16:38.825] [Worker-Main-6/WARN] [net.minecraft.client.resources.model.ModelBakery/]: Exception loading blockstate definition: 'create_dd:blockstates/chromatic_waste.json' missing model for variant: 'create_dd:chromatic_waste#level=8'
[26Dec2025 18:16:38.825] [Worker-Main-6/WARN] [net.minecraft.client.resources.model.ModelBakery/]: Exception loading blockstate definition: 'create_dd:blockstates/chromatic_waste.json' missing model for variant: 'create_dd:chromatic_waste#level=7'
[26Dec2025 18:16:38.825] [Worker-Main-6/WARN] [net.minecraft.client.resources.model.ModelBakery/]: Exception loading blockstate definition: 'create_dd:blockstates/chromatic_waste.json' missing model for variant: 'create_dd:chromatic_waste#level=6'
[26Dec2025 18:16:38.825] [Worker-Main-6/WARN] [net.minecraft.client.resources.model.ModelBakery/]: Exception loading blockstate definition: 'create_dd:blockstates/chromatic_waste.json' missing model for variant: 'create_dd:chromatic_waste#level=5'
[26Dec2025 18:16:38.825] [Worker-Main-6/WARN] [net.minecraft.client.resources.model.ModelBakery/]: Exception loading blockstate definition: 'create_dd:blockstates/chromatic_waste.json' missing model for variant: 'create_dd:chromatic_waste#level=0'
[26Dec2025 18:16:38.825] [Worker-Main-6/WARN] [net.minecraft.client.resources.model.ModelBakery/]: Exception loading blockstate definition: 'create_dd:blockstates/sap.json' missing model for variant: 'create_dd:sap#level=13'
[26Dec2025 18:16:38.825] [Worker-Main-6/WARN] [net.minecraft.client.resources.model.ModelBakery/]: Exception loading blockstate definition: 'create_dd:blockstates/sap.json' missing model for variant: 'create_dd:sap#level=14'
[26Dec2025 18:16:38.825] [Worker-Main-6/WARN] [net.minecraft.client.resources.model.ModelBakery/]: Exception loading blockstate definition: 'create_dd:blockstates/sap.json' missing model for variant: 'create_dd:sap#level=9'
[26Dec2025 18:16:38.825] [Worker-Main-6/WARN] [net.minecraft.client.resources.model.ModelBakery/]: Exception loading blockstate definition: 'create_dd:blockstates/sap.json' missing model for variant: 'create_dd:sap#level=15'
[26Dec2025 18:16:38.825] [Worker-Main-6/WARN] [net.minecraft.client.resources.model.ModelBakery/]: Exception loading blockstate definition: 'create_dd:blockstates/sap.json' missing model for variant: 'create_dd:sap#level=8'
[26Dec2025 18:16:38.825] [Worker-Main-6/WARN] [net.minecraft.client.resources.model.ModelBakery/]: Exception loading blockstate definition: 'create_dd:blockstates/sap.json' missing model for variant: 'create_dd:sap#level=10'
[26Dec2025 18:16:38.825] [Worker-Main-6/WARN] [net.minecraft.client.resources.model.ModelBakery/]: Exception loading blockstate definition: 'create_dd:blockstates/sap.json' missing model for variant: 'create_dd:sap#level=11'
[26Dec2025 18:16:38.825] [Worker-Main-6/WARN] [net.minecraft.client.resources.model.ModelBakery/]: Exception loading blockstate definition: 'create_dd:blockstates/sap.json' missing model for variant: 'create_dd:sap#level=12'
[26Dec2025 18:16:38.825] [Worker-Main-6/WARN] [net.minecraft.client.resources.model.ModelBakery/]: Exception loading blockstate definition: 'create_dd:blockstates/sap.json' missing model for variant: 'create_dd:sap#level=3'
[26Dec2025 18:16:38.825] [Worker-Main-6/WARN] [net.minecraft.client.resources.model.ModelBakery/]: Exception loading blockstate definition: 'create_dd:blockstates/sap.json' missing model for variant: 'create_dd:sap#level=2'
[26Dec2025 18:16:38.825] [Worker-Main-6/WARN] [net.minecraft.client.resources.model.ModelBakery/]: Exception loading blockstate definition: 'create_dd:blockstates/sap.json' missing model for variant: 'create_dd:sap#level=1'
[26Dec2025 18:16:38.825] [Worker-Main-6/WARN] [net.minecraft.client.resources.model.ModelBakery/]: Exception loading blockstate definition: 'create_dd:blockstates/sap.json' missing model for variant: 'create_dd:sap#level=0'
[26Dec2025 18:16:38.825] [Worker-Main-6/WARN] [net.minecraft.client.resources.model.ModelBakery/]: Exception loading blockstate definition: 'create_dd:blockstates/sap.json' missing model for variant: 'create_dd:sap#level=7'
[26Dec2025 18:16:38.825] [Worker-Main-6/WARN] [net.minecraft.client.resources.model.ModelBakery/]: Exception loading blockstate definition: 'create_dd:blockstates/sap.json' missing model for variant: 'create_dd:sap#level=6'
[26Dec2025 18:16:38.825] [Worker-Main-6/WARN] [net.minecraft.client.resources.model.ModelBakery/]: Exception loading blockstate definition: 'create_dd:blockstates/sap.json' missing model for variant: 'create_dd:sap#level=5'
[26Dec2025 18:16:38.825] [Worker-Main-6/WARN] [net.minecraft.client.resources.model.ModelBakery/]: Exception loading blockstate definition: 'create_dd:blockstates/sap.json' missing model for variant: 'create_dd:sap#level=4'
[26Dec2025 18:16:38.825] [Worker-Main-6/WARN] [net.minecraft.client.resources.model.ModelBakery/]: Exception loading blockstate definition: 'create_dd:blockstates/shimmer.json' missing model for variant: 'create_dd:shimmer#level=8'
[26Dec2025 18:16:38.826] [Worker-Main-6/WARN] [net.minecraft.client.resources.model.ModelBakery/]: Exception loading blockstate definition: 'create_dd:blockstates/shimmer.json' missing model for variant: 'create_dd:shimmer#level=7'
[26Dec2025 18:16:38.826] [Worker-Main-6/WARN] [net.minecraft.client.resources.model.ModelBakery/]: Exception loading blockstate definition: 'create_dd:blockstates/shimmer.json' missing model for variant: 'create_dd:shimmer#level=9'
[26Dec2025 18:16:38.826] [Worker-Main-6/WARN] [net.minecraft.client.resources.model.ModelBakery/]: Exception loading blockstate definition: 'create_dd:blockstates/shimmer.json' missing model for variant: 'create_dd:shimmer#level=13'
[26Dec2025 18:16:38.826] [Worker-Main-6/WARN] [net.minecraft.client.resources.model.ModelBakery/]: Exception loading blockstate definition: 'create_dd:blockstates/shimmer.json' missing model for variant: 'create_dd:shimmer#level=12'
[26Dec2025 18:16:38.826] [Worker-Main-6/WARN] [net.minecraft.client.resources.model.ModelBakery/]: Exception loading blockstate definition: 'create_dd:blockstates/shimmer.json' missing model for variant: 'create_dd:shimmer#level=15'
[26Dec2025 18:16:38.826] [Worker-Main-6/WARN] [net.minecraft.client.resources.model.ModelBakery/]: Exception loading blockstate definition: 'create_dd:blockstates/shimmer.json' missing model for variant: 'create_dd:shimmer#level=14'
[26Dec2025 18:16:38.826] [Worker-Main-6/WARN] [net.minecraft.client.resources.model.ModelBakery/]: Exception loading blockstate definition: 'create_dd:blockstates/shimmer.json' missing model for variant: 'create_dd:shimmer#level=11'
[26Dec2025 18:16:38.826] [Worker-Main-6/WARN] [net.minecraft.client.resources.model.ModelBakery/]: Exception loading blockstate definition: 'create_dd:blockstates/shimmer.json' missing model for variant: 'create_dd:shimmer#level=10'
[26Dec2025 18:16:38.826] [Worker-Main-6/WARN] [net.minecraft.client.resources.model.ModelBakery/]: Exception loading blockstate definition: 'create_dd:blockstates/shimmer.json' missing model for variant: 'create_dd:shimmer#level=4'
[26Dec2025 18:16:38.826] [Worker-Main-6/WARN] [net.minecraft.client.resources.model.ModelBakery/]: Exception loading blockstate definition: 'create_dd:blockstates/shimmer.json' missing model for variant: 'create_dd:shimmer#level=3'
[26Dec2025 18:16:38.826] [Worker-Main-6/WARN] [net.minecraft.client.resources.model.ModelBakery/]: Exception loading blockstate definition: 'create_dd:blockstates/shimmer.json' missing model for variant: 'create_dd:shimmer#level=6'
[26Dec2025 18:16:38.826] [Worker-Main-6/WARN] [net.minecraft.client.resources.model.ModelBakery/]: Exception loading blockstate definition: 'create_dd:blockstates/shimmer.json' missing model for variant: 'create_dd:shimmer#level=5'
[26Dec2025 18:16:38.826] [Worker-Main-6/WARN] [net.minecraft.client.resources.model.ModelBakery/]: Exception loading blockstate definition: 'create_dd:blockstates/shimmer.json' missing model for variant: 'create_dd:shimmer#level=0'
[26Dec2025 18:16:38.826] [Worker-Main-6/WARN] [net.minecraft.client.resources.model.ModelBakery/]: Exception loading blockstate definition: 'create_dd:blockstates/shimmer.json' missing model for variant: 'create_dd:shimmer#level=2'
[26Dec2025 18:16:38.826] [Worker-Main-6/WARN] [net.minecraft.client.resources.model.ModelBakery/]: Exception loading blockstate definition: 'create_dd:blockstates/shimmer.json' missing model for variant: 'create_dd:shimmer#level=1'
[26Dec2025 18:16:39.287] [Worker-Main-6/WARN] [net.minecraft.client.resources.model.ModelBakery/]: Unable to load model: 'create_dd:ponder_in_a_box#inventory' referenced from: create_dd:ponder_in_a_box#inventory: java.io.FileNotFoundException: create_dd:models/item/ponder_in_a_box.json
[26Dec2025 18:16:39.287] [Worker-Main-6/WARN] [net.minecraft.client.resources.model.ModelBakery/]: Unable to load model: 'create_dd:potato_turret#inventory' referenced from: create_dd:potato_turret#inventory: java.io.FileNotFoundException: create_dd:models/item/potato_turret.json
[26Dec2025 18:16:39.288] [Worker-Main-6/WARN] [net.minecraft.client.resources.model.ModelBakery/]: Unable to load model: 'create_dd:crafting_kinetic_mechanism1#inventory' referenced from: create_dd:crafting_kinetic_mechanism1#inventory: java.io.FileNotFoundException: create_dd:models/item/crafting_kinetic_mechanism1.json
[26Dec2025 18:16:39.288] [Worker-Main-6/WARN] [net.minecraft.client.resources.model.ModelBakery/]: Unable to load model: 'create_dd:crafting_kinetic_mechanism2#inventory' referenced from: create_dd:crafting_kinetic_mechanism2#inventory: java.io.FileNotFoundException: create_dd:models/item/crafting_kinetic_mechanism2.json
[26Dec2025 18:16:39.303] [Worker-Main-6/WARN] [net.minecraft.client.resources.model.ModelBakery/]: Unable to load model: 'create_dd:item/deforester/item' referenced from: create_dd:item/deforester_saw/gear: java.io.FileNotFoundException: create_dd:models/item/deforester/item.json
[26Dec2025 18:16:40.972] [Worker-Main-6/DEBUG] [mixin/]: Mixing RegisterCreatePonderScenes from ddtocreate6.mixins.json into com.simibubi.create.infrastructure.ponder.AllCreatePonderScenes
[26Dec2025 18:16:40.972] [Worker-Main-6/DEBUG] [mixin/]: ddtocreate6.mixins.json:RegisterCreatePonderScenes: Class version 61 required is higher than the class version supported by the current version of Mixin (JAVA_8 supports class version 52)
[26Dec2025 18:16:41.147] [Worker-Main-6/INFO] [PonderIndex/]: Registering Ponder Scenes took 179.7 ms
[26Dec2025 18:16:41.157] [Worker-Main-6/INFO] [PonderIndex/]: Registering Ponder Tags took 9.341 ms
[26Dec2025 18:16:41.167] [Render thread/DEBUG] [net.minecraftforge.fml.DeferredWorkQueue/LOADING]: Dispatching synchronous work for work queue COMPLETE: 1 jobs
[26Dec2025 18:16:41.199] [Render thread/DEBUG] [net.minecraftforge.fml.DeferredWorkQueue/LOADING]: Synchronous work queue completed in 31.60 ms
[26Dec2025 18:16:41.204] [modloading-worker-0/DEBUG] [net.minecraftforge.registries.GameData/REGISTRIES]: Freezing registries
[26Dec2025 18:16:41.206] [modloading-worker-0/DEBUG] [net.minecraftforge.registries.ForgeRegistry/REGISTRIES]: Registry minecraft:block Sync: FROZEN -> ACTIVE
[26Dec2025 18:16:41.218] [modloading-worker-0/DEBUG] [net.minecraftforge.registries.ForgeRegistry/REGISTRIES]: Registry minecraft:fluid Sync: FROZEN -> ACTIVE
[26Dec2025 18:16:41.218] [modloading-worker-0/DEBUG] [net.minecraftforge.registries.ForgeRegistry/REGISTRIES]: Registry minecraft:item Sync: FROZEN -> ACTIVE
[26Dec2025 18:16:41.229] [modloading-worker-0/DEBUG] [net.minecraftforge.registries.ForgeRegistry/REGISTRIES]: Registry minecraft:mob_effect Sync: FROZEN -> ACTIVE
[26Dec2025 18:16:41.229] [modloading-worker-0/DEBUG] [net.minecraftforge.registries.ForgeRegistry/REGISTRIES]: Registry minecraft:sound_event Sync: FROZEN -> ACTIVE
[26Dec2025 18:16:41.235] [modloading-worker-0/DEBUG] [net.minecraftforge.registries.ForgeRegistry/REGISTRIES]: Registry minecraft:potion Sync: FROZEN -> ACTIVE
[26Dec2025 18:16:41.235] [modloading-worker-0/DEBUG] [net.minecraftforge.registries.ForgeRegistry/REGISTRIES]: Registry minecraft:enchantment Sync: FROZEN -> ACTIVE
[26Dec2025 18:16:41.235] [modloading-worker-0/DEBUG] [net.minecraftforge.registries.ForgeRegistry/REGISTRIES]: Registry minecraft:entity_type Sync: FROZEN -> ACTIVE
[26Dec2025 18:16:41.236] [modloading-worker-0/DEBUG] [net.minecraftforge.registries.ForgeRegistry/REGISTRIES]: Registry minecraft:block_entity_type Sync: FROZEN -> ACTIVE
[26Dec2025 18:16:41.236] [modloading-worker-0/DEBUG] [net.minecraftforge.registries.ForgeRegistry/REGISTRIES]: Registry minecraft:particle_type Sync: FROZEN -> ACTIVE
[26Dec2025 18:16:41.237] [modloading-worker-0/DEBUG] [net.minecraftforge.registries.ForgeRegistry/REGISTRIES]: Registry minecraft:menu Sync: FROZEN -> ACTIVE
[26Dec2025 18:16:41.237] [modloading-worker-0/DEBUG] [net.minecraftforge.registries.ForgeRegistry/REGISTRIES]: Registry minecraft:painting_variant Sync: FROZEN -> ACTIVE
[26Dec2025 18:16:41.237] [modloading-worker-0/DEBUG] [net.minecraftforge.registries.ForgeRegistry/REGISTRIES]: Registry minecraft:recipe_type Sync: FROZEN -> ACTIVE
[26Dec2025 18:16:41.238] [modloading-worker-0/DEBUG] [net.minecraftforge.registries.ForgeRegistry/REGISTRIES]: Registry minecraft:recipe_serializer Sync: FROZEN -> ACTIVE
[26Dec2025 18:16:41.238] [modloading-worker-0/DEBUG] [net.minecraftforge.registries.ForgeRegistry/REGISTRIES]: Registry minecraft:attribute Sync: FROZEN -> ACTIVE
[26Dec2025 18:16:41.238] [modloading-worker-0/DEBUG] [net.minecraftforge.registries.ForgeRegistry/REGISTRIES]: Registry minecraft:stat_type Sync: FROZEN -> ACTIVE
[26Dec2025 18:16:41.238] [modloading-worker-0/DEBUG] [net.minecraftforge.registries.ForgeRegistry/REGISTRIES]: Registry minecraft:command_argument_type Sync: FROZEN -> ACTIVE
[26Dec2025 18:16:41.238] [modloading-worker-0/DEBUG] [net.minecraftforge.registries.ForgeRegistry/REGISTRIES]: Registry minecraft:villager_profession Sync: FROZEN -> ACTIVE
[26Dec2025 18:16:41.239] [modloading-worker-0/DEBUG] [net.minecraftforge.registries.ForgeRegistry/REGISTRIES]: Registry minecraft:point_of_interest_type Sync: FROZEN -> ACTIVE
[26Dec2025 18:16:41.240] [modloading-worker-0/DEBUG] [net.minecraftforge.registries.ForgeRegistry/REGISTRIES]: Registry minecraft:memory_module_type Sync: FROZEN -> ACTIVE
[26Dec2025 18:16:41.240] [modloading-worker-0/DEBUG] [net.minecraftforge.registries.ForgeRegistry/REGISTRIES]: Registry minecraft:sensor_type Sync: FROZEN -> ACTIVE
[26Dec2025 18:16:41.241] [modloading-worker-0/DEBUG] [net.minecraftforge.registries.ForgeRegistry/REGISTRIES]: Registry minecraft:schedule Sync: FROZEN -> ACTIVE
[26Dec2025 18:16:41.241] [modloading-worker-0/DEBUG] [net.minecraftforge.registries.ForgeRegistry/REGISTRIES]: Registry minecraft:activity Sync: FROZEN -> ACTIVE
[26Dec2025 18:16:41.241] [modloading-worker-0/DEBUG] [net.minecraftforge.registries.ForgeRegistry/REGISTRIES]: Registry minecraft:worldgen/carver Sync: FROZEN -> ACTIVE
[26Dec2025 18:16:41.241] [modloading-worker-0/DEBUG] [net.minecraftforge.registries.ForgeRegistry/REGISTRIES]: Registry minecraft:worldgen/feature Sync: FROZEN -> ACTIVE
[26Dec2025 18:16:41.241] [modloading-worker-0/DEBUG] [net.minecraftforge.registries.ForgeRegistry/REGISTRIES]: Registry minecraft:chunk_status Sync: FROZEN -> ACTIVE
[26Dec2025 18:16:41.241] [modloading-worker-0/DEBUG] [net.minecraftforge.registries.ForgeRegistry/REGISTRIES]: Registry minecraft:worldgen/block_state_provider_type Sync: FROZEN -> ACTIVE
[26Dec2025 18:16:41.241] [modloading-worker-0/DEBUG] [net.minecraftforge.registries.ForgeRegistry/REGISTRIES]: Registry minecraft:worldgen/foliage_placer_type Sync: FROZEN -> ACTIVE
[26Dec2025 18:16:41.241] [modloading-worker-0/DEBUG] [net.minecraftforge.registries.ForgeRegistry/REGISTRIES]: Registry minecraft:worldgen/tree_decorator_type Sync: FROZEN -> ACTIVE
[26Dec2025 18:16:41.241] [modloading-worker-0/DEBUG] [net.minecraftforge.registries.ForgeRegistry/REGISTRIES]: Registry minecraft:worldgen/biome Sync: FROZEN -> ACTIVE
[26Dec2025 18:16:41.241] [modloading-worker-0/DEBUG] [net.minecraftforge.registries.ForgeRegistry/REGISTRIES]: Registry forge:entity_data_serializers Sync: FROZEN -> ACTIVE
[26Dec2025 18:16:41.241] [modloading-worker-0/DEBUG] [net.minecraftforge.registries.ForgeRegistry/REGISTRIES]: Registry forge:global_loot_modifier_serializers Sync: FROZEN -> ACTIVE
[26Dec2025 18:16:41.242] [modloading-worker-0/DEBUG] [net.minecraftforge.registries.ForgeRegistry/REGISTRIES]: Registry forge:biome_modifier_serializers Sync: FROZEN -> ACTIVE
[26Dec2025 18:16:41.242] [modloading-worker-0/DEBUG] [net.minecraftforge.registries.ForgeRegistry/REGISTRIES]: Registry forge:fluid_type Sync: FROZEN -> ACTIVE
[26Dec2025 18:16:41.242] [modloading-worker-0/DEBUG] [net.minecraftforge.registries.ForgeRegistry/REGISTRIES]: Registry forge:structure_modifier_serializers Sync: FROZEN -> ACTIVE
[26Dec2025 18:16:41.242] [modloading-worker-0/DEBUG] [net.minecraftforge.registries.ForgeRegistry/REGISTRIES]: Registry forge:holder_set_type Sync: FROZEN -> ACTIVE
[26Dec2025 18:16:41.242] [modloading-worker-0/DEBUG] [net.minecraftforge.registries.ForgeRegistry/REGISTRIES]: Registry forge:display_contexts Sync: FROZEN -> ACTIVE
[26Dec2025 18:16:42.322] [modloading-worker-0/DEBUG] [mixin/]: Mixing DDBlockShapesFixerTester from ddtocreate6.mixins.json into uwu.lopyluna.create_dd.block.DDBlockShapes
[26Dec2025 18:16:42.322] [modloading-worker-0/DEBUG] [mixin/]: ddtocreate6.mixins.json:DDBlockShapesFixerTester: Class version 61 required is higher than the class version supported by the current version of Mixin (JAVA_8 supports class version 52)
[26Dec2025 18:16:42.325] [modloading-worker-0/DEBUG] [mixin/]: Mixing DDBlockShapesFixerTester from ddtocreate6.mixins.json into uwu.lopyluna.create_dd.block.DDBlockShapes$Builder
[26Dec2025 18:16:42.325] [modloading-worker-0/DEBUG] [mixin/]: ddtocreate6.mixins.json:DDBlockShapesFixerTester: Class version 61 required is higher than the class version supported by the current version of Mixin (JAVA_8 supports class version 52)
[26Dec2025 18:16:43.536] [modloading-worker-0/DEBUG] [net.minecraftforge.registries.GameData/REGISTRIES]: All registries frozen
[26Dec2025 18:16:43.696] [Render thread/DEBUG] [net.minecraftforge.common.ForgeI18n/CORE]: Loading I18N data entries: 10925
[26Dec2025 18:16:43.719] [Render thread/WARN] [net.minecraft.client.sounds.SoundEngine/]: Missing sound for event: minecraft:item.goat_horn.play
[26Dec2025 18:16:43.719] [Render thread/WARN] [net.minecraft.client.sounds.SoundEngine/]: Missing sound for event: minecraft:entity.goat.screaming.horn_break
[26Dec2025 18:16:44.334] [Render thread/INFO] [com.mojang.blaze3d.audio.Library/]: OpenAL initialized on device OpenAL Soft on Speakers (Realtek(R) Audio)
[26Dec2025 18:16:44.335] [Render thread/INFO] [net.minecraft.client.sounds.SoundEngine/SOUNDS]: Sound engine started
[26Dec2025 18:16:44.503] [Render thread/INFO] [net.minecraft.client.renderer.texture.TextureAtlas/]: Created: 2048x2048x4 minecraft:textures/atlas/blocks.png-atlas
[26Dec2025 18:16:44.518] [Render thread/INFO] [net.minecraft.client.renderer.texture.TextureAtlas/]: Created: 256x256x4 minecraft:textures/atlas/signs.png-atlas
[26Dec2025 18:16:44.524] [Render thread/INFO] [net.minecraft.client.renderer.texture.TextureAtlas/]: Created: 512x512x4 minecraft:textures/atlas/banner_patterns.png-atlas
[26Dec2025 18:16:44.525] [Render thread/INFO] [net.minecraft.client.renderer.texture.TextureAtlas/]: Created: 512x512x4 minecraft:textures/atlas/shield_patterns.png-atlas
[26Dec2025 18:16:44.526] [Render thread/INFO] [net.minecraft.client.renderer.texture.TextureAtlas/]: Created: 2048x1024x4 minecraft:textures/atlas/armor_trims.png-atlas
[26Dec2025 18:16:44.529] [Render thread/INFO] [net.minecraft.client.renderer.texture.TextureAtlas/]: Created: 256x256x4 minecraft:textures/atlas/chest.png-atlas
[26Dec2025 18:16:44.537] [Render thread/INFO] [net.minecraft.client.renderer.texture.TextureAtlas/]: Created: 128x64x4 minecraft:textures/atlas/decorated_pot.png-atlas
[26Dec2025 18:16:44.537] [Render thread/INFO] [net.minecraft.client.renderer.texture.TextureAtlas/]: Created: 512x256x4 minecraft:textures/atlas/beds.png-atlas
[26Dec2025 18:16:44.538] [Render thread/INFO] [net.minecraft.client.renderer.texture.TextureAtlas/]: Created: 512x256x4 minecraft:textures/atlas/shulker_boxes.png-atlas
[26Dec2025 18:16:44.583] [Render thread/DEBUG] [mixin/]: Mixing ModelPartAccessor from flywheel.impl.mixins.json into net.minecraft.client.model.geom.ModelPart
[26Dec2025 18:16:44.754] [Render thread/WARN] [net.minecraft.client.renderer.ShaderInstance/]: Shader rendertype_entity_translucent_emissive could not find sampler named Sampler2 in the specified shader program.
[26Dec2025 18:16:44.821] [Render thread/INFO] [net.minecraft.client.renderer.texture.TextureAtlas/]: Created: 512x256x0 minecraft:textures/atlas/particles.png-atlas
[26Dec2025 18:16:44.824] [Render thread/INFO] [net.minecraft.client.renderer.texture.TextureAtlas/]: Created: 256x256x0 minecraft:textures/atlas/paintings.png-atlas
[26Dec2025 18:16:44.825] [Render thread/INFO] [net.minecraft.client.renderer.texture.TextureAtlas/]: Created: 128x128x0 minecraft:textures/atlas/mob_effects.png-atlas
[26Dec2025 18:16:44.875] [Render thread/INFO] [flywheel/backend/shaders/]: Loaded 77 shader sources in 43.555 ms
[26Dec2025 18:16:44.941] [Render thread/INFO] [com.simibubi.create.Create/]: Loaded 56 train hat configurations.
[26Dec2025 18:16:44.941] [Render thread/INFO] [net.minecraft.client.renderer.texture.TextureAtlas/]: Created: 256x256x0 jei:textures/atlas/gui.png-atlas
[26Dec2025 18:16:45.776] [Realms Notification Availability checker #1/INFO] [com.mojang.realmsclient.client.RealmsClient/]: Could not authorize you against Realms server: java.lang.RuntimeException: Failed to parse into SignedJWT: 0
[26Dec2025 18:16:57.281] [Render thread/DEBUG] [mixin/]: Mixing accessor.NbtAccounterAccessor from create.mixins.json into net.minecraft.nbt.NbtAccounter
[26Dec2025 18:16:57.309] [Render thread/DEBUG] [net.minecraftforge.network.DualStackUtils/]: Detected IPv6 address: "0:0:0:0:0:0:0:0"
[26Dec2025 18:17:00.929] [Render thread/INFO] [com.simibubi.create.Create/]: Created 205 recipes which will be injected into the game
[26Dec2025 18:17:00.937] [Render thread/INFO] [com.simibubi.create.Create/]: Created 0 tags which will be injected into the game
[26Dec2025 18:17:00.976] [Render thread/INFO] [net.minecraftforge.registries.GameData/REGISTRIES]: Injecting existing registry data into this CLIENT instance
[26Dec2025 18:17:01.004] [Render thread/DEBUG] [net.minecraftforge.registries.ForgeRegistry/REGISTRIES]: Registry minecraft:block: Fixed minecraft:block id mismatch create:acacia_window: 1675 (init) -> 1676 (map).
[26Dec2025 18:17:01.006] [Render thread/DEBUG] [net.minecraftforge.registries.ForgeRegistry/REGISTRIES]: Registry minecraft:block: Fixed minecraft:block id mismatch create:acacia_window_pane: 1689 (init) -> 1690 (map).
[26Dec2025 18:17:01.006] [Render thread/DEBUG] [net.minecraftforge.registries.ForgeRegistry/REGISTRIES]: Registry minecraft:block: Fixed minecraft:block id mismatch create:adjustable_chain_gearshift: 1330 (init) -> 1331 (map).
[26Dec2025 18:17:01.006] [Render thread/DEBUG] [net.minecraftforge.registries.ForgeRegistry/REGISTRIES]: Registry minecraft:block: Fixed minecraft:block id mismatch create:analog_lever: 1531 (init) -> 1532 (map).
[26Dec2025 18:17:01.006] [Render thread/DEBUG] [net.minecraftforge.registries.ForgeRegistry/REGISTRIES]: Registry minecraft:block: Fixed minecraft:block id mismatch create:andesite_alloy_block: 1603 (init) -> 1604 (map).
[26Dec2025 18:17:01.006] [Render thread/DEBUG] [net.minecraftforge.registries.ForgeRegistry/REGISTRIES]: Registry minecraft:block: Fixed minecraft:block id mismatch create:andesite_bars: 1564 (init) -> 1565 (map).
[26Dec2025 18:17:01.006] [Render thread/DEBUG] [net.minecraftforge.registries.ForgeRegistry/REGISTRIES]: Registry minecraft:block: Fixed minecraft:block id mismatch create:andesite_belt_funnel: 1459 (init) -> 1460 (map).
[26Dec2025 18:17:01.006] [Render thread/DEBUG] [net.minecraftforge.registries.ForgeRegistry/REGISTRIES]: Registry minecraft:block: Fixed minecraft:block id mismatch create:andesite_casing: 1439 (init) -> 1440 (map).
[26Dec2025 18:17:01.006] [Render thread/DEBUG] [net.minecraftforge.registries.ForgeRegistry/REGISTRIES]: Registry minecraft:block: Fixed minecraft:block id mismatch create:andesite_door: 1592 (init) -> 1593 (map).
[26Dec2025 18:17:01.007] [Render thread/DEBUG] [net.minecraftforge.registries.ForgeRegistry/REGISTRIES]: Registry minecraft:block: Fixed minecraft:block id mismatch create:andesite_encased_cogwheel: 1322 (init) -> 1323 (map).
[26Dec2025 18:17:01.007] [Render thread/DEBUG] [net.minecraftforge.registries.ForgeRegistry/REGISTRIES]: Registry minecraft:block: Fixed minecraft:block id mismatch create:andesite_encased_large_cogwheel: 1324 (init) -> 1325 (map).
[26Dec2025 18:17:01.007] [Render thread/DEBUG] [net.minecraftforge.registries.ForgeRegistry/REGISTRIES]: Registry minecraft:block: Fixed minecraft:block id mismatch create:andesite_encased_shaft: 1320 (init) -> 1321 (map).
[26Dec2025 18:17:01.007] [Render thread/DEBUG] [net.minecraftforge.registries.ForgeRegistry/REGISTRIES]: Registry minecraft:block: Fixed minecraft:block id mismatch create:andesite_funnel: 1458 (init) -> 1459 (map).
[26Dec2025 18:17:01.007] [Render thread/DEBUG] [net.minecraftforge.registries.ForgeRegistry/REGISTRIES]: Registry minecraft:block: Fixed minecraft:block id mismatch create:andesite_ladder: 1561 (init) -> 1562 (map).
[26Dec2025 18:17:01.007] [Render thread/DEBUG] [net.minecraftforge.registries.ForgeRegistry/REGISTRIES]: Registry minecraft:block: Fixed minecraft:block id mismatch create:andesite_pillar: 1752 (init) -> 1753 (map).
[26Dec2025 18:17:01.007] [Render thread/DEBUG] [net.minecraftforge.registries.ForgeRegistry/REGISTRIES]: Registry minecraft:block: Fixed minecraft:block id mismatch create:andesite_scaffolding: 1567 (init) -> 1568 (map).
[26Dec2025 18:17:01.007] [Render thread/DEBUG] [net.minecraftforge.registries.ForgeRegistry/REGISTRIES]: Registry minecraft:block: Fixed minecraft:block id mismatch create:andesite_table_cloth: 1508 (init) -> 1509 (map).
[26Dec2025 18:17:01.007] [Render thread/DEBUG] [net.minecraftforge.registries.ForgeRegistry/REGISTRIES]: Registry minecraft:block: Fixed minecraft:block id mismatch create:andesite_tunnel: 1462 (init) -> 1463 (map).
[26Dec2025 18:17:01.007] [Render thread/DEBUG] [net.minecraftforge.registries.ForgeRegistry/REGISTRIES]: Registry minecraft:block: Fixed minecraft:block id mismatch create:asurine: 1825 (init) -> 1826 (map).
[26Dec2025 18:17:01.007] [Render thread/DEBUG] [net.minecraftforge.registries.ForgeRegistry/REGISTRIES]: Registry minecraft:block: Fixed minecraft:block id mismatch create:asurine_pillar: 1843 (init) -> 1844 (map).
[26Dec2025 18:17:01.007] [Render thread/DEBUG] [net.minecraftforge.registries.ForgeRegistry/REGISTRIES]: Registry minecraft:block: Fixed minecraft:block id mismatch create:bamboo_window: 1681 (init) -> 1682 (map).
[26Dec2025 18:17:01.007] [Render thread/DEBUG] [net.minecraftforge.registries.ForgeRegistry/REGISTRIES]: Registry minecraft:block: Fixed minecraft:block id mismatch create:bamboo_window_pane: 1695 (init) -> 1696 (map).
[26Dec2025 18:17:01.007] [Render thread/DEBUG] [net.minecraftforge.registries.ForgeRegistry/REGISTRIES]: Registry minecraft:block: Fixed minecraft:block id mismatch create:basin: 1348 (init) -> 1349 (map).
[26Dec2025 18:17:01.007] [Render thread/DEBUG] [net.minecraftforge.registries.ForgeRegistry/REGISTRIES]: Registry minecraft:block: Fixed minecraft:block id mismatch create:belt: 1331 (init) -> 1332 (map).
[26Dec2025 18:17:01.007] [Render thread/DEBUG] [net.minecraftforge.registries.ForgeRegistry/REGISTRIES]: Registry minecraft:block: Fixed minecraft:block id mismatch create:birch_window: 1673 (init) -> 1674 (map).
[26Dec2025 18:17:01.007] [Render thread/DEBUG] [net.minecraftforge.registries.ForgeRegistry/REGISTRIES]: Registry minecraft:block: Fixed minecraft:block id mismatch create:birch_window_pane: 1687 (init) -> 1688 (map).
[26Dec2025 18:17:01.007] [Render thread/DEBUG] [net.minecraftforge.registries.ForgeRegistry/REGISTRIES]: Registry minecraft:block: Fixed minecraft:block id mismatch create:black_nixie_tube: 1528 (init) -> 1529 (map).
[26Dec2025 18:17:01.007] [Render thread/DEBUG] [net.minecraftforge.registries.ForgeRegistry/REGISTRIES]: Registry minecraft:block: Fixed minecraft:block id mismatch create:black_postbox: 1487 (init) -> 1488 (map).
[26Dec2025 18:17:01.007] [Render thread/DEBUG] [net.minecraftforge.registries.ForgeRegistry/REGISTRIES]: Registry minecraft:block: Fixed minecraft:block id mismatch create:black_sail: 1438 (init) -> 1439 (map).
[26Dec2025 18:17:01.007] [Render thread/DEBUG] [net.minecraftforge.registries.ForgeRegistry/REGISTRIES]: Registry minecraft:block: Fixed minecraft:block id mismatch create:black_seat: 1591 (init) -> 1592 (map).
[26Dec2025 18:17:01.007] [Render thread/DEBUG] [net.minecraftforge.registries.ForgeRegistry/REGISTRIES]: Registry minecraft:block: Fixed minecraft:block id mismatch create:black_table_cloth: 1507 (init) -> 1508 (map).
[26Dec2025 18:17:01.007] [Render thread/DEBUG] [net.minecraftforge.registries.ForgeRegistry/REGISTRIES]: Registry minecraft:block: Fixed minecraft:block id mismatch create:black_toolbox: 1559 (init) -> 1560 (map).
[26Dec2025 18:17:01.007] [Render thread/DEBUG] [net.minecraftforge.registries.ForgeRegistry/REGISTRIES]: Registry minecraft:block: Fixed minecraft:block id mismatch create:black_valve_handle: 1381 (init) -> 1382 (map).
[26Dec2025 18:17:01.007] [Render thread/DEBUG] [net.minecraftforge.registries.ForgeRegistry/REGISTRIES]: Registry minecraft:block: Fixed minecraft:block id mismatch create:blaze_burner: 1349 (init) -> 1350 (map).
[26Dec2025 18:17:01.007] [Render thread/DEBUG] [net.minecraftforge.registries.ForgeRegistry/REGISTRIES]: Registry minecraft:block: Fixed minecraft:block id mismatch create:blue_nixie_tube: 1524 (init) -> 1525 (map).
[26Dec2025 18:17:01.007] [Render thread/DEBUG] [net.minecraftforge.registries.ForgeRegistry/REGISTRIES]: Registry minecraft:block: Fixed minecraft:block id mismatch create:blue_postbox: 1483 (init) -> 1484 (map).
[26Dec2025 18:17:01.007] [Render thread/DEBUG] [net.minecraftforge.registries.ForgeRegistry/REGISTRIES]: Registry minecraft:block: Fixed minecraft:block id mismatch create:blue_sail: 1434 (init) -> 1435 (map).
[26Dec2025 18:17:01.007] [Render thread/DEBUG] [net.minecraftforge.registries.ForgeRegistry/REGISTRIES]: Registry minecraft:block: Fixed minecraft:block id mismatch create:blue_seat: 1587 (init) -> 1588 (map).
[26Dec2025 18:17:01.007] [Render thread/DEBUG] [net.minecraftforge.registries.ForgeRegistry/REGISTRIES]: Registry minecraft:block: Fixed minecraft:block id mismatch create:blue_table_cloth: 1503 (init) -> 1504 (map).
[26Dec2025 18:17:01.007] [Render thread/DEBUG] [net.minecraftforge.registries.ForgeRegistry/REGISTRIES]: Registry minecraft:block: Fixed minecraft:block id mismatch create:blue_toolbox: 1555 (init) -> 1556 (map).
[26Dec2025 18:17:01.007] [Render thread/DEBUG] [net.minecraftforge.registries.ForgeRegistry/REGISTRIES]: Registry minecraft:block: Fixed minecraft:block id mismatch create:blue_valve_handle: 1377 (init) -> 1378 (map).
[26Dec2025 18:17:01.007] [Render thread/DEBUG] [net.minecraftforge.registries.ForgeRegistry/REGISTRIES]: Registry minecraft:block: Fixed minecraft:block id mismatch create:bound_cardboard_block: 1608 (init) -> 1609 (map).
[26Dec2025 18:17:01.007] [Render thread/DEBUG] [net.minecraftforge.registries.ForgeRegistry/REGISTRIES]: Registry minecraft:block: Fixed minecraft:block id mismatch create:brass_bars: 1565 (init) -> 1566 (map).
[26Dec2025 18:17:01.007] [Render thread/DEBUG] [net.minecraftforge.registries.ForgeRegistry/REGISTRIES]: Registry minecraft:block: Fixed minecraft:block id mismatch create:brass_belt_funnel: 1461 (init) -> 1462 (map).
[26Dec2025 18:17:01.007] [Render thread/DEBUG] [net.minecraftforge.registries.ForgeRegistry/REGISTRIES]: Registry minecraft:block: Fixed minecraft:block id mismatch create:brass_block: 1606 (init) -> 1607 (map).
[26Dec2025 18:17:01.007] [Render thread/DEBUG] [net.minecraftforge.registries.ForgeRegistry/REGISTRIES]: Registry minecraft:block: Fixed minecraft:block id mismatch create:brass_casing: 1440 (init) -> 1441 (map).
[26Dec2025 18:17:01.007] [Render thread/DEBUG] [net.minecraftforge.registries.ForgeRegistry/REGISTRIES]: Registry minecraft:block: Fixed minecraft:block id mismatch create:brass_door: 1593 (init) -> 1594 (map).
[26Dec2025 18:17:01.008] [Render thread/DEBUG] [net.minecraftforge.registries.ForgeRegistry/REGISTRIES]: Registry minecraft:block: Fixed minecraft:block id mismatch create:brass_encased_cogwheel: 1323 (init) -> 1324 (map).
[26Dec2025 18:17:01.008] [Render thread/DEBUG] [net.minecraftforge.registries.ForgeRegistry/REGISTRIES]: Registry minecraft:block: Fixed minecraft:block id mismatch create:brass_encased_large_cogwheel: 1325 (init) -> 1326 (map).
[26Dec2025 18:17:01.008] [Render thread/DEBUG] [net.minecraftforge.registries.ForgeRegistry/REGISTRIES]: Registry minecraft:block: Fixed minecraft:block id mismatch create:brass_encased_shaft: 1321 (init) -> 1322 (map).
[26Dec2025 18:17:01.008] [Render thread/DEBUG] [net.minecraftforge.registries.ForgeRegistry/REGISTRIES]: Registry minecraft:block: Fixed minecraft:block id mismatch create:brass_funnel: 1460 (init) -> 1461 (map).
[26Dec2025 18:17:01.008] [Render thread/DEBUG] [net.minecraftforge.registries.ForgeRegistry/REGISTRIES]: Registry minecraft:block: Fixed minecraft:block id mismatch create:brass_ladder: 1562 (init) -> 1563 (map).
[26Dec2025 18:17:01.008] [Render thread/DEBUG] [net.minecraftforge.registries.ForgeRegistry/REGISTRIES]: Registry minecraft:block: Fixed minecraft:block id mismatch create:brass_scaffolding: 1568 (init) -> 1569 (map).
[26Dec2025 18:17:01.008] [Render thread/DEBUG] [net.minecraftforge.registries.ForgeRegistry/REGISTRIES]: Registry minecraft:block: Fixed minecraft:block id mismatch create:brass_table_cloth: 1509 (init) -> 1510 (map).
[26Dec2025 18:17:01.008] [Render thread/DEBUG] [net.minecraftforge.registries.ForgeRegistry/REGISTRIES]: Registry minecraft:block: Fixed minecraft:block id mismatch create:brass_tunnel: 1463 (init) -> 1464 (map).
[26Dec2025 18:17:01.008] [Render thread/DEBUG] [net.minecraftforge.registries.ForgeRegistry/REGISTRIES]: Registry minecraft:block: Fixed minecraft:block id mismatch create:brown_nixie_tube: 1525 (init) -> 1526 (map).
[26Dec2025 18:17:01.008] [Render thread/DEBUG] [net.minecraftforge.registries.ForgeRegistry/REGISTRIES]: Registry minecraft:block: Fixed minecraft:block id mismatch create:brown_postbox: 1484 (init) -> 1485 (map).
[26Dec2025 18:17:01.008] [Render thread/DEBUG] [net.minecraftforge.registries.ForgeRegistry/REGISTRIES]: Registry minecraft:block: Fixed minecraft:block id mismatch create:brown_sail: 1435 (init) -> 1436 (map).
[26Dec2025 18:17:01.008] [Render thread/DEBUG] [net.minecraftforge.registries.ForgeRegistry/REGISTRIES]: Registry minecraft:block: Fixed minecraft:block id mismatch create:brown_seat: 1588 (init) -> 1589 (map).
[26Dec2025 18:17:01.008] [Render thread/DEBUG] [net.minecraftforge.registries.ForgeRegistry/REGISTRIES]: Registry minecraft:block: Fixed minecraft:block id mismatch create:brown_table_cloth: 1504 (init) -> 1505 (map).
[26Dec2025 18:17:01.008] [Render thread/DEBUG] [net.minecraftforge.registries.ForgeRegistry/REGISTRIES]: Registry minecraft:block: Fixed minecraft:block id mismatch create:brown_toolbox: 1556 (init) -> 1557 (map).
[26Dec2025 18:17:01.008] [Render thread/DEBUG] [net.minecraftforge.registries.ForgeRegistry/REGISTRIES]: Registry minecraft:block: Fixed minecraft:block id mismatch create:brown_valve_handle: 1378 (init) -> 1379 (map).
[26Dec2025 18:17:01.008] [Render thread/DEBUG] [net.minecraftforge.registries.ForgeRegistry/REGISTRIES]: Registry minecraft:block: Fixed minecraft:block id mismatch create:calcite_pillar: 1770 (init) -> 1771 (map).
[26Dec2025 18:17:01.008] [Render thread/DEBUG] [net.minecraftforge.registries.ForgeRegistry/REGISTRIES]: Registry minecraft:block: Fixed minecraft:block id mismatch create:cardboard_block: 1607 (init) -> 1608 (map).
[26Dec2025 18:17:01.008] [Render thread/DEBUG] [net.minecraftforge.registries.ForgeRegistry/REGISTRIES]: Registry minecraft:block: Fixed minecraft:block id mismatch create:cart_assembler: 1405 (init) -> 1406 (map).
[26Dec2025 18:17:01.008] [Render thread/DEBUG] [net.minecraftforge.registries.ForgeRegistry/REGISTRIES]: Registry minecraft:block: Fixed minecraft:block id mismatch create:chain_conveyor: 1332 (init) -> 1333 (map).
[26Dec2025 18:17:01.008] [Render thread/DEBUG] [net.minecraftforge.registries.ForgeRegistry/REGISTRIES]: Registry minecraft:block: Fixed minecraft:block id mismatch create:cherry_window: 1680 (init) -> 1681 (map).
[26Dec2025 18:17:01.008] [Render thread/DEBUG] [net.minecraftforge.registries.ForgeRegistry/REGISTRIES]: Registry minecraft:block: Fixed minecraft:block id mismatch create:cherry_window_pane: 1694 (init) -> 1695 (map).
[26Dec2025 18:17:01.008] [Render thread/DEBUG] [net.minecraftforge.registries.ForgeRegistry/REGISTRIES]: Registry minecraft:block: Fixed minecraft:block id mismatch create:chocolate: 1662 (init) -> 1663 (map).
[26Dec2025 18:17:01.008] [Render thread/DEBUG] [net.minecraftforge.registries.ForgeRegistry/REGISTRIES]: Registry minecraft:block: Fixed minecraft:block id mismatch create:chute: 1353 (init) -> 1354 (map).
[26Dec2025 18:17:01.008] [Render thread/DEBUG] [net.minecraftforge.registries.ForgeRegistry/REGISTRIES]: Registry minecraft:block: Fixed minecraft:block id mismatch create:clipboard: 1560 (init) -> 1561 (map).
[26Dec2025 18:17:01.008] [Render thread/DEBUG] [net.minecraftforge.registries.ForgeRegistry/REGISTRIES]: Registry minecraft:block: Fixed minecraft:block id mismatch create:clockwork_bearing: 1400 (init) -> 1401 (map).
[26Dec2025 18:17:01.008] [Render thread/DEBUG] [net.minecraftforge.registries.ForgeRegistry/REGISTRIES]: Registry minecraft:block: Fixed minecraft:block id mismatch create:clutch: 1327 (init) -> 1328 (map).
[26Dec2025 18:17:01.008] [Render thread/DEBUG] [net.minecraftforge.registries.ForgeRegistry/REGISTRIES]: Registry minecraft:block: Fixed minecraft:block id mismatch create:cogwheel: 1318 (init) -> 1319 (map).
[26Dec2025 18:17:01.008] [Render thread/DEBUG] [net.minecraftforge.registries.ForgeRegistry/REGISTRIES]: Registry minecraft:block: Fixed minecraft:block id mismatch create:content_observer: 1464 (init) -> 1465 (map).
[26Dec2025 18:17:01.008] [Render thread/DEBUG] [net.minecraftforge.registries.ForgeRegistry/REGISTRIES]: Registry minecraft:block: Fixed minecraft:block id mismatch create:contraption_controls: 1412 (init) -> 1413 (map).
[26Dec2025 18:17:01.008] [Render thread/DEBUG] [net.minecraftforge.registries.ForgeRegistry/REGISTRIES]: Registry minecraft:block: Fixed minecraft:block id mismatch create:controller_rail: 1406 (init) -> 1407 (map).
[26Dec2025 18:17:01.008] [Render thread/DEBUG] [net.minecraftforge.registries.ForgeRegistry/REGISTRIES]: Registry minecraft:block: Fixed minecraft:block id mismatch create:controls: 1457 (init) -> 1458 (map).
[26Dec2025 18:17:01.008] [Render thread/DEBUG] [net.minecraftforge.registries.ForgeRegistry/REGISTRIES]: Registry minecraft:block: Fixed minecraft:block id mismatch create:copper_backtank: 1539 (init) -> 1540 (map).
[26Dec2025 18:17:01.008] [Render thread/DEBUG] [net.minecraftforge.registries.ForgeRegistry/REGISTRIES]: Registry minecraft:block: Fixed minecraft:block id mismatch create:copper_bars: 1566 (init) -> 1567 (map).
[26Dec2025 18:17:01.008] [Render thread/DEBUG] [net.minecraftforge.registries.ForgeRegistry/REGISTRIES]: Registry minecraft:block: Fixed minecraft:block id mismatch create:copper_casing: 1441 (init) -> 1442 (map).
[26Dec2025 18:17:01.008] [Render thread/DEBUG] [net.minecraftforge.registries.ForgeRegistry/REGISTRIES]: Registry minecraft:block: Fixed minecraft:block id mismatch create:copper_door: 1594 (init) -> 1595 (map).
[26Dec2025 18:17:01.008] [Render thread/DEBUG] [net.minecraftforge.registries.ForgeRegistry/REGISTRIES]: Registry minecraft:block: Fixed minecraft:block id mismatch create:copper_ladder: 1563 (init) -> 1564 (map).
[26Dec2025 18:17:01.008] [Render thread/DEBUG] [net.minecraftforge.registries.ForgeRegistry/REGISTRIES]: Registry minecraft:block: Fixed minecraft:block id mismatch create:copper_scaffolding: 1569 (init) -> 1570 (map).
[26Dec2025 18:17:01.008] [Render thread/DEBUG] [net.minecraftforge.registries.ForgeRegistry/REGISTRIES]: Registry minecraft:block: Fixed minecraft:block id mismatch create:copper_shingle_slab: 1617 (init) -> 1618 (map).
[26Dec2025 18:17:01.008] [Render thread/DEBUG] [net.minecraftforge.registries.ForgeRegistry/REGISTRIES]: Registry minecraft:block: Fixed minecraft:block id mismatch create:copper_shingle_stairs: 1621 (init) -> 1622 (map).
[26Dec2025 18:17:01.008] [Render thread/DEBUG] [net.minecraftforge.registries.ForgeRegistry/REGISTRIES]: Registry minecraft:block: Fixed minecraft:block id mismatch create:copper_shingles: 1613 (init) -> 1614 (map).
[26Dec2025 18:17:01.009] [Render thread/DEBUG] [net.minecraftforge.registries.ForgeRegistry/REGISTRIES]: Registry minecraft:block: Fixed minecraft:block id mismatch create:copper_table_cloth: 1510 (init) -> 1511 (map).
[26Dec2025 18:17:01.009] [Render thread/DEBUG] [net.minecraftforge.registries.ForgeRegistry/REGISTRIES]: Registry minecraft:block: Fixed minecraft:block id mismatch create:copper_tile_slab: 1641 (init) -> 1642 (map).
[26Dec2025 18:17:01.009] [Render thread/DEBUG] [net.minecraftforge.registries.ForgeRegistry/REGISTRIES]: Registry minecraft:block: Fixed minecraft:block id mismatch create:copper_tile_stairs: 1645 (init) -> 1646 (map).
[26Dec2025 18:17:01.009] [Render thread/DEBUG] [net.minecraftforge.registries.ForgeRegistry/REGISTRIES]: Registry minecraft:block: Fixed minecraft:block id mismatch create:copper_tiles: 1637 (init) -> 1638 (map).
[26Dec2025 18:17:01.009] [Render thread/DEBUG] [net.minecraftforge.registries.ForgeRegistry/REGISTRIES]: Registry minecraft:block: Fixed minecraft:block id mismatch create:copper_valve_handle: 1365 (init) -> 1366 (map).
[26Dec2025 18:17:01.009] [Render thread/DEBUG] [net.minecraftforge.registries.ForgeRegistry/REGISTRIES]: Registry minecraft:block: Fixed minecraft:block id mismatch create:copycat_bars: 1575 (init) -> 1576 (map).
[26Dec2025 18:17:01.009] [Render thread/DEBUG] [net.minecraftforge.registries.ForgeRegistry/REGISTRIES]: Registry minecraft:block: Fixed minecraft:block id mismatch create:copycat_base: 1572 (init) -> 1573 (map).
[26Dec2025 18:17:01.009] [Render thread/DEBUG] [net.minecraftforge.registries.ForgeRegistry/REGISTRIES]: Registry minecraft:block: Fixed minecraft:block id mismatch create:copycat_panel: 1574 (init) -> 1575 (map).
[26Dec2025 18:17:01.009] [Render thread/DEBUG] [net.minecraftforge.registries.ForgeRegistry/REGISTRIES]: Registry minecraft:block: Fixed minecraft:block id mismatch create:copycat_step: 1573 (init) -> 1574 (map).
[26Dec2025 18:17:01.009] [Render thread/DEBUG] [net.minecraftforge.registries.ForgeRegistry/REGISTRIES]: Registry minecraft:block: Fixed minecraft:block id mismatch create:creative_crate: 1466 (init) -> 1467 (map).
[26Dec2025 18:17:01.009] [Render thread/DEBUG] [net.minecraftforge.registries.ForgeRegistry/REGISTRIES]: Registry minecraft:block: Fixed minecraft:block id mismatch create:creative_fluid_tank: 1383 (init) -> 1384 (map).
[26Dec2025 18:17:01.009] [Render thread/DEBUG] [net.minecraftforge.registries.ForgeRegistry/REGISTRIES]: Registry minecraft:block: Fixed minecraft:block id mismatch create:creative_motor: 1333 (init) -> 1334 (map).
[26Dec2025 18:17:01.009] [Render thread/DEBUG] [net.minecraftforge.registries.ForgeRegistry/REGISTRIES]: Registry minecraft:block: Fixed minecraft:block id mismatch create:crimsite: 1844 (init) -> 1845 (map).
[26Dec2025 18:17:01.009] [Render thread/DEBUG] [net.minecraftforge.registries.ForgeRegistry/REGISTRIES]: Registry minecraft:block: Fixed minecraft:block id mismatch create:crimsite_pillar: 1862 (init) -> 1863 (map).
[26Dec2025 18:17:01.009] [Render thread/DEBUG] [net.minecraftforge.registries.ForgeRegistry/REGISTRIES]: Registry minecraft:block: Fixed minecraft:block id mismatch create:crimson_window: 1678 (init) -> 1679 (map).
[26Dec2025 18:17:01.009] [Render thread/DEBUG] [net.minecraftforge.registries.ForgeRegistry/REGISTRIES]: Registry minecraft:block: Fixed minecraft:block id mismatch create:crimson_window_pane: 1692 (init) -> 1693 (map).
[26Dec2025 18:17:01.009] [Render thread/DEBUG] [net.minecraftforge.registries.ForgeRegistry/REGISTRIES]: Registry minecraft:block: Fixed minecraft:block id mismatch create:crushing_wheel: 1344 (init) -> 1345 (map).
[26Dec2025 18:17:01.009] [Render thread/DEBUG] [net.minecraftforge.registries.ForgeRegistry/REGISTRIES]: Registry minecraft:block: Fixed minecraft:block id mismatch create:crushing_wheel_controller: 1345 (init) -> 1346 (map).
[26Dec2025 18:17:01.009] [Render thread/DEBUG] [net.minecraftforge.registries.ForgeRegistry/REGISTRIES]: Registry minecraft:block: Fixed minecraft:block id mismatch create:cuckoo_clock: 1341 (init) -> 1342 (map).
[26Dec2025 18:17:01.009] [Render thread/DEBUG] [net.minecraftforge.registries.ForgeRegistry/REGISTRIES]: Registry minecraft:block: Fixed minecraft:block id mismatch create:cut_andesite: 1735 (init) -> 1736 (map).
[26Dec2025 18:17:01.009] [Render thread/DEBUG] [net.minecraftforge.registries.ForgeRegistry/REGISTRIES]: Registry minecraft:block: Fixed minecraft:block id mismatch create:cut_andesite_brick_slab: 1745 (init) -> 1746 (map).
[26Dec2025 18:17:01.009] [Render thread/DEBUG] [net.minecraftforge.registries.ForgeRegistry/REGISTRIES]: Registry minecraft:block: Fixed minecraft:block id mismatch create:cut_andesite_brick_stairs: 1744 (init) -> 1745 (map).
[26Dec2025 18:17:01.009] [Render thread/DEBUG] [net.minecraftforge.registries.ForgeRegistry/REGISTRIES]: Registry minecraft:block: Fixed minecraft:block id mismatch create:cut_andesite_brick_wall: 1746 (init) -> 1747 (map).
[26Dec2025 18:17:01.009] [Render thread/DEBUG] [net.minecraftforge.registries.ForgeRegistry/REGISTRIES]: Registry minecraft:block: Fixed minecraft:block id mismatch create:cut_andesite_bricks: 1743 (init) -> 1744 (map).
[26Dec2025 18:17:01.009] [Render thread/DEBUG] [net.minecraftforge.registries.ForgeRegistry/REGISTRIES]: Registry minecraft:block: Fixed minecraft:block id mismatch create:cut_andesite_slab: 1737 (init) -> 1738 (map).
[26Dec2025 18:17:01.009] [Render thread/DEBUG] [net.minecraftforge.registries.ForgeRegistry/REGISTRIES]: Registry minecraft:block: Fixed minecraft:block id mismatch create:cut_andesite_stairs: 1736 (init) -> 1737 (map).
[26Dec2025 18:17:01.009] [Render thread/DEBUG] [net.minecraftforge.registries.ForgeRegistry/REGISTRIES]: Registry minecraft:block: Fixed minecraft:block id mismatch create:cut_andesite_wall: 1738 (init) -> 1739 (map).
[26Dec2025 18:17:01.009] [Render thread/DEBUG] [net.minecraftforge.registries.ForgeRegistry/REGISTRIES]: Registry minecraft:block: Fixed minecraft:block id mismatch create:cut_asurine: 1826 (init) -> 1827 (map).
[26Dec2025 18:17:01.009] [Render thread/DEBUG] [net.minecraftforge.registries.ForgeRegistry/REGISTRIES]: Registry minecraft:block: Fixed minecraft:block id mismatch create:cut_asurine_brick_slab: 1836 (init) -> 1837 (map).
[26Dec2025 18:17:01.009] [Render thread/DEBUG] [net.minecraftforge.registries.ForgeRegistry/REGISTRIES]: Registry minecraft:block: Fixed minecraft:block id mismatch create:cut_asurine_brick_stairs: 1835 (init) -> 1836 (map).
[26Dec2025 18:17:01.009] [Render thread/DEBUG] [net.minecraftforge.registries.ForgeRegistry/REGISTRIES]: Registry minecraft:block: Fixed minecraft:block id mismatch create:cut_asurine_brick_wall: 1837 (init) -> 1838 (map).
[26Dec2025 18:17:01.009] [Render thread/DEBUG] [net.minecraftforge.registries.ForgeRegistry/REGISTRIES]: Registry minecraft:block: Fixed minecraft:block id mismatch create:cut_asurine_bricks: 1834 (init) -> 1835 (map).
[26Dec2025 18:17:01.009] [Render thread/DEBUG] [net.minecraftforge.registries.ForgeRegistry/REGISTRIES]: Registry minecraft:block: Fixed minecraft:block id mismatch create:cut_asurine_slab: 1828 (init) -> 1829 (map).
[26Dec2025 18:17:01.009] [Render thread/DEBUG] [net.minecraftforge.registries.ForgeRegistry/REGISTRIES]: Registry minecraft:block: Fixed minecraft:block id mismatch create:cut_asurine_stairs: 1827 (init) -> 1828 (map).
[26Dec2025 18:17:01.009] [Render thread/DEBUG] [net.minecraftforge.registries.ForgeRegistry/REGISTRIES]: Registry minecraft:block: Fixed minecraft:block id mismatch create:cut_asurine_wall: 1829 (init) -> 1830 (map).
[26Dec2025 18:17:01.009] [Render thread/DEBUG] [net.minecraftforge.registries.ForgeRegistry/REGISTRIES]: Registry minecraft:block: Fixed minecraft:block id mismatch create:cut_calcite: 1753 (init) -> 1754 (map).
[26Dec2025 18:17:01.009] [Render thread/DEBUG] [net.minecraftforge.registries.ForgeRegistry/REGISTRIES]: Registry minecraft:block: Fixed minecraft:block id mismatch create:cut_calcite_brick_slab: 1763 (init) -> 1764 (map).
[26Dec2025 18:17:01.009] [Render thread/DEBUG] [net.minecraftforge.registries.ForgeRegistry/REGISTRIES]: Registry minecraft:block: Fixed minecraft:block id mismatch create:cut_calcite_brick_stairs: 1762 (init) -> 1763 (map).
[26Dec2025 18:17:01.009] [Render thread/DEBUG] [net.minecraftforge.registries.ForgeRegistry/REGISTRIES]: Registry minecraft:block: Fixed minecraft:block id mismatch create:cut_calcite_brick_wall: 1764 (init) -> 1765 (map).
[26Dec2025 18:17:01.009] [Render thread/DEBUG] [net.minecraftforge.registries.ForgeRegistry/REGISTRIES]: Registry minecraft:block: Fixed minecraft:block id mismatch create:cut_calcite_bricks: 1761 (init) -> 1762 (map).
[26Dec2025 18:17:01.009] [Render thread/DEBUG] [net.minecraftforge.registries.ForgeRegistry/REGISTRIES]: Registry minecraft:block: Fixed minecraft:block id mismatch create:cut_calcite_slab: 1755 (init) -> 1756 (map).
[26Dec2025 18:17:01.009] [Render thread/DEBUG] [net.minecraftforge.registries.ForgeRegistry/REGISTRIES]: Registry minecraft:block: Fixed minecraft:block id mismatch create:cut_calcite_stairs: 1754 (init) -> 1755 (map).
[26Dec2025 18:17:01.009] [Render thread/DEBUG] [net.minecraftforge.registries.ForgeRegistry/REGISTRIES]: Registry minecraft:block: Fixed minecraft:block id mismatch create:cut_calcite_wall: 1756 (init) -> 1757 (map).
[26Dec2025 18:17:01.009] [Render thread/DEBUG] [net.minecraftforge.registries.ForgeRegistry/REGISTRIES]: Registry minecraft:block: Fixed minecraft:block id mismatch create:cut_crimsite: 1845 (init) -> 1846 (map).
[26Dec2025 18:17:01.009] [Render thread/DEBUG] [net.minecraftforge.registries.ForgeRegistry/REGISTRIES]: Registry minecraft:block: Fixed minecraft:block id mismatch create:cut_crimsite_brick_slab: 1855 (init) -> 1856 (map).
[26Dec2025 18:17:01.009] [Render thread/DEBUG] [net.minecraftforge.registries.ForgeRegistry/REGISTRIES]: Registry minecraft:block: Fixed minecraft:block id mismatch create:cut_crimsite_brick_stairs: 1854 (init) -> 1855 (map).
[26Dec2025 18:17:01.009] [Render thread/DEBUG] [net.minecraftforge.registries.ForgeRegistry/REGISTRIES]: Registry minecraft:block: Fixed minecraft:block id mismatch create:cut_crimsite_brick_wall: 1856 (init) -> 1857 (map).
[26Dec2025 18:17:01.009] [Render thread/DEBUG] [net.minecraftforge.registries.ForgeRegistry/REGISTRIES]: Registry minecraft:block: Fixed minecraft:block id mismatch create:cut_crimsite_bricks: 1853 (init) -> 1854 (map).
[26Dec2025 18:17:01.009] [Render thread/DEBUG] [net.minecraftforge.registries.ForgeRegistry/REGISTRIES]: Registry minecraft:block: Fixed minecraft:block id mismatch create:cut_crimsite_slab: 1847 (init) -> 1848 (map).
[26Dec2025 18:17:01.009] [Render thread/DEBUG] [net.minecraftforge.registries.ForgeRegistry/REGISTRIES]: Registry minecraft:block: Fixed minecraft:block id mismatch create:cut_crimsite_stairs: 1846 (init) -> 1847 (map).
[26Dec2025 18:17:01.009] [Render thread/DEBUG] [net.minecraftforge.registries.ForgeRegistry/REGISTRIES]: Registry minecraft:block: Fixed minecraft:block id mismatch create:cut_crimsite_wall: 1848 (init) -> 1849 (map).
[26Dec2025 18:17:01.009] [Render thread/DEBUG] [net.minecraftforge.registries.ForgeRegistry/REGISTRIES]: Registry minecraft:block: Fixed minecraft:block id mismatch create:cut_deepslate: 1789 (init) -> 1790 (map).
[26Dec2025 18:17:01.009] [Render thread/DEBUG] [net.minecraftforge.registries.ForgeRegistry/REGISTRIES]: Registry minecraft:block: Fixed minecraft:block id mismatch create:cut_deepslate_brick_slab: 1799 (init) -> 1800 (map).
[26Dec2025 18:17:01.009] [Render thread/DEBUG] [net.minecraftforge.registries.ForgeRegistry/REGISTRIES]: Registry minecraft:block: Fixed minecraft:block id mismatch create:cut_deepslate_brick_stairs: 1798 (init) -> 1799 (map).
[26Dec2025 18:17:01.009] [Render thread/DEBUG] [net.minecraftforge.registries.ForgeRegistry/REGISTRIES]: Registry minecraft:block: Fixed minecraft:block id mismatch create:cut_deepslate_brick_wall: 1800 (init) -> 1801 (map).
[26Dec2025 18:17:01.009] [Render thread/DEBUG] [net.minecraftforge.registries.ForgeRegistry/REGISTRIES]: Registry minecraft:block: Fixed minecraft:block id mismatch create:cut_deepslate_bricks: 1797 (init) -> 1798 (map).
[26Dec2025 18:17:01.009] [Render thread/DEBUG] [net.minecraftforge.registries.ForgeRegistry/REGISTRIES]: Registry minecraft:block: Fixed minecraft:block id mismatch create:cut_deepslate_slab: 1791 (init) -> 1792 (map).
[26Dec2025 18:17:01.009] [Render thread/DEBUG] [net.minecraftforge.registries.ForgeRegistry/REGISTRIES]: Registry minecraft:block: Fixed minecraft:block id mismatch create:cut_deepslate_stairs: 1790 (init) -> 1791 (map).
[26Dec2025 18:17:01.011] [Render thread/DEBUG] [net.minecraftforge.registries.ForgeRegistry/REGISTRIES]: Registry minecraft:block: Fixed minecraft:block id mismatch create:cut_deepslate_wall: 1792 (init) -> 1793 (map).
[26Dec2025 18:17:01.011] [Render thread/DEBUG] [net.minecraftforge.registries.ForgeRegistry/REGISTRIES]: Registry minecraft:block: Fixed minecraft:block id mismatch create:cut_diorite: 1717 (init) -> 1718 (map).
[26Dec2025 18:17:01.011] [Render thread/DEBUG] [net.minecraftforge.registries.ForgeRegistry/REGISTRIES]: Registry minecraft:block: Fixed minecraft:block id mismatch create:cut_diorite_brick_slab: 1727 (init) -> 1728 (map).
[26Dec2025 18:17:01.011] [Render thread/DEBUG] [net.minecraftforge.registries.ForgeRegistry/REGISTRIES]: Registry minecraft:block: Fixed minecraft:block id mismatch create:cut_diorite_brick_stairs: 1726 (init) -> 1727 (map).
[26Dec2025 18:17:01.011] [Render thread/DEBUG] [net.minecraftforge.registries.ForgeRegistry/REGISTRIES]: Registry minecraft:block: Fixed minecraft:block id mismatch create:cut_diorite_brick_wall: 1728 (init) -> 1729 (map).
[26Dec2025 18:17:01.011] [Render thread/DEBUG] [net.minecraftforge.registries.ForgeRegistry/REGISTRIES]: Registry minecraft:block: Fixed minecraft:block id mismatch create:cut_diorite_bricks: 1725 (init) -> 1726 (map).
[26Dec2025 18:17:01.011] [Render thread/DEBUG] [net.minecraftforge.registries.ForgeRegistry/REGISTRIES]: Registry minecraft:block: Fixed minecraft:block id mismatch create:cut_diorite_slab: 1719 (init) -> 1720 (map).
[26Dec2025 18:17:01.011] [Render thread/DEBUG] [net.minecraftforge.registries.ForgeRegistry/REGISTRIES]: Registry minecraft:block: Fixed minecraft:block id mismatch create:cut_diorite_stairs: 1718 (init) -> 1719 (map).
[26Dec2025 18:17:01.011] [Render thread/DEBUG] [net.minecraftforge.registries.ForgeRegistry/REGISTRIES]: Registry minecraft:block: Fixed minecraft:block id mismatch create:cut_diorite_wall: 1720 (init) -> 1721 (map).
[26Dec2025 18:17:01.011] [Render thread/DEBUG] [net.minecraftforge.registries.ForgeRegistry/REGISTRIES]: Registry minecraft:block: Fixed minecraft:block id mismatch create:cut_dripstone: 1771 (init) -> 1772 (map).
[26Dec2025 18:17:01.011] [Render thread/DEBUG] [net.minecraftforge.registries.ForgeRegistry/REGISTRIES]: Registry minecraft:block: Fixed minecraft:block id mismatch create:cut_dripstone_brick_slab: 1781 (init) -> 1782 (map).
[26Dec2025 18:17:01.011] [Render thread/DEBUG] [net.minecraftforge.registries.ForgeRegistry/REGISTRIES]: Registry minecraft:block: Fixed minecraft:block id mismatch create:cut_dripstone_brick_stairs: 1780 (init) -> 1781 (map).
[26Dec2025 18:17:01.011] [Render thread/DEBUG] [net.minecraftforge.registries.ForgeRegistry/REGISTRIES]: Registry minecraft:block: Fixed minecraft:block id mismatch create:cut_dripstone_brick_wall: 1782 (init) -> 1783 (map).
[26Dec2025 18:17:01.011] [Render thread/DEBUG] [net.minecraftforge.registries.ForgeRegistry/REGISTRIES]: Registry minecraft:block: Fixed minecraft:block id mismatch create:cut_dripstone_bricks: 1779 (init) -> 1780 (map).
[26Dec2025 18:17:01.011] [Render thread/DEBUG] [net.minecraftforge.registries.ForgeRegistry/REGISTRIES]: Registry minecraft:block: Fixed minecraft:block id mismatch create:cut_dripstone_slab: 1773 (init) -> 1774 (map).
[26Dec2025 18:17:01.011] [Render thread/DEBUG] [net.minecraftforge.registries.ForgeRegistry/REGISTRIES]: Registry minecraft:block: Fixed minecraft:block id mismatch create:cut_dripstone_stairs: 1772 (init) -> 1773 (map).
[26Dec2025 18:17:01.011] [Render thread/DEBUG] [net.minecraftforge.registries.ForgeRegistry/REGISTRIES]: Registry minecraft:block: Fixed minecraft:block id mismatch create:cut_dripstone_wall: 1774 (init) -> 1775 (map).
[26Dec2025 18:17:01.011] [Render thread/DEBUG] [net.minecraftforge.registries.ForgeRegistry/REGISTRIES]: Registry minecraft:block: Fixed minecraft:block id mismatch create:cut_granite: 1699 (init) -> 1700 (map).
[26Dec2025 18:17:01.011] [Render thread/DEBUG] [net.minecraftforge.registries.ForgeRegistry/REGISTRIES]: Registry minecraft:block: Fixed minecraft:block id mismatch create:cut_granite_brick_slab: 1709 (init) -> 1710 (map).
[26Dec2025 18:17:01.011] [Render thread/DEBUG] [net.minecraftforge.registries.ForgeRegistry/REGISTRIES]: Registry minecraft:block: Fixed minecraft:block id mismatch create:cut_granite_brick_stairs: 1708 (init) -> 1709 (map).
[26Dec2025 18:17:01.011] [Render thread/DEBUG] [net.minecraftforge.registries.ForgeRegistry/REGISTRIES]: Registry minecraft:block: Fixed minecraft:block id mismatch create:cut_granite_brick_wall: 1710 (init) -> 1711 (map).
[26Dec2025 18:17:01.011] [Render thread/DEBUG] [net.minecraftforge.registries.ForgeRegistry/REGISTRIES]: Registry minecraft:block: Fixed minecraft:block id mismatch create:cut_granite_bricks: 1707 (init) -> 1708 (map).
[26Dec2025 18:17:01.011] [Render thread/DEBUG] [net.minecraftforge.registries.ForgeRegistry/REGISTRIES]: Registry minecraft:block: Fixed minecraft:block id mismatch create:cut_granite_slab: 1701 (init) -> 1702 (map).
[26Dec2025 18:17:01.011] [Render thread/DEBUG] [net.minecraftforge.registries.ForgeRegistry/REGISTRIES]: Registry minecraft:block: Fixed minecraft:block id mismatch create:cut_granite_stairs: 1700 (init) -> 1701 (map).
[26Dec2025 18:17:01.011] [Render thread/DEBUG] [net.minecraftforge.registries.ForgeRegistry/REGISTRIES]: Registry minecraft:block: Fixed minecraft:block id mismatch create:cut_granite_wall: 1702 (init) -> 1703 (map).
[26Dec2025 18:17:01.011] [Render thread/DEBUG] [net.minecraftforge.registries.ForgeRegistry/REGISTRIES]: Registry minecraft:block: Fixed minecraft:block id mismatch create:cut_limestone: 1864 (init) -> 1865 (map).
[26Dec2025 18:17:01.011] [Render thread/DEBUG] [net.minecraftforge.registries.ForgeRegistry/REGISTRIES]: Registry minecraft:block: Fixed minecraft:block id mismatch create:cut_limestone_brick_slab: 1874 (init) -> 1875 (map).
[26Dec2025 18:17:01.011] [Render thread/DEBUG] [net.minecraftforge.registries.ForgeRegistry/REGISTRIES]: Registry minecraft:block: Fixed minecraft:block id mismatch create:cut_limestone_brick_stairs: 1873 (init) -> 1874 (map).
[26Dec2025 18:17:01.011] [Render thread/DEBUG] [net.minecraftforge.registries.ForgeRegistry/REGISTRIES]: Registry minecraft:block: Fixed minecraft:block id mismatch create:cut_limestone_brick_wall: 1875 (init) -> 1876 (map).
[26Dec2025 18:17:01.011] [Render thread/DEBUG] [net.minecraftforge.registries.ForgeRegistry/REGISTRIES]: Registry minecraft:block: Fixed minecraft:block id mismatch create:cut_limestone_bricks: 1872 (init) -> 1873 (map).
[26Dec2025 18:17:01.011] [Render thread/DEBUG] [net.minecraftforge.registries.ForgeRegistry/REGISTRIES]: Registry minecraft:block: Fixed minecraft:block id mismatch create:cut_limestone_slab: 1866 (init) -> 1867 (map).
[26Dec2025 18:17:01.011] [Render thread/DEBUG] [net.minecraftforge.registries.ForgeRegistry/REGISTRIES]: Registry minecraft:block: Fixed minecraft:block id mismatch create:cut_limestone_stairs: 1865 (init) -> 1866 (map).
[26Dec2025 18:17:01.011] [Render thread/DEBUG] [net.minecraftforge.registries.ForgeRegistry/REGISTRIES]: Registry minecraft:block: Fixed minecraft:block id mismatch create:cut_limestone_wall: 1867 (init) -> 1868 (map).
[26Dec2025 18:17:01.011] [Render thread/DEBUG] [net.minecraftforge.registries.ForgeRegistry/REGISTRIES]: Registry minecraft:block: Fixed minecraft:block id mismatch create:cut_ochrum: 1883 (init) -> 1884 (map).
[26Dec2025 18:17:01.011] [Render thread/DEBUG] [net.minecraftforge.registries.ForgeRegistry/REGISTRIES]: Registry minecraft:block: Fixed minecraft:block id mismatch create:cut_ochrum_brick_slab: 1893 (init) -> 1894 (map).
[26Dec2025 18:17:01.011] [Render thread/DEBUG] [net.minecraftforge.registries.ForgeRegistry/REGISTRIES]: Registry minecraft:block: Fixed minecraft:block id mismatch create:cut_ochrum_brick_stairs: 1892 (init) -> 1893 (map).
[26Dec2025 18:17:01.011] [Render thread/DEBUG] [net.minecraftforge.registries.ForgeRegistry/REGISTRIES]: Registry minecraft:block: Fixed minecraft:block id mismatch create:cut_ochrum_brick_wall: 1894 (init) -> 1895 (map).
[26Dec2025 18:17:01.011] [Render thread/DEBUG] [net.minecraftforge.registries.ForgeRegistry/REGISTRIES]: Registry minecraft:block: Fixed minecraft:block id mismatch create:cut_ochrum_bricks: 1891 (init) -> 1892 (map).
[26Dec2025 18:17:01.011] [Render thread/DEBUG] [net.minecraftforge.registries.ForgeRegistry/REGISTRIES]: Registry minecraft:block: Fixed minecraft:block id mismatch create:cut_ochrum_slab: 1885 (init) -> 1886 (map).
[26Dec2025 18:17:01.011] [Render thread/DEBUG] [net.minecraftforge.registries.ForgeRegistry/REGISTRIES]: Registry minecraft:block: Fixed minecraft:block id mismatch create:cut_ochrum_stairs: 1884 (init) -> 1885 (map).
[26Dec2025 18:17:01.012] [Render thread/DEBUG] [net.minecraftforge.registries.ForgeRegistry/REGISTRIES]: Registry minecraft:block: Fixed minecraft:block id mismatch create:cut_ochrum_wall: 1886 (init) -> 1887 (map).
[26Dec2025 18:17:01.012] [Render thread/DEBUG] [net.minecraftforge.registries.ForgeRegistry/REGISTRIES]: Registry minecraft:block: Fixed minecraft:block id mismatch create:cut_scorchia: 1921 (init) -> 1922 (map).
[26Dec2025 18:17:01.012] [Render thread/DEBUG] [net.minecraftforge.registries.ForgeRegistry/REGISTRIES]: Registry minecraft:block: Fixed minecraft:block id mismatch create:cut_scorchia_brick_slab: 1931 (init) -> 1932 (map).
[26Dec2025 18:17:01.012] [Render thread/DEBUG] [net.minecraftforge.registries.ForgeRegistry/REGISTRIES]: Registry minecraft:block: Fixed minecraft:block id mismatch create:cut_scorchia_brick_stairs: 1930 (init) -> 1931 (map).
[26Dec2025 18:17:01.012] [Render thread/DEBUG] [net.minecraftforge.registries.ForgeRegistry/REGISTRIES]: Registry minecraft:block: Fixed minecraft:block id mismatch create:cut_scorchia_brick_wall: 1932 (init) -> 1933 (map).
[26Dec2025 18:17:01.012] [Render thread/DEBUG] [net.minecraftforge.registries.ForgeRegistry/REGISTRIES]: Registry minecraft:block: Fixed minecraft:block id mismatch create:cut_scorchia_bricks: 1929 (init) -> 1930 (map).
[26Dec2025 18:17:01.012] [Render thread/DEBUG] [net.minecraftforge.registries.ForgeRegistry/REGISTRIES]: Registry minecraft:block: Fixed minecraft:block id mismatch create:cut_scorchia_slab: 1923 (init) -> 1924 (map).
[26Dec2025 18:17:01.012] [Render thread/DEBUG] [net.minecraftforge.registries.ForgeRegistry/REGISTRIES]: Registry minecraft:block: Fixed minecraft:block id mismatch create:cut_scorchia_stairs: 1922 (init) -> 1923 (map).
[26Dec2025 18:17:01.012] [Render thread/DEBUG] [net.minecraftforge.registries.ForgeRegistry/REGISTRIES]: Registry minecraft:block: Fixed minecraft:block id mismatch create:cut_scorchia_wall: 1924 (init) -> 1925 (map).
[26Dec2025 18:17:01.012] [Render thread/DEBUG] [net.minecraftforge.registries.ForgeRegistry/REGISTRIES]: Registry minecraft:block: Fixed minecraft:block id mismatch create:cut_scoria: 1902 (init) -> 1903 (map).
[26Dec2025 18:17:01.012] [Render thread/DEBUG] [net.minecraftforge.registries.ForgeRegistry/REGISTRIES]: Registry minecraft:block: Fixed minecraft:block id mismatch create:cut_scoria_brick_slab: 1912 (init) -> 1913 (map).
[26Dec2025 18:17:01.012] [Render thread/DEBUG] [net.minecraftforge.registries.ForgeRegistry/REGISTRIES]: Registry minecraft:block: Fixed minecraft:block id mismatch create:cut_scoria_brick_stairs: 1911 (init) -> 1912 (map).
[26Dec2025 18:17:01.012] [Render thread/DEBUG] [net.minecraftforge.registries.ForgeRegistry/REGISTRIES]: Registry minecraft:block: Fixed minecraft:block id mismatch create:cut_scoria_brick_wall: 1913 (init) -> 1914 (map).
[26Dec2025 18:17:01.012] [Render thread/DEBUG] [net.minecraftforge.registries.ForgeRegistry/REGISTRIES]: Registry minecraft:block: Fixed minecraft:block id mismatch create:cut_scoria_bricks: 1910 (init) -> 1911 (map).
[26Dec2025 18:17:01.012] [Render thread/DEBUG] [net.minecraftforge.registries.ForgeRegistry/REGISTRIES]: Registry minecraft:block: Fixed minecraft:block id mismatch create:cut_scoria_slab: 1904 (init) -> 1905 (map).
[26Dec2025 18:17:01.012] [Render thread/DEBUG] [net.minecraftforge.registries.ForgeRegistry/REGISTRIES]: Registry minecraft:block: Fixed minecraft:block id mismatch create:cut_scoria_stairs: 1903 (init) -> 1904 (map).
[26Dec2025 18:17:01.012] [Render thread/DEBUG] [net.minecraftforge.registries.ForgeRegistry/REGISTRIES]: Registry minecraft:block: Fixed minecraft:block id mismatch create:cut_scoria_wall: 1905 (init) -> 1906 (map).
[26Dec2025 18:17:01.012] [Render thread/DEBUG] [net.minecraftforge.registries.ForgeRegistry/REGISTRIES]: Registry minecraft:block: Fixed minecraft:block id mismatch create:cut_tuff: 1807 (init) -> 1808 (map).
[26Dec2025 18:17:01.012] [Render thread/DEBUG] [net.minecraftforge.registries.ForgeRegistry/REGISTRIES]: Registry minecraft:block: Fixed minecraft:block id mismatch create:cut_tuff_brick_slab: 1817 (init) -> 1818 (map).
[26Dec2025 18:17:01.012] [Render thread/DEBUG] [net.minecraftforge.registries.ForgeRegistry/REGISTRIES]: Registry minecraft:block: Fixed minecraft:block id mismatch create:cut_tuff_brick_stairs: 1816 (init) -> 1817 (map).
[26Dec2025 18:17:01.012] [Render thread/DEBUG] [net.minecraftforge.registries.ForgeRegistry/REGISTRIES]: Registry minecraft:block: Fixed minecraft:block id mismatch create:cut_tuff_brick_wall: 1818 (init) -> 1819 (map).
[26Dec2025 18:17:01.012] [Render thread/DEBUG] [net.minecraftforge.registries.ForgeRegistry/REGISTRIES]: Registry minecraft:block: Fixed minecraft:block id mismatch create:cut_tuff_bricks: 1815 (init) -> 1816 (map).
[26Dec2025 18:17:01.012] [Render thread/DEBUG] [net.minecraftforge.registries.ForgeRegistry/REGISTRIES]: Registry minecraft:block: Fixed minecraft:block id mismatch create:cut_tuff_slab: 1809 (init) -> 1810 (map).
[26Dec2025 18:17:01.012] [Render thread/DEBUG] [net.minecraftforge.registries.ForgeRegistry/REGISTRIES]: Registry minecraft:block: Fixed minecraft:block id mismatch create:cut_tuff_stairs: 1808 (init) -> 1809 (map).
[26Dec2025 18:17:01.012] [Render thread/DEBUG] [net.minecraftforge.registries.ForgeRegistry/REGISTRIES]: Registry minecraft:block: Fixed minecraft:block id mismatch create:cut_tuff_wall: 1810 (init) -> 1811 (map).
[26Dec2025 18:17:01.012] [Render thread/DEBUG] [net.minecraftforge.registries.ForgeRegistry/REGISTRIES]: Registry minecraft:block: Fixed minecraft:block id mismatch create:cut_veridium: 1940 (init) -> 1941 (map).
[26Dec2025 18:17:01.012] [Render thread/DEBUG] [net.minecraftforge.registries.ForgeRegistry/REGISTRIES]: Registry minecraft:block: Fixed minecraft:block id mismatch create:cut_veridium_brick_slab: 1950 (init) -> 1951 (map).
[26Dec2025 18:17:01.012] [Render thread/DEBUG] [net.minecraftforge.registries.ForgeRegistry/REGISTRIES]: Registry minecraft:block: Fixed minecraft:block id mismatch create:cut_veridium_brick_stairs: 1949 (init) -> 1950 (map).
[26Dec2025 18:17:01.012] [Render thread/DEBUG] [net.minecraftforge.registries.ForgeRegistry/REGISTRIES]: Registry minecraft:block: Fixed minecraft:block id mismatch create:cut_veridium_brick_wall: 1951 (init) -> 1952 (map).
[26Dec2025 18:17:01.012] [Render thread/DEBUG] [net.minecraftforge.registries.ForgeRegistry/REGISTRIES]: Registry minecraft:block: Fixed minecraft:block id mismatch create:cut_veridium_bricks: 1948 (init) -> 1949 (map).
[26Dec2025 18:17:01.012] [Render thread/DEBUG] [net.minecraftforge.registries.ForgeRegistry/REGISTRIES]: Registry minecraft:block: Fixed minecraft:block id mismatch create:cut_veridium_slab: 1942 (init) -> 1943 (map).
[26Dec2025 18:17:01.012] [Render thread/DEBUG] [net.minecraftforge.registries.ForgeRegistry/REGISTRIES]: Registry minecraft:block: Fixed minecraft:block id mismatch create:cut_veridium_stairs: 1941 (init) -> 1942 (map).
[26Dec2025 18:17:01.012] [Render thread/DEBUG] [net.minecraftforge.registries.ForgeRegistry/REGISTRIES]: Registry minecraft:block: Fixed minecraft:block id mismatch create:cut_veridium_wall: 1943 (init) -> 1944 (map).
[26Dec2025 18:17:01.012] [Render thread/DEBUG] [net.minecraftforge.registries.ForgeRegistry/REGISTRIES]: Registry minecraft:block: Fixed minecraft:block id mismatch create:cyan_nixie_tube: 1522 (init) -> 1523 (map).
[26Dec2025 18:17:01.012] [Render thread/DEBUG] [net.minecraftforge.registries.ForgeRegistry/REGISTRIES]: Registry minecraft:block: Fixed minecraft:block id mismatch create:cyan_postbox: 1481 (init) -> 1482 (map).
[26Dec2025 18:17:01.012] [Render thread/DEBUG] [net.minecraftforge.registries.ForgeRegistry/REGISTRIES]: Registry minecraft:block: Fixed minecraft:block id mismatch create:cyan_sail: 1432 (init) -> 1433 (map).
[26Dec2025 18:17:01.012] [Render thread/DEBUG] [net.minecraftforge.registries.ForgeRegistry/REGISTRIES]: Registry minecraft:block: Fixed minecraft:block id mismatch create:cyan_seat: 1585 (init) -> 1586 (map).
[26Dec2025 18:17:01.012] [Render thread/DEBUG] [net.minecraftforge.registries.ForgeRegistry/REGISTRIES]: Registry minecraft:block: Fixed minecraft:block id mismatch create:cyan_table_cloth: 1501 (init) -> 1502 (map).
[26Dec2025 18:17:01.013] [Render thread/DEBUG] [net.minecraftforge.registries.ForgeRegistry/REGISTRIES]: Registry minecraft:block: Fixed minecraft:block id mismatch create:cyan_toolbox: 1553 (init) -> 1554 (map).
[26Dec2025 18:17:01.013] [Render thread/DEBUG] [net.minecraftforge.registries.ForgeRegistry/REGISTRIES]: Registry minecraft:block: Fixed minecraft:block id mismatch create:cyan_valve_handle: 1375 (init) -> 1376 (map).
[26Dec2025 18:17:01.013] [Render thread/DEBUG] [net.minecraftforge.registries.ForgeRegistry/REGISTRIES]: Registry minecraft:block: Fixed minecraft:block id mismatch create:dark_oak_window: 1676 (init) -> 1677 (map).
[26Dec2025 18:17:01.013] [Render thread/DEBUG] [net.minecraftforge.registries.ForgeRegistry/REGISTRIES]: Registry minecraft:block: Fixed minecraft:block id mismatch create:dark_oak_window_pane: 1690 (init) -> 1691 (map).
[26Dec2025 18:17:01.013] [Render thread/DEBUG] [net.minecraftforge.registries.ForgeRegistry/REGISTRIES]: Registry minecraft:block: Fixed minecraft:block id mismatch create:deepslate_pillar: 1806 (init) -> 1807 (map).
[26Dec2025 18:17:01.013] [Render thread/DEBUG] [net.minecraftforge.registries.ForgeRegistry/REGISTRIES]: Registry minecraft:block: Fixed minecraft:block id mismatch create:deepslate_zinc_ore: 1600 (init) -> 1601 (map).
[26Dec2025 18:17:01.013] [Render thread/DEBUG] [net.minecraftforge.registries.ForgeRegistry/REGISTRIES]: Registry minecraft:block: Fixed minecraft:block id mismatch create:deployer: 1415 (init) -> 1416 (map).
[26Dec2025 18:17:01.013] [Render thread/DEBUG] [net.minecraftforge.registries.ForgeRegistry/REGISTRIES]: Registry minecraft:block: Fixed minecraft:block id mismatch create:depot: 1351 (init) -> 1352 (map).
[26Dec2025 18:17:01.013] [Render thread/DEBUG] [net.minecraftforge.registries.ForgeRegistry/REGISTRIES]: Registry minecraft:block: Fixed minecraft:block id mismatch create:desk_bell: 1543 (init) -> 1544 (map).
[26Dec2025 18:17:01.013] [Render thread/DEBUG] [net.minecraftforge.registries.ForgeRegistry/REGISTRIES]: Registry minecraft:block: Fixed minecraft:block id mismatch create:diorite_pillar: 1734 (init) -> 1735 (map).
[26Dec2025 18:17:01.013] [Render thread/DEBUG] [net.minecraftforge.registries.ForgeRegistry/REGISTRIES]: Registry minecraft:block: Fixed minecraft:block id mismatch create:display_board: 1512 (init) -> 1513 (map).
[26Dec2025 18:17:01.013] [Render thread/DEBUG] [net.minecraftforge.registries.ForgeRegistry/REGISTRIES]: Registry minecraft:block: Fixed minecraft:block id mismatch create:display_link: 1511 (init) -> 1512 (map).
[26Dec2025 18:17:01.013] [Render thread/DEBUG] [net.minecraftforge.registries.ForgeRegistry/REGISTRIES]: Registry minecraft:block: Fixed minecraft:block id mismatch create:dripstone_pillar: 1788 (init) -> 1789 (map).
[26Dec2025 18:17:01.013] [Render thread/DEBUG] [net.minecraftforge.registries.ForgeRegistry/REGISTRIES]: Registry minecraft:block: Fixed minecraft:block id mismatch create:elevator_contact: 1418 (init) -> 1419 (map).
[26Dec2025 18:17:01.013] [Render thread/DEBUG] [net.minecraftforge.registries.ForgeRegistry/REGISTRIES]: Registry minecraft:block: Fixed minecraft:block id mismatch create:elevator_pulley: 1404 (init) -> 1405 (map).
[26Dec2025 18:17:01.013] [Render thread/DEBUG] [net.minecraftforge.registries.ForgeRegistry/REGISTRIES]: Registry minecraft:block: Fixed minecraft:block id mismatch create:encased_chain_drive: 1329 (init) -> 1330 (map).
[26Dec2025 18:17:01.013] [Render thread/DEBUG] [net.minecraftforge.registries.ForgeRegistry/REGISTRIES]: Registry minecraft:block: Fixed minecraft:block id mismatch create:encased_fan: 1337 (init) -> 1338 (map).
[26Dec2025 18:17:01.013] [Render thread/DEBUG] [net.minecraftforge.registries.ForgeRegistry/REGISTRIES]: Registry minecraft:block: Fixed minecraft:block id mismatch create:encased_fluid_pipe: 1360 (init) -> 1361 (map).
[26Dec2025 18:17:01.013] [Render thread/DEBUG] [net.minecraftforge.registries.ForgeRegistry/REGISTRIES]: Registry minecraft:block: Fixed minecraft:block id mismatch create:experience_block: 1609 (init) -> 1610 (map).
[26Dec2025 18:17:01.013] [Render thread/DEBUG] [net.minecraftforge.registries.ForgeRegistry/REGISTRIES]: Registry minecraft:block: Fixed minecraft:block id mismatch create:exposed_copper_shingle_slab: 1618 (init) -> 1619 (map).
[26Dec2025 18:17:01.013] [Render thread/DEBUG] [net.minecraftforge.registries.ForgeRegistry/REGISTRIES]: Registry minecraft:block: Fixed minecraft:block id mismatch create:exposed_copper_shingle_stairs: 1622 (init) -> 1623 (map).
[26Dec2025 18:17:01.013] [Render thread/DEBUG] [net.minecraftforge.registries.ForgeRegistry/REGISTRIES]: Registry minecraft:block: Fixed minecraft:block id mismatch create:exposed_copper_shingles: 1614 (init) -> 1615 (map).
[26Dec2025 18:17:01.013] [Render thread/DEBUG] [net.minecraftforge.registries.ForgeRegistry/REGISTRIES]: Registry minecraft:block: Fixed minecraft:block id mismatch create:exposed_copper_tile_slab: 1642 (init) -> 1643 (map).
[26Dec2025 18:17:01.013] [Render thread/DEBUG] [net.minecraftforge.registries.ForgeRegistry/REGISTRIES]: Registry minecraft:block: Fixed minecraft:block id mismatch create:exposed_copper_tile_stairs: 1646 (init) -> 1647 (map).
[26Dec2025 18:17:01.013] [Render thread/DEBUG] [net.minecraftforge.registries.ForgeRegistry/REGISTRIES]: Registry minecraft:block: Fixed minecraft:block id mismatch create:exposed_copper_tiles: 1638 (init) -> 1639 (map).
[26Dec2025 18:17:01.013] [Render thread/DEBUG] [net.minecraftforge.registries.ForgeRegistry/REGISTRIES]: Registry minecraft:block: Fixed minecraft:block id mismatch create:factory_gauge: 1491 (init) -> 1492 (map).
[26Dec2025 18:17:01.013] [Render thread/DEBUG] [net.minecraftforge.registries.ForgeRegistry/REGISTRIES]: Registry minecraft:block: Fixed minecraft:block id mismatch create:fake_track: 1450 (init) -> 1451 (map).
[26Dec2025 18:17:01.013] [Render thread/DEBUG] [net.minecraftforge.registries.ForgeRegistry/REGISTRIES]: Registry minecraft:block: Fixed minecraft:block id mismatch create:fluid_pipe: 1359 (init) -> 1360 (map).
[26Dec2025 18:17:01.013] [Render thread/DEBUG] [net.minecraftforge.registries.ForgeRegistry/REGISTRIES]: Registry minecraft:block: Fixed minecraft:block id mismatch create:fluid_tank: 1382 (init) -> 1383 (map).
[26Dec2025 18:17:01.013] [Render thread/DEBUG] [net.minecraftforge.registries.ForgeRegistry/REGISTRIES]: Registry minecraft:block: Fixed minecraft:block id mismatch create:fluid_valve: 1364 (init) -> 1365 (map).
[26Dec2025 18:17:01.013] [Render thread/DEBUG] [net.minecraftforge.registries.ForgeRegistry/REGISTRIES]: Registry minecraft:block: Fixed minecraft:block id mismatch create:flywheel: 1446 (init) -> 1447 (map).
[26Dec2025 18:17:01.013] [Render thread/DEBUG] [net.minecraftforge.registries.ForgeRegistry/REGISTRIES]: Registry minecraft:block: Fixed minecraft:block id mismatch create:framed_glass: 1664 (init) -> 1665 (map).
[26Dec2025 18:17:01.013] [Render thread/DEBUG] [net.minecraftforge.registries.ForgeRegistry/REGISTRIES]: Registry minecraft:block: Fixed minecraft:block id mismatch create:framed_glass_door: 1597 (init) -> 1598 (map).
[26Dec2025 18:17:01.013] [Render thread/DEBUG] [net.minecraftforge.registries.ForgeRegistry/REGISTRIES]: Registry minecraft:block: Fixed minecraft:block id mismatch create:framed_glass_pane: 1668 (init) -> 1669 (map).
[26Dec2025 18:17:01.013] [Render thread/DEBUG] [net.minecraftforge.registries.ForgeRegistry/REGISTRIES]: Registry minecraft:block: Fixed minecraft:block id mismatch create:framed_glass_trapdoor: 1598 (init) -> 1599 (map).
[26Dec2025 18:17:01.013] [Render thread/DEBUG] [net.minecraftforge.registries.ForgeRegistry/REGISTRIES]: Registry minecraft:block: Fixed minecraft:block id mismatch create:gantry_carriage: 1396 (init) -> 1397 (map).
[26Dec2025 18:17:01.013] [Render thread/DEBUG] [net.minecraftforge.registries.ForgeRegistry/REGISTRIES]: Registry minecraft:block: Fixed minecraft:block id mismatch create:gantry_shaft: 1397 (init) -> 1398 (map).
[26Dec2025 18:17:01.013] [Render thread/DEBUG] [net.minecraftforge.registries.ForgeRegistry/REGISTRIES]: Registry minecraft:block: Fixed minecraft:block id mismatch create:gearbox: 1326 (init) -> 1327 (map).
[26Dec2025 18:17:01.014] [Render thread/DEBUG] [net.minecraftforge.registries.ForgeRegistry/REGISTRIES]: Registry minecraft:block: Fixed minecraft:block id mismatch create:gearshift: 1328 (init) -> 1329 (map).
[26Dec2025 18:17:01.014] [Render thread/DEBUG] [net.minecraftforge.registries.ForgeRegistry/REGISTRIES]: Registry minecraft:block: Fixed minecraft:block id mismatch create:glass_fluid_pipe: 1361 (init) -> 1362 (map).
[26Dec2025 18:17:01.014] [Render thread/DEBUG] [net.minecraftforge.registries.ForgeRegistry/REGISTRIES]: Registry minecraft:block: Fixed minecraft:block id mismatch create:granite_pillar: 1716 (init) -> 1717 (map).
[26Dec2025 18:17:01.014] [Render thread/DEBUG] [net.minecraftforge.registries.ForgeRegistry/REGISTRIES]: Registry minecraft:block: Fixed minecraft:block id mismatch create:gray_nixie_tube: 1520 (init) -> 1521 (map).
[26Dec2025 18:17:01.014] [Render thread/DEBUG] [net.minecraftforge.registries.ForgeRegistry/REGISTRIES]: Registry minecraft:block: Fixed minecraft:block id mismatch create:gray_postbox: 1479 (init) -> 1480 (map).
[26Dec2025 18:17:01.014] [Render thread/DEBUG] [net.minecraftforge.registries.ForgeRegistry/REGISTRIES]: Registry minecraft:block: Fixed minecraft:block id mismatch create:gray_sail: 1430 (init) -> 1431 (map).
[26Dec2025 18:17:01.014] [Render thread/DEBUG] [net.minecraftforge.registries.ForgeRegistry/REGISTRIES]: Registry minecraft:block: Fixed minecraft:block id mismatch create:gray_seat: 1583 (init) -> 1584 (map).
[26Dec2025 18:17:01.014] [Render thread/DEBUG] [net.minecraftforge.registries.ForgeRegistry/REGISTRIES]: Registry minecraft:block: Fixed minecraft:block id mismatch create:gray_table_cloth: 1499 (init) -> 1500 (map).
[26Dec2025 18:17:01.014] [Render thread/DEBUG] [net.minecraftforge.registries.ForgeRegistry/REGISTRIES]: Registry minecraft:block: Fixed minecraft:block id mismatch create:gray_toolbox: 1551 (init) -> 1552 (map).
[26Dec2025 18:17:01.014] [Render thread/DEBUG] [net.minecraftforge.registries.ForgeRegistry/REGISTRIES]: Registry minecraft:block: Fixed minecraft:block id mismatch create:gray_valve_handle: 1373 (init) -> 1374 (map).
[26Dec2025 18:17:01.014] [Render thread/DEBUG] [net.minecraftforge.registries.ForgeRegistry/REGISTRIES]: Registry minecraft:block: Fixed minecraft:block id mismatch create:green_nixie_tube: 1526 (init) -> 1527 (map).
[26Dec2025 18:17:01.014] [Render thread/DEBUG] [net.minecraftforge.registries.ForgeRegistry/REGISTRIES]: Registry minecraft:block: Fixed minecraft:block id mismatch create:green_postbox: 1485 (init) -> 1486 (map).
[26Dec2025 18:17:01.014] [Render thread/DEBUG] [net.minecraftforge.registries.ForgeRegistry/REGISTRIES]: Registry minecraft:block: Fixed minecraft:block id mismatch create:green_sail: 1436 (init) -> 1437 (map).
[26Dec2025 18:17:01.014] [Render thread/DEBUG] [net.minecraftforge.registries.ForgeRegistry/REGISTRIES]: Registry minecraft:block: Fixed minecraft:block id mismatch create:green_seat: 1589 (init) -> 1590 (map).
[26Dec2025 18:17:01.014] [Render thread/DEBUG] [net.minecraftforge.registries.ForgeRegistry/REGISTRIES]: Registry minecraft:block: Fixed minecraft:block id mismatch create:green_table_cloth: 1505 (init) -> 1506 (map).
[26Dec2025 18:17:01.014] [Render thread/DEBUG] [net.minecraftforge.registries.ForgeRegistry/REGISTRIES]: Registry minecraft:block: Fixed minecraft:block id mismatch create:green_toolbox: 1557 (init) -> 1558 (map).
[26Dec2025 18:17:01.014] [Render thread/DEBUG] [net.minecraftforge.registries.ForgeRegistry/REGISTRIES]: Registry minecraft:block: Fixed minecraft:block id mismatch create:green_valve_handle: 1379 (init) -> 1380 (map).
[26Dec2025 18:17:01.014] [Render thread/DEBUG] [net.minecraftforge.registries.ForgeRegistry/REGISTRIES]: Registry minecraft:block: Fixed minecraft:block id mismatch create:hand_crank: 1340 (init) -> 1341 (map).
[26Dec2025 18:17:01.014] [Render thread/DEBUG] [net.minecraftforge.registries.ForgeRegistry/REGISTRIES]: Registry minecraft:block: Fixed minecraft:block id mismatch create:haunted_bell: 1542 (init) -> 1543 (map).
[26Dec2025 18:17:01.014] [Render thread/DEBUG] [net.minecraftforge.registries.ForgeRegistry/REGISTRIES]: Registry minecraft:block: Fixed minecraft:block id mismatch create:honey: 1661 (init) -> 1662 (map).
[26Dec2025 18:17:01.014] [Render thread/DEBUG] [net.minecraftforge.registries.ForgeRegistry/REGISTRIES]: Registry minecraft:block: Fixed minecraft:block id mismatch create:horizontal_framed_glass: 1665 (init) -> 1666 (map).
[26Dec2025 18:17:01.014] [Render thread/DEBUG] [net.minecraftforge.registries.ForgeRegistry/REGISTRIES]: Registry minecraft:block: Fixed minecraft:block id mismatch create:horizontal_framed_glass_pane: 1669 (init) -> 1670 (map).
[26Dec2025 18:17:01.014] [Render thread/DEBUG] [net.minecraftforge.registries.ForgeRegistry/REGISTRIES]: Registry minecraft:block: Fixed minecraft:block id mismatch create:hose_pulley: 1384 (init) -> 1385 (map).
[26Dec2025 18:17:01.014] [Render thread/DEBUG] [net.minecraftforge.registries.ForgeRegistry/REGISTRIES]: Registry minecraft:block: Fixed minecraft:block id mismatch create:industrial_iron_block: 1604 (init) -> 1605 (map).
[26Dec2025 18:17:01.014] [Render thread/DEBUG] [net.minecraftforge.registries.ForgeRegistry/REGISTRIES]: Registry minecraft:block: Fixed minecraft:block id mismatch create:industrial_iron_window: 1683 (init) -> 1684 (map).
[26Dec2025 18:17:01.014] [Render thread/DEBUG] [net.minecraftforge.registries.ForgeRegistry/REGISTRIES]: Registry minecraft:block: Fixed minecraft:block id mismatch create:industrial_iron_window_pane: 1697 (init) -> 1698 (map).
[26Dec2025 18:17:01.014] [Render thread/DEBUG] [net.minecraftforge.registries.ForgeRegistry/REGISTRIES]: Registry minecraft:block: Fixed minecraft:block id mismatch create:item_drain: 1385 (init) -> 1386 (map).
[26Dec2025 18:17:01.014] [Render thread/DEBUG] [net.minecraftforge.registries.ForgeRegistry/REGISTRIES]: Registry minecraft:block: Fixed minecraft:block id mismatch create:item_hatch: 1468 (init) -> 1469 (map).
[26Dec2025 18:17:01.014] [Render thread/DEBUG] [net.minecraftforge.registries.ForgeRegistry/REGISTRIES]: Registry minecraft:block: Fixed minecraft:block id mismatch create:item_vault: 1467 (init) -> 1468 (map).
[26Dec2025 18:17:01.014] [Render thread/DEBUG] [net.minecraftforge.registries.ForgeRegistry/REGISTRIES]: Registry minecraft:block: Fixed minecraft:block id mismatch create:jungle_window: 1674 (init) -> 1675 (map).
[26Dec2025 18:17:01.014] [Render thread/DEBUG] [net.minecraftforge.registries.ForgeRegistry/REGISTRIES]: Registry minecraft:block: Fixed minecraft:block id mismatch create:jungle_window_pane: 1688 (init) -> 1689 (map).
[26Dec2025 18:17:01.014] [Render thread/DEBUG] [net.minecraftforge.registries.ForgeRegistry/REGISTRIES]: Registry minecraft:block: Fixed minecraft:block id mismatch create:large_bogey: 1456 (init) -> 1457 (map).
[26Dec2025 18:17:01.014] [Render thread/DEBUG] [net.minecraftforge.registries.ForgeRegistry/REGISTRIES]: Registry minecraft:block: Fixed minecraft:block id mismatch create:large_cogwheel: 1319 (init) -> 1320 (map).
[26Dec2025 18:17:01.014] [Render thread/DEBUG] [net.minecraftforge.registries.ForgeRegistry/REGISTRIES]: Registry minecraft:block: Fixed minecraft:block id mismatch create:large_water_wheel: 1335 (init) -> 1336 (map).
[26Dec2025 18:17:01.014] [Render thread/DEBUG] [net.minecraftforge.registries.ForgeRegistry/REGISTRIES]: Registry minecraft:block: Fixed minecraft:block id mismatch create:layered_andesite: 1751 (init) -> 1752 (map).
[26Dec2025 18:17:01.014] [Render thread/DEBUG] [net.minecraftforge.registries.ForgeRegistry/REGISTRIES]: Registry minecraft:block: Fixed minecraft:block id mismatch create:layered_asurine: 1842 (init) -> 1843 (map).
[26Dec2025 18:17:01.014] [Render thread/DEBUG] [net.minecraftforge.registries.ForgeRegistry/REGISTRIES]: Registry minecraft:block: Fixed minecraft:block id mismatch create:layered_calcite: 1769 (init) -> 1770 (map).
[26Dec2025 18:17:01.014] [Render thread/DEBUG] [net.minecraftforge.registries.ForgeRegistry/REGISTRIES]: Registry minecraft:block: Fixed minecraft:block id mismatch create:layered_crimsite: 1861 (init) -> 1862 (map).
[26Dec2025 18:17:01.014] [Render thread/DEBUG] [net.minecraftforge.registries.ForgeRegistry/REGISTRIES]: Registry minecraft:block: Fixed minecraft:block id mismatch create:layered_deepslate: 1805 (init) -> 1806 (map).
[26Dec2025 18:17:01.014] [Render thread/DEBUG] [net.minecraftforge.registries.ForgeRegistry/REGISTRIES]: Registry minecraft:block: Fixed minecraft:block id mismatch create:layered_diorite: 1733 (init) -> 1734 (map).
[26Dec2025 18:17:01.014] [Render thread/DEBUG] [net.minecraftforge.registries.ForgeRegistry/REGISTRIES]: Registry minecraft:block: Fixed minecraft:block id mismatch create:layered_dripstone: 1787 (init) -> 1788 (map).
[26Dec2025 18:17:01.015] [Render thread/DEBUG] [net.minecraftforge.registries.ForgeRegistry/REGISTRIES]: Registry minecraft:block: Fixed minecraft:block id mismatch create:layered_granite: 1715 (init) -> 1716 (map).
[26Dec2025 18:17:01.015] [Render thread/DEBUG] [net.minecraftforge.registries.ForgeRegistry/REGISTRIES]: Registry minecraft:block: Fixed minecraft:block id mismatch create:layered_limestone: 1880 (init) -> 1881 (map).
[26Dec2025 18:17:01.015] [Render thread/DEBUG] [net.minecraftforge.registries.ForgeRegistry/REGISTRIES]: Registry minecraft:block: Fixed minecraft:block id mismatch create:layered_ochrum: 1899 (init) -> 1900 (map).
[26Dec2025 18:17:01.015] [Render thread/DEBUG] [net.minecraftforge.registries.ForgeRegistry/REGISTRIES]: Registry minecraft:block: Fixed minecraft:block id mismatch create:layered_scorchia: 1937 (init) -> 1938 (map).
[26Dec2025 18:17:01.015] [Render thread/DEBUG] [net.minecraftforge.registries.ForgeRegistry/REGISTRIES]: Registry minecraft:block: Fixed minecraft:block id mismatch create:layered_scoria: 1918 (init) -> 1919 (map).
[26Dec2025 18:17:01.015] [Render thread/DEBUG] [net.minecraftforge.registries.ForgeRegistry/REGISTRIES]: Registry minecraft:block: Fixed minecraft:block id mismatch create:layered_tuff: 1823 (init) -> 1824 (map).
[26Dec2025 18:17:01.015] [Render thread/DEBUG] [net.minecraftforge.registries.ForgeRegistry/REGISTRIES]: Registry minecraft:block: Fixed minecraft:block id mismatch create:layered_veridium: 1956 (init) -> 1957 (map).
[26Dec2025 18:17:01.015] [Render thread/DEBUG] [net.minecraftforge.registries.ForgeRegistry/REGISTRIES]: Registry minecraft:block: Fixed minecraft:block id mismatch create:lectern_controller: 1538 (init) -> 1539 (map).
[26Dec2025 18:17:01.015] [Render thread/DEBUG] [net.minecraftforge.registries.ForgeRegistry/REGISTRIES]: Registry minecraft:block: Fixed minecraft:block id mismatch create:light_blue_nixie_tube: 1516 (init) -> 1517 (map).
[26Dec2025 18:17:01.015] [Render thread/DEBUG] [net.minecraftforge.registries.ForgeRegistry/REGISTRIES]: Registry minecraft:block: Fixed minecraft:block id mismatch create:light_blue_postbox: 1475 (init) -> 1476 (map).
[26Dec2025 18:17:01.015] [Render thread/DEBUG] [net.minecraftforge.registries.ForgeRegistry/REGISTRIES]: Registry minecraft:block: Fixed minecraft:block id mismatch create:light_blue_sail: 1426 (init) -> 1427 (map).
[26Dec2025 18:17:01.015] [Render thread/DEBUG] [net.minecraftforge.registries.ForgeRegistry/REGISTRIES]: Registry minecraft:block: Fixed minecraft:block id mismatch create:light_blue_seat: 1579 (init) -> 1580 (map).
[26Dec2025 18:17:01.015] [Render thread/DEBUG] [net.minecraftforge.registries.ForgeRegistry/REGISTRIES]: Registry minecraft:block: Fixed minecraft:block id mismatch create:light_blue_table_cloth: 1495 (init) -> 1496 (map).
[26Dec2025 18:17:01.015] [Render thread/DEBUG] [net.minecraftforge.registries.ForgeRegistry/REGISTRIES]: Registry minecraft:block: Fixed minecraft:block id mismatch create:light_blue_toolbox: 1547 (init) -> 1548 (map).
[26Dec2025 18:17:01.015] [Render thread/DEBUG] [net.minecraftforge.registries.ForgeRegistry/REGISTRIES]: Registry minecraft:block: Fixed minecraft:block id mismatch create:light_blue_valve_handle: 1369 (init) -> 1370 (map).
[26Dec2025 18:17:01.015] [Render thread/DEBUG] [net.minecraftforge.registries.ForgeRegistry/REGISTRIES]: Registry minecraft:block: Fixed minecraft:block id mismatch create:light_gray_nixie_tube: 1521 (init) -> 1522 (map).
[26Dec2025 18:17:01.015] [Render thread/DEBUG] [net.minecraftforge.registries.ForgeRegistry/REGISTRIES]: Registry minecraft:block: Fixed minecraft:block id mismatch create:light_gray_postbox: 1480 (init) -> 1481 (map).
[26Dec2025 18:17:01.015] [Render thread/DEBUG] [net.minecraftforge.registries.ForgeRegistry/REGISTRIES]: Registry minecraft:block: Fixed minecraft:block id mismatch create:light_gray_sail: 1431 (init) -> 1432 (map).
[26Dec2025 18:17:01.015] [Render thread/DEBUG] [net.minecraftforge.registries.ForgeRegistry/REGISTRIES]: Registry minecraft:block: Fixed minecraft:block id mismatch create:light_gray_seat: 1584 (init) -> 1585 (map).
[26Dec2025 18:17:01.015] [Render thread/DEBUG] [net.minecraftforge.registries.ForgeRegistry/REGISTRIES]: Registry minecraft:block: Fixed minecraft:block id mismatch create:light_gray_table_cloth: 1500 (init) -> 1501 (map).
[26Dec2025 18:17:01.015] [Render thread/DEBUG] [net.minecraftforge.registries.ForgeRegistry/REGISTRIES]: Registry minecraft:block: Fixed minecraft:block id mismatch create:light_gray_toolbox: 1552 (init) -> 1553 (map).
[26Dec2025 18:17:01.015] [Render thread/DEBUG] [net.minecraftforge.registries.ForgeRegistry/REGISTRIES]: Registry minecraft:block: Fixed minecraft:block id mismatch create:light_gray_valve_handle: 1374 (init) -> 1375 (map).
[26Dec2025 18:17:01.015] [Render thread/DEBUG] [net.minecraftforge.registries.ForgeRegistry/REGISTRIES]: Registry minecraft:block: Fixed minecraft:block id mismatch create:lime_nixie_tube: 1518 (init) -> 1519 (map).
[26Dec2025 18:17:01.015] [Render thread/DEBUG] [net.minecraftforge.registries.ForgeRegistry/REGISTRIES]: Registry minecraft:block: Fixed minecraft:block id mismatch create:lime_postbox: 1477 (init) -> 1478 (map).
[26Dec2025 18:17:01.015] [Render thread/DEBUG] [net.minecraftforge.registries.ForgeRegistry/REGISTRIES]: Registry minecraft:block: Fixed minecraft:block id mismatch create:lime_sail: 1428 (init) -> 1429 (map).
[26Dec2025 18:17:01.015] [Render thread/DEBUG] [net.minecraftforge.registries.ForgeRegistry/REGISTRIES]: Registry minecraft:block: Fixed minecraft:block id mismatch create:lime_seat: 1581 (init) -> 1582 (map).
[26Dec2025 18:17:01.015] [Render thread/DEBUG] [net.minecraftforge.registries.ForgeRegistry/REGISTRIES]: Registry minecraft:block: Fixed minecraft:block id mismatch create:lime_table_cloth: 1497 (init) -> 1498 (map).
[26Dec2025 18:17:01.015] [Render thread/DEBUG] [net.minecraftforge.registries.ForgeRegistry/REGISTRIES]: Registry minecraft:block: Fixed minecraft:block id mismatch create:lime_toolbox: 1549 (init) -> 1550 (map).
[26Dec2025 18:17:01.015] [Render thread/DEBUG] [net.minecraftforge.registries.ForgeRegistry/REGISTRIES]: Registry minecraft:block: Fixed minecraft:block id mismatch create:lime_valve_handle: 1371 (init) -> 1372 (map).
[26Dec2025 18:17:01.015] [Render thread/DEBUG] [net.minecraftforge.registries.ForgeRegistry/REGISTRIES]: Registry minecraft:block: Fixed minecraft:block id mismatch create:limestone: 1863 (init) -> 1864 (map).
[26Dec2025 18:17:01.015] [Render thread/DEBUG] [net.minecraftforge.registries.ForgeRegistry/REGISTRIES]: Registry minecraft:block: Fixed minecraft:block id mismatch create:limestone_pillar: 1881 (init) -> 1882 (map).
[26Dec2025 18:17:01.015] [Render thread/DEBUG] [net.minecraftforge.registries.ForgeRegistry/REGISTRIES]: Registry minecraft:block: Fixed minecraft:block id mismatch create:linear_chassis: 1408 (init) -> 1409 (map).
[26Dec2025 18:17:01.015] [Render thread/DEBUG] [net.minecraftforge.registries.ForgeRegistry/REGISTRIES]: Registry minecraft:block: Fixed minecraft:block id mismatch create:lit_blaze_burner: 1350 (init) -> 1351 (map).
[26Dec2025 18:17:01.015] [Render thread/DEBUG] [net.minecraftforge.registries.ForgeRegistry/REGISTRIES]: Registry minecraft:block: Fixed minecraft:block id mismatch create:magenta_nixie_tube: 1515 (init) -> 1516 (map).
[26Dec2025 18:17:01.015] [Render thread/DEBUG] [net.minecraftforge.registries.ForgeRegistry/REGISTRIES]: Registry minecraft:block: Fixed minecraft:block id mismatch create:magenta_postbox: 1474 (init) -> 1475 (map).
[26Dec2025 18:17:01.015] [Render thread/DEBUG] [net.minecraftforge.registries.ForgeRegistry/REGISTRIES]: Registry minecraft:block: Fixed minecraft:block id mismatch create:magenta_sail: 1425 (init) -> 1426 (map).
[26Dec2025 18:17:01.015] [Render thread/DEBUG] [net.minecraftforge.registries.ForgeRegistry/REGISTRIES]: Registry minecraft:block: Fixed minecraft:block id mismatch create:magenta_seat: 1578 (init) -> 1579 (map).
[26Dec2025 18:17:01.015] [Render thread/DEBUG] [net.minecraftforge.registries.ForgeRegistry/REGISTRIES]: Registry minecraft:block: Fixed minecraft:block id mismatch create:magenta_table_cloth: 1494 (init) -> 1495 (map).
[26Dec2025 18:17:01.015] [Render thread/DEBUG] [net.minecraftforge.registries.ForgeRegistry/REGISTRIES]: Registry minecraft:block: Fixed minecraft:block id mismatch create:magenta_toolbox: 1546 (init) -> 1547 (map).
[26Dec2025 18:17:01.015] [Render thread/DEBUG] [net.minecraftforge.registries.ForgeRegistry/REGISTRIES]: Registry minecraft:block: Fixed minecraft:block id mismatch create:magenta_valve_handle: 1368 (init) -> 1369 (map).
[26Dec2025 18:17:01.015] [Render thread/DEBUG] [net.minecraftforge.registries.ForgeRegistry/REGISTRIES]: Registry minecraft:block: Fixed minecraft:block id mismatch create:mangrove_window: 1677 (init) -> 1678 (map).
[26Dec2025 18:17:01.015] [Render thread/DEBUG] [net.minecraftforge.registries.ForgeRegistry/REGISTRIES]: Registry minecraft:block: Fixed minecraft:block id mismatch create:mangrove_window_pane: 1691 (init) -> 1692 (map).
[26Dec2025 18:17:01.016] [Render thread/DEBUG] [net.minecraftforge.registries.ForgeRegistry/REGISTRIES]: Registry minecraft:block: Fixed minecraft:block id mismatch create:mechanical_arm: 1448 (init) -> 1449 (map).
[26Dec2025 18:17:01.016] [Render thread/DEBUG] [net.minecraftforge.registries.ForgeRegistry/REGISTRIES]: Registry minecraft:block: Fixed minecraft:block id mismatch create:mechanical_bearing: 1399 (init) -> 1400 (map).
[26Dec2025 18:17:01.016] [Render thread/DEBUG] [net.minecraftforge.registries.ForgeRegistry/REGISTRIES]: Registry minecraft:block: Fixed minecraft:block id mismatch create:mechanical_crafter: 1444 (init) -> 1445 (map).
[26Dec2025 18:17:01.016] [Render thread/DEBUG] [net.minecraftforge.registries.ForgeRegistry/REGISTRIES]: Registry minecraft:block: Fixed minecraft:block id mismatch create:mechanical_drill: 1413 (init) -> 1414 (map).
[26Dec2025 18:17:01.016] [Render thread/DEBUG] [net.minecraftforge.registries.ForgeRegistry/REGISTRIES]: Registry minecraft:block: Fixed minecraft:block id mismatch create:mechanical_harvester: 1419 (init) -> 1420 (map).
[26Dec2025 18:17:01.016] [Render thread/DEBUG] [net.minecraftforge.registries.ForgeRegistry/REGISTRIES]: Registry minecraft:block: Fixed minecraft:block id mismatch create:mechanical_mixer: 1347 (init) -> 1348 (map).
[26Dec2025 18:17:01.016] [Render thread/DEBUG] [net.minecraftforge.registries.ForgeRegistry/REGISTRIES]: Registry minecraft:block: Fixed minecraft:block id mismatch create:mechanical_piston: 1392 (init) -> 1393 (map).
[26Dec2025 18:17:01.016] [Render thread/DEBUG] [net.minecraftforge.registries.ForgeRegistry/REGISTRIES]: Registry minecraft:block: Fixed minecraft:block id mismatch create:mechanical_piston_head: 1395 (init) -> 1396 (map).
[26Dec2025 18:17:01.016] [Render thread/DEBUG] [net.minecraftforge.registries.ForgeRegistry/REGISTRIES]: Registry minecraft:block: Fixed minecraft:block id mismatch create:mechanical_plough: 1420 (init) -> 1421 (map).
[26Dec2025 18:17:01.016] [Render thread/DEBUG] [net.minecraftforge.registries.ForgeRegistry/REGISTRIES]: Registry minecraft:block: Fixed minecraft:block id mismatch create:mechanical_press: 1346 (init) -> 1347 (map).
[26Dec2025 18:17:01.016] [Render thread/DEBUG] [net.minecraftforge.registries.ForgeRegistry/REGISTRIES]: Registry minecraft:block: Fixed minecraft:block id mismatch create:mechanical_pump: 1362 (init) -> 1363 (map).
[26Dec2025 18:17:01.016] [Render thread/DEBUG] [net.minecraftforge.registries.ForgeRegistry/REGISTRIES]: Registry minecraft:block: Fixed minecraft:block id mismatch create:mechanical_roller: 1421 (init) -> 1422 (map).
[26Dec2025 18:17:01.016] [Render thread/DEBUG] [net.minecraftforge.registries.ForgeRegistry/REGISTRIES]: Registry minecraft:block: Fixed minecraft:block id mismatch create:mechanical_saw: 1414 (init) -> 1415 (map).
[26Dec2025 18:17:01.016] [Render thread/DEBUG] [net.minecraftforge.registries.ForgeRegistry/REGISTRIES]: Registry minecraft:block: Fixed minecraft:block id mismatch create:metal_bracket: 1358 (init) -> 1359 (map).
[26Dec2025 18:17:01.016] [Render thread/DEBUG] [net.minecraftforge.registries.ForgeRegistry/REGISTRIES]: Registry minecraft:block: Fixed minecraft:block id mismatch create:metal_girder: 1570 (init) -> 1571 (map).
[26Dec2025 18:17:01.016] [Render thread/DEBUG] [net.minecraftforge.registries.ForgeRegistry/REGISTRIES]: Registry minecraft:block: Fixed minecraft:block id mismatch create:metal_girder_encased_shaft: 1571 (init) -> 1572 (map).
[26Dec2025 18:17:01.016] [Render thread/DEBUG] [net.minecraftforge.registries.ForgeRegistry/REGISTRIES]: Registry minecraft:block: Fixed minecraft:block id mismatch create:millstone: 1343 (init) -> 1344 (map).
[26Dec2025 18:17:01.016] [Render thread/DEBUG] [net.minecraftforge.registries.ForgeRegistry/REGISTRIES]: Registry minecraft:block: Fixed minecraft:block id mismatch create:minecart_anchor: 1407 (init) -> 1408 (map).
[26Dec2025 18:17:01.016] [Render thread/DEBUG] [net.minecraftforge.registries.ForgeRegistry/REGISTRIES]: Registry minecraft:block: Fixed minecraft:block id mismatch create:mysterious_cuckoo_clock: 1342 (init) -> 1343 (map).
[26Dec2025 18:17:01.016] [Render thread/DEBUG] [net.minecraftforge.registries.ForgeRegistry/REGISTRIES]: Registry minecraft:block: Fixed minecraft:block id mismatch create:netherite_backtank: 1540 (init) -> 1541 (map).
[26Dec2025 18:17:01.016] [Render thread/DEBUG] [net.minecraftforge.registries.ForgeRegistry/REGISTRIES]: Registry minecraft:block: Fixed minecraft:block id mismatch create:nixie_tube: 1513 (init) -> 1514 (map).
[26Dec2025 18:17:01.016] [Render thread/DEBUG] [net.minecraftforge.registries.ForgeRegistry/REGISTRIES]: Registry minecraft:block: Fixed minecraft:block id mismatch create:nozzle: 1338 (init) -> 1339 (map).
[26Dec2025 18:17:01.016] [Render thread/DEBUG] [net.minecraftforge.registries.ForgeRegistry/REGISTRIES]: Registry minecraft:block: Fixed minecraft:block id mismatch create:oak_window: 1671 (init) -> 1672 (map).
[26Dec2025 18:17:01.016] [Render thread/DEBUG] [net.minecraftforge.registries.ForgeRegistry/REGISTRIES]: Registry minecraft:block: Fixed minecraft:block id mismatch create:oak_window_pane: 1685 (init) -> 1686 (map).
[26Dec2025 18:17:01.016] [Render thread/DEBUG] [net.minecraftforge.registries.ForgeRegistry/REGISTRIES]: Registry minecraft:block: Fixed minecraft:block id mismatch create:ochrum: 1882 (init) -> 1883 (map).
[26Dec2025 18:17:01.016] [Render thread/DEBUG] [net.minecraftforge.registries.ForgeRegistry/REGISTRIES]: Registry minecraft:block: Fixed minecraft:block id mismatch create:ochrum_pillar: 1900 (init) -> 1901 (map).
[26Dec2025 18:17:01.016] [Render thread/DEBUG] [net.minecraftforge.registries.ForgeRegistry/REGISTRIES]: Registry minecraft:block: Fixed minecraft:block id mismatch create:orange_postbox: 1473 (init) -> 1474 (map).
[26Dec2025 18:17:01.016] [Render thread/DEBUG] [net.minecraftforge.registries.ForgeRegistry/REGISTRIES]: Registry minecraft:block: Fixed minecraft:block id mismatch create:orange_sail: 1424 (init) -> 1425 (map).
[26Dec2025 18:17:01.016] [Render thread/DEBUG] [net.minecraftforge.registries.ForgeRegistry/REGISTRIES]: Registry minecraft:block: Fixed minecraft:block id mismatch create:orange_seat: 1577 (init) -> 1578 (map).
[26Dec2025 18:17:01.017] [Render thread/DEBUG] [net.minecraftforge.registries.ForgeRegistry/REGISTRIES]: Registry minecraft:block: Fixed minecraft:block id mismatch create:orange_table_cloth: 1493 (init) -> 1494 (map).
[26Dec2025 18:17:01.017] [Render thread/DEBUG] [net.minecraftforge.registries.ForgeRegistry/REGISTRIES]: Registry minecraft:block: Fixed minecraft:block id mismatch create:orange_toolbox: 1545 (init) -> 1546 (map).
[26Dec2025 18:17:01.017] [Render thread/DEBUG] [net.minecraftforge.registries.ForgeRegistry/REGISTRIES]: Registry minecraft:block: Fixed minecraft:block id mismatch create:orange_valve_handle: 1367 (init) -> 1368 (map).
[26Dec2025 18:17:01.017] [Render thread/DEBUG] [net.minecraftforge.registries.ForgeRegistry/REGISTRIES]: Registry minecraft:block: Fixed minecraft:block id mismatch create:ornate_iron_window: 1682 (init) -> 1683 (map).
[26Dec2025 18:17:01.017] [Render thread/DEBUG] [net.minecraftforge.registries.ForgeRegistry/REGISTRIES]: Registry minecraft:block: Fixed minecraft:block id mismatch create:ornate_iron_window_pane: 1696 (init) -> 1697 (map).
[26Dec2025 18:17:01.017] [Render thread/DEBUG] [net.minecraftforge.registries.ForgeRegistry/REGISTRIES]: Registry minecraft:block: Fixed minecraft:block id mismatch create:oxidized_copper_shingle_slab: 1620 (init) -> 1621 (map).
[26Dec2025 18:17:01.017] [Render thread/DEBUG] [net.minecraftforge.registries.ForgeRegistry/REGISTRIES]: Registry minecraft:block: Fixed minecraft:block id mismatch create:oxidized_copper_shingle_stairs: 1624 (init) -> 1625 (map).
[26Dec2025 18:17:01.017] [Render thread/DEBUG] [net.minecraftforge.registries.ForgeRegistry/REGISTRIES]: Registry minecraft:block: Fixed minecraft:block id mismatch create:oxidized_copper_shingles: 1616 (init) -> 1617 (map).
[26Dec2025 18:17:01.017] [Render thread/DEBUG] [net.minecraftforge.registries.ForgeRegistry/REGISTRIES]: Registry minecraft:block: Fixed minecraft:block id mismatch create:oxidized_copper_tile_slab: 1644 (init) -> 1645 (map).
[26Dec2025 18:17:01.017] [Render thread/DEBUG] [net.minecraftforge.registries.ForgeRegistry/REGISTRIES]: Registry minecraft:block: Fixed minecraft:block id mismatch create:oxidized_copper_tile_stairs: 1648 (init) -> 1649 (map).
[26Dec2025 18:17:01.017] [Render thread/DEBUG] [net.minecraftforge.registries.ForgeRegistry/REGISTRIES]: Registry minecraft:block: Fixed minecraft:block id mismatch create:oxidized_copper_tiles: 1640 (init) -> 1641 (map).
[26Dec2025 18:17:01.017] [Render thread/DEBUG] [net.minecraftforge.registries.ForgeRegistry/REGISTRIES]: Registry minecraft:block: Fixed minecraft:block id mismatch create:package_frogport: 1471 (init) -> 1472 (map).
[26Dec2025 18:17:01.017] [Render thread/DEBUG] [net.minecraftforge.registries.ForgeRegistry/REGISTRIES]: Registry minecraft:block: Fixed minecraft:block id mismatch create:packager: 1469 (init) -> 1470 (map).
[26Dec2025 18:17:01.017] [Render thread/DEBUG] [net.minecraftforge.registries.ForgeRegistry/REGISTRIES]: Registry minecraft:block: Fixed minecraft:block id mismatch create:peculiar_bell: 1541 (init) -> 1542 (map).
[26Dec2025 18:17:01.017] [Render thread/DEBUG] [net.minecraftforge.registries.ForgeRegistry/REGISTRIES]: Registry minecraft:block: Fixed minecraft:block id mismatch create:pink_nixie_tube: 1519 (init) -> 1520 (map).
[26Dec2025 18:17:01.017] [Render thread/DEBUG] [net.minecraftforge.registries.ForgeRegistry/REGISTRIES]: Registry minecraft:block: Fixed minecraft:block id mismatch create:pink_postbox: 1478 (init) -> 1479 (map).
[26Dec2025 18:17:01.017] [Render thread/DEBUG] [net.minecraftforge.registries.ForgeRegistry/REGISTRIES]: Registry minecraft:block: Fixed minecraft:block id mismatch create:pink_sail: 1429 (init) -> 1430 (map).
[26Dec2025 18:17:01.017] [Render thread/DEBUG] [net.minecraftforge.registries.ForgeRegistry/REGISTRIES]: Registry minecraft:block: Fixed minecraft:block id mismatch create:pink_seat: 1582 (init) -> 1583 (map).
[26Dec2025 18:17:01.017] [Render thread/DEBUG] [net.minecraftforge.registries.ForgeRegistry/REGISTRIES]: Registry minecraft:block: Fixed minecraft:block id mismatch create:pink_table_cloth: 1498 (init) -> 1499 (map).
[26Dec2025 18:17:01.017] [Render thread/DEBUG] [net.minecraftforge.registries.ForgeRegistry/REGISTRIES]: Registry minecraft:block: Fixed minecraft:block id mismatch create:pink_toolbox: 1550 (init) -> 1551 (map).
[26Dec2025 18:17:01.017] [Render thread/DEBUG] [net.minecraftforge.registries.ForgeRegistry/REGISTRIES]: Registry minecraft:block: Fixed minecraft:block id mismatch create:pink_valve_handle: 1372 (init) -> 1373 (map).
[26Dec2025 18:17:01.017] [Render thread/DEBUG] [net.minecraftforge.registries.ForgeRegistry/REGISTRIES]: Registry minecraft:block: Fixed minecraft:block id mismatch create:piston_extension_pole: 1394 (init) -> 1395 (map).
[26Dec2025 18:17:01.017] [Render thread/DEBUG] [net.minecraftforge.registries.ForgeRegistry/REGISTRIES]: Registry minecraft:block: Fixed minecraft:block id mismatch create:placard: 1532 (init) -> 1533 (map).
[26Dec2025 18:17:01.017] [Render thread/DEBUG] [net.minecraftforge.registries.ForgeRegistry/REGISTRIES]: Registry minecraft:block: Fixed minecraft:block id mismatch create:polished_cut_andesite: 1739 (init) -> 1740 (map).
[26Dec2025 18:17:01.017] [Render thread/DEBUG] [net.minecraftforge.registries.ForgeRegistry/REGISTRIES]: Registry minecraft:block: Fixed minecraft:block id mismatch create:polished_cut_andesite_slab: 1741 (init) -> 1742 (map).
[26Dec2025 18:17:01.017] [Render thread/DEBUG] [net.minecraftforge.registries.ForgeRegistry/REGISTRIES]: Registry minecraft:block: Fixed minecraft:block id mismatch create:polished_cut_andesite_stairs: 1740 (init) -> 1741 (map).
[26Dec2025 18:17:01.017] [Render thread/DEBUG] [net.minecraftforge.registries.ForgeRegistry/REGISTRIES]: Registry minecraft:block: Fixed minecraft:block id mismatch create:polished_cut_andesite_wall: 1742 (init) -> 1743 (map).
[26Dec2025 18:17:01.017] [Render thread/DEBUG] [net.minecraftforge.registries.ForgeRegistry/REGISTRIES]: Registry minecraft:block: Fixed minecraft:block id mismatch create:polished_cut_asurine: 1830 (init) -> 1831 (map).
[26Dec2025 18:17:01.017] [Render thread/DEBUG] [net.minecraftforge.registries.ForgeRegistry/REGISTRIES]: Registry minecraft:block: Fixed minecraft:block id mismatch create:polished_cut_asurine_slab: 1832 (init) -> 1833 (map).
[26Dec2025 18:17:01.017] [Render thread/DEBUG] [net.minecraftforge.registries.ForgeRegistry/REGISTRIES]: Registry minecraft:block: Fixed minecraft:block id mismatch create:polished_cut_asurine_stairs: 1831 (init) -> 1832 (map).
[26Dec2025 18:17:01.017] [Render thread/DEBUG] [net.minecraftforge.registries.ForgeRegistry/REGISTRIES]: Registry minecraft:block: Fixed minecraft:block id mismatch create:polished_cut_asurine_wall: 1833 (init) -> 1834 (map).
[26Dec2025 18:17:01.017] [Render thread/DEBUG] [net.minecraftforge.registries.ForgeRegistry/REGISTRIES]: Registry minecraft:block: Fixed minecraft:block id mismatch create:polished_cut_calcite: 1757 (init) -> 1758 (map).
[26Dec2025 18:17:01.017] [Render thread/DEBUG] [net.minecraftforge.registries.ForgeRegistry/REGISTRIES]: Registry minecraft:block: Fixed minecraft:block id mismatch create:polished_cut_calcite_slab: 1759 (init) -> 1760 (map).
[26Dec2025 18:17:01.017] [Render thread/DEBUG] [net.minecraftforge.registries.ForgeRegistry/REGISTRIES]: Registry minecraft:block: Fixed minecraft:block id mismatch create:polished_cut_calcite_stairs: 1758 (init) -> 1759 (map).
[26Dec2025 18:17:01.017] [Render thread/DEBUG] [net.minecraftforge.registries.ForgeRegistry/REGISTRIES]: Registry minecraft:block: Fixed minecraft:block id mismatch create:polished_cut_calcite_wall: 1760 (init) -> 1761 (map).
[26Dec2025 18:17:01.017] [Render thread/DEBUG] [net.minecraftforge.registries.ForgeRegistry/REGISTRIES]: Registry minecraft:block: Fixed minecraft:block id mismatch create:polished_cut_crimsite: 1849 (init) -> 1850 (map).
[26Dec2025 18:17:01.017] [Render thread/DEBUG] [net.minecraftforge.registries.ForgeRegistry/REGISTRIES]: Registry minecraft:block: Fixed minecraft:block id mismatch create:polished_cut_crimsite_slab: 1851 (init) -> 1852 (map).
[26Dec2025 18:17:01.017] [Render thread/DEBUG] [net.minecraftforge.registries.ForgeRegistry/REGISTRIES]: Registry minecraft:block: Fixed minecraft:block id mismatch create:polished_cut_crimsite_stairs: 1850 (init) -> 1851 (map).
[26Dec2025 18:17:01.017] [Render thread/DEBUG] [net.minecraftforge.registries.ForgeRegistry/REGISTRIES]: Registry minecraft:block: Fixed minecraft:block id mismatch create:polished_cut_crimsite_wall: 1852 (init) -> 1853 (map).
[26Dec2025 18:17:01.017] [Render thread/DEBUG] [net.minecraftforge.registries.ForgeRegistry/REGISTRIES]: Registry minecraft:block: Fixed minecraft:block id mismatch create:polished_cut_deepslate: 1793 (init) -> 1794 (map).
[26Dec2025 18:17:01.017] [Render thread/DEBUG] [net.minecraftforge.registries.ForgeRegistry/REGISTRIES]: Registry minecraft:block: Fixed minecraft:block id mismatch create:polished_cut_deepslate_slab: 1795 (init) -> 1796 (map).
[26Dec2025 18:17:01.018] [Render thread/DEBUG] [net.minecraftforge.registries.ForgeRegistry/REGISTRIES]: Registry minecraft:block: Fixed minecraft:block id mismatch create:polished_cut_deepslate_stairs: 1794 (init) -> 1795 (map).
[26Dec2025 18:17:01.018] [Render thread/DEBUG] [net.minecraftforge.registries.ForgeRegistry/REGISTRIES]: Registry minecraft:block: Fixed minecraft:block id mismatch create:polished_cut_deepslate_wall: 1796 (init) -> 1797 (map).
[26Dec2025 18:17:01.018] [Render thread/DEBUG] [net.minecraftforge.registries.ForgeRegistry/REGISTRIES]: Registry minecraft:block: Fixed minecraft:block id mismatch create:polished_cut_diorite: 1721 (init) -> 1722 (map).
[26Dec2025 18:17:01.018] [Render thread/DEBUG] [net.minecraftforge.registries.ForgeRegistry/REGISTRIES]: Registry minecraft:block: Fixed minecraft:block id mismatch create:polished_cut_diorite_slab: 1723 (init) -> 1724 (map).
[26Dec2025 18:17:01.018] [Render thread/DEBUG] [net.minecraftforge.registries.ForgeRegistry/REGISTRIES]: Registry minecraft:block: Fixed minecraft:block id mismatch create:polished_cut_diorite_stairs: 1722 (init) -> 1723 (map).
[26Dec2025 18:17:01.018] [Render thread/DEBUG] [net.minecraftforge.registries.ForgeRegistry/REGISTRIES]: Registry minecraft:block: Fixed minecraft:block id mismatch create:polished_cut_diorite_wall: 1724 (init) -> 1725 (map).
[26Dec2025 18:17:01.018] [Render thread/DEBUG] [net.minecraftforge.registries.ForgeRegistry/REGISTRIES]: Registry minecraft:block: Fixed minecraft:block id mismatch create:polished_cut_dripstone: 1775 (init) -> 1776 (map).
[26Dec2025 18:17:01.018] [Render thread/DEBUG] [net.minecraftforge.registries.ForgeRegistry/REGISTRIES]: Registry minecraft:block: Fixed minecraft:block id mismatch create:polished_cut_dripstone_slab: 1777 (init) -> 1778 (map).
[26Dec2025 18:17:01.018] [Render thread/DEBUG] [net.minecraftforge.registries.ForgeRegistry/REGISTRIES]: Registry minecraft:block: Fixed minecraft:block id mismatch create:polished_cut_dripstone_stairs: 1776 (init) -> 1777 (map).
[26Dec2025 18:17:01.018] [Render thread/DEBUG] [net.minecraftforge.registries.ForgeRegistry/REGISTRIES]: Registry minecraft:block: Fixed minecraft:block id mismatch create:polished_cut_dripstone_wall: 1778 (init) -> 1779 (map).
[26Dec2025 18:17:01.018] [Render thread/DEBUG] [net.minecraftforge.registries.ForgeRegistry/REGISTRIES]: Registry minecraft:block: Fixed minecraft:block id mismatch create:polished_cut_granite: 1703 (init) -> 1704 (map).
[26Dec2025 18:17:01.018] [Render thread/DEBUG] [net.minecraftforge.registries.ForgeRegistry/REGISTRIES]: Registry minecraft:block: Fixed minecraft:block id mismatch create:polished_cut_granite_slab: 1705 (init) -> 1706 (map).
[26Dec2025 18:17:01.018] [Render thread/DEBUG] [net.minecraftforge.registries.ForgeRegistry/REGISTRIES]: Registry minecraft:block: Fixed minecraft:block id mismatch create:polished_cut_granite_stairs: 1704 (init) -> 1705 (map).
[26Dec2025 18:17:01.018] [Render thread/DEBUG] [net.minecraftforge.registries.ForgeRegistry/REGISTRIES]: Registry minecraft:block: Fixed minecraft:block id mismatch create:polished_cut_granite_wall: 1706 (init) -> 1707 (map).
[26Dec2025 18:17:01.018] [Render thread/DEBUG] [net.minecraftforge.registries.ForgeRegistry/REGISTRIES]: Registry minecraft:block: Fixed minecraft:block id mismatch create:polished_cut_limestone: 1868 (init) -> 1869 (map).
[26Dec2025 18:17:01.018] [Render thread/DEBUG] [net.minecraftforge.registries.ForgeRegistry/REGISTRIES]: Registry minecraft:block: Fixed minecraft:block id mismatch create:polished_cut_limestone_slab: 1870 (init) -> 1871 (map).
[26Dec2025 18:17:01.018] [Render thread/DEBUG] [net.minecraftforge.registries.ForgeRegistry/REGISTRIES]: Registry minecraft:block: Fixed minecraft:block id mismatch create:polished_cut_limestone_stairs: 1869 (init) -> 1870 (map).
[26Dec2025 18:17:01.018] [Render thread/DEBUG] [net.minecraftforge.registries.ForgeRegistry/REGISTRIES]: Registry minecraft:block: Fixed minecraft:block id mismatch create:polished_cut_limestone_wall: 1871 (init) -> 1872 (map).
[26Dec2025 18:17:01.018] [Render thread/DEBUG] [net.minecraftforge.registries.ForgeRegistry/REGISTRIES]: Registry minecraft:block: Fixed minecraft:block id mismatch create:polished_cut_ochrum: 1887 (init) -> 1888 (map).
[26Dec2025 18:17:01.018] [Render thread/DEBUG] [net.minecraftforge.registries.ForgeRegistry/REGISTRIES]: Registry minecraft:block: Fixed minecraft:block id mismatch create:polished_cut_ochrum_slab: 1889 (init) -> 1890 (map).
[26Dec2025 18:17:01.018] [Render thread/DEBUG] [net.minecraftforge.registries.ForgeRegistry/REGISTRIES]: Registry minecraft:block: Fixed minecraft:block id mismatch create:polished_cut_ochrum_stairs: 1888 (init) -> 1889 (map).
[26Dec2025 18:17:01.018] [Render thread/DEBUG] [net.minecraftforge.registries.ForgeRegistry/REGISTRIES]: Registry minecraft:block: Fixed minecraft:block id mismatch create:polished_cut_ochrum_wall: 1890 (init) -> 1891 (map).
[26Dec2025 18:17:01.018] [Render thread/DEBUG] [net.minecraftforge.registries.ForgeRegistry/REGISTRIES]: Registry minecraft:block: Fixed minecraft:block id mismatch create:polished_cut_scorchia: 1925 (init) -> 1926 (map).
[26Dec2025 18:17:01.018] [Render thread/DEBUG] [net.minecraftforge.registries.ForgeRegistry/REGISTRIES]: Registry minecraft:block: Fixed minecraft:block id mismatch create:polished_cut_scorchia_slab: 1927 (init) -> 1928 (map).
[26Dec2025 18:17:01.018] [Render thread/DEBUG] [net.minecraftforge.registries.ForgeRegistry/REGISTRIES]: Registry minecraft:block: Fixed minecraft:block id mismatch create:polished_cut_scorchia_stairs: 1926 (init) -> 1927 (map).
[26Dec2025 18:17:01.018] [Render thread/DEBUG] [net.minecraftforge.registries.ForgeRegistry/REGISTRIES]: Registry minecraft:block: Fixed minecraft:block id mismatch create:polished_cut_scorchia_wall: 1928 (init) -> 1929 (map).
[26Dec2025 18:17:01.018] [Render thread/DEBUG] [net.minecraftforge.registries.ForgeRegistry/REGISTRIES]: Registry minecraft:block: Fixed minecraft:block id mismatch create:polished_cut_scoria: 1906 (init) -> 1907 (map).
[26Dec2025 18:17:01.018] [Render thread/DEBUG] [net.minecraftforge.registries.ForgeRegistry/REGISTRIES]: Registry minecraft:block: Fixed minecraft:block id mismatch create:polished_cut_scoria_slab: 1908 (init) -> 1909 (map).
[26Dec2025 18:17:01.018] [Render thread/DEBUG] [net.minecraftforge.registries.ForgeRegistry/REGISTRIES]: Registry minecraft:block: Fixed minecraft:block id mismatch create:polished_cut_scoria_stairs: 1907 (init) -> 1908 (map).
[26Dec2025 18:17:01.018] [Render thread/DEBUG] [net.minecraftforge.registries.ForgeRegistry/REGISTRIES]: Registry minecraft:block: Fixed minecraft:block id mismatch create:polished_cut_scoria_wall: 1909 (init) -> 1910 (map).
[26Dec2025 18:17:01.018] [Render thread/DEBUG] [net.minecraftforge.registries.ForgeRegistry/REGISTRIES]: Registry minecraft:block: Fixed minecraft:block id mismatch create:polished_cut_tuff: 1811 (init) -> 1812 (map).
[26Dec2025 18:17:01.018] [Render thread/DEBUG] [net.minecraftforge.registries.ForgeRegistry/REGISTRIES]: Registry minecraft:block: Fixed minecraft:block id mismatch create:polished_cut_tuff_slab: 1813 (init) -> 1814 (map).
[26Dec2025 18:17:01.018] [Render thread/DEBUG] [net.minecraftforge.registries.ForgeRegistry/REGISTRIES]: Registry minecraft:block: Fixed minecraft:block id mismatch create:polished_cut_tuff_stairs: 1812 (init) -> 1813 (map).
[26Dec2025 18:17:01.018] [Render thread/DEBUG] [net.minecraftforge.registries.ForgeRegistry/REGISTRIES]: Registry minecraft:block: Fixed minecraft:block id mismatch create:polished_cut_tuff_wall: 1814 (init) -> 1815 (map).
[26Dec2025 18:17:01.018] [Render thread/DEBUG] [net.minecraftforge.registries.ForgeRegistry/REGISTRIES]: Registry minecraft:block: Fixed minecraft:block id mismatch create:polished_cut_veridium: 1944 (init) -> 1945 (map).
[26Dec2025 18:17:01.018] [Render thread/DEBUG] [net.minecraftforge.registries.ForgeRegistry/REGISTRIES]: Registry minecraft:block: Fixed minecraft:block id mismatch create:polished_cut_veridium_slab: 1946 (init) -> 1947 (map).
[26Dec2025 18:17:01.018] [Render thread/DEBUG] [net.minecraftforge.registries.ForgeRegistry/REGISTRIES]: Registry minecraft:block: Fixed minecraft:block id mismatch create:polished_cut_veridium_stairs: 1945 (init) -> 1946 (map).
[26Dec2025 18:17:01.018] [Render thread/DEBUG] [net.minecraftforge.registries.ForgeRegistry/REGISTRIES]: Registry minecraft:block: Fixed minecraft:block id mismatch create:polished_cut_veridium_wall: 1947 (init) -> 1948 (map).
[26Dec2025 18:17:01.018] [Render thread/DEBUG] [net.minecraftforge.registries.ForgeRegistry/REGISTRIES]: Registry minecraft:block: Fixed minecraft:block id mismatch create:portable_fluid_interface: 1387 (init) -> 1388 (map).
[26Dec2025 18:17:01.018] [Render thread/DEBUG] [net.minecraftforge.registries.ForgeRegistry/REGISTRIES]: Registry minecraft:block: Fixed minecraft:block id mismatch create:portable_storage_interface: 1416 (init) -> 1417 (map).
[26Dec2025 18:17:01.018] [Render thread/DEBUG] [net.minecraftforge.registries.ForgeRegistry/REGISTRIES]: Registry minecraft:block: Fixed minecraft:block id mismatch create:powered_latch: 1536 (init) -> 1537 (map).
[26Dec2025 18:17:01.018] [Render thread/DEBUG] [net.minecraftforge.registries.ForgeRegistry/REGISTRIES]: Registry minecraft:block: Fixed minecraft:block id mismatch create:powered_shaft: 1391 (init) -> 1392 (map).
[26Dec2025 18:17:01.018] [Render thread/DEBUG] [net.minecraftforge.registries.ForgeRegistry/REGISTRIES]: Registry minecraft:block: Fixed minecraft:block id mismatch create:powered_toggle_latch: 1537 (init) -> 1538 (map).
[26Dec2025 18:17:01.019] [Render thread/DEBUG] [net.minecraftforge.registries.ForgeRegistry/REGISTRIES]: Registry minecraft:block: Fixed minecraft:block id mismatch create:pulley_magnet: 1403 (init) -> 1404 (map).
[26Dec2025 18:17:01.019] [Render thread/DEBUG] [net.minecraftforge.registries.ForgeRegistry/REGISTRIES]: Registry minecraft:block: Fixed minecraft:block id mismatch create:pulse_extender: 1534 (init) -> 1535 (map).
[26Dec2025 18:17:01.019] [Render thread/DEBUG] [net.minecraftforge.registries.ForgeRegistry/REGISTRIES]: Registry minecraft:block: Fixed minecraft:block id mismatch create:pulse_repeater: 1533 (init) -> 1534 (map).
[26Dec2025 18:17:01.019] [Render thread/DEBUG] [net.minecraftforge.registries.ForgeRegistry/REGISTRIES]: Registry minecraft:block: Fixed minecraft:block id mismatch create:pulse_timer: 1535 (init) -> 1536 (map).
[26Dec2025 18:17:01.019] [Render thread/DEBUG] [net.minecraftforge.registries.ForgeRegistry/REGISTRIES]: Registry minecraft:block: Fixed minecraft:block id mismatch create:purple_nixie_tube: 1523 (init) -> 1524 (map).
[26Dec2025 18:17:01.019] [Render thread/DEBUG] [net.minecraftforge.registries.ForgeRegistry/REGISTRIES]: Registry minecraft:block: Fixed minecraft:block id mismatch create:purple_postbox: 1482 (init) -> 1483 (map).
[26Dec2025 18:17:01.019] [Render thread/DEBUG] [net.minecraftforge.registries.ForgeRegistry/REGISTRIES]: Registry minecraft:block: Fixed minecraft:block id mismatch create:purple_sail: 1433 (init) -> 1434 (map).
[26Dec2025 18:17:01.019] [Render thread/DEBUG] [net.minecraftforge.registries.ForgeRegistry/REGISTRIES]: Registry minecraft:block: Fixed minecraft:block id mismatch create:purple_seat: 1586 (init) -> 1587 (map).
[26Dec2025 18:17:01.019] [Render thread/DEBUG] [net.minecraftforge.registries.ForgeRegistry/REGISTRIES]: Registry minecraft:block: Fixed minecraft:block id mismatch create:purple_table_cloth: 1502 (init) -> 1503 (map).
[26Dec2025 18:17:01.019] [Render thread/DEBUG] [net.minecraftforge.registries.ForgeRegistry/REGISTRIES]: Registry minecraft:block: Fixed minecraft:block id mismatch create:purple_toolbox: 1554 (init) -> 1555 (map).
[26Dec2025 18:17:01.019] [Render thread/DEBUG] [net.minecraftforge.registries.ForgeRegistry/REGISTRIES]: Registry minecraft:block: Fixed minecraft:block id mismatch create:purple_valve_handle: 1376 (init) -> 1377 (map).
[26Dec2025 18:17:01.019] [Render thread/DEBUG] [net.minecraftforge.registries.ForgeRegistry/REGISTRIES]: Registry minecraft:block: Fixed minecraft:block id mismatch create:radial_chassis: 1410 (init) -> 1411 (map).
[26Dec2025 18:17:01.019] [Render thread/DEBUG] [net.minecraftforge.registries.ForgeRegistry/REGISTRIES]: Registry minecraft:block: Fixed minecraft:block id mismatch create:railway_casing: 1451 (init) -> 1452 (map).
[26Dec2025 18:17:01.019] [Render thread/DEBUG] [net.minecraftforge.registries.ForgeRegistry/REGISTRIES]: Registry minecraft:block: Fixed minecraft:block id mismatch create:raw_zinc_block: 1601 (init) -> 1602 (map).
[26Dec2025 18:17:01.019] [Render thread/DEBUG] [net.minecraftforge.registries.ForgeRegistry/REGISTRIES]: Registry minecraft:block: Fixed minecraft:block id mismatch create:red_nixie_tube: 1527 (init) -> 1528 (map).
[26Dec2025 18:17:01.019] [Render thread/DEBUG] [net.minecraftforge.registries.ForgeRegistry/REGISTRIES]: Registry minecraft:block: Fixed minecraft:block id mismatch create:red_postbox: 1486 (init) -> 1487 (map).
[26Dec2025 18:17:01.019] [Render thread/DEBUG] [net.minecraftforge.registries.ForgeRegistry/REGISTRIES]: Registry minecraft:block: Fixed minecraft:block id mismatch create:red_sail: 1437 (init) -> 1438 (map).
[26Dec2025 18:17:01.019] [Render thread/DEBUG] [net.minecraftforge.registries.ForgeRegistry/REGISTRIES]: Registry minecraft:block: Fixed minecraft:block id mismatch create:red_seat: 1590 (init) -> 1591 (map).
[26Dec2025 18:17:01.019] [Render thread/DEBUG] [net.minecraftforge.registries.ForgeRegistry/REGISTRIES]: Registry minecraft:block: Fixed minecraft:block id mismatch create:red_table_cloth: 1506 (init) -> 1507 (map).
[26Dec2025 18:17:01.019] [Render thread/DEBUG] [net.minecraftforge.registries.ForgeRegistry/REGISTRIES]: Registry minecraft:block: Fixed minecraft:block id mismatch create:red_toolbox: 1558 (init) -> 1559 (map).
[26Dec2025 18:17:01.019] [Render thread/DEBUG] [net.minecraftforge.registries.ForgeRegistry/REGISTRIES]: Registry minecraft:block: Fixed minecraft:block id mismatch create:red_valve_handle: 1380 (init) -> 1381 (map).
[26Dec2025 18:17:01.019] [Render thread/DEBUG] [net.minecraftforge.registries.ForgeRegistry/REGISTRIES]: Registry minecraft:block: Fixed minecraft:block id mismatch create:redstone_contact: 1417 (init) -> 1418 (map).
[26Dec2025 18:17:01.019] [Render thread/DEBUG] [net.minecraftforge.registries.ForgeRegistry/REGISTRIES]: Registry minecraft:block: Fixed minecraft:block id mismatch create:redstone_link: 1530 (init) -> 1531 (map).
[26Dec2025 18:17:01.019] [Render thread/DEBUG] [net.minecraftforge.registries.ForgeRegistry/REGISTRIES]: Registry minecraft:block: Fixed minecraft:block id mismatch create:redstone_requester: 1490 (init) -> 1491 (map).
[26Dec2025 18:17:01.019] [Render thread/DEBUG] [net.minecraftforge.registries.ForgeRegistry/REGISTRIES]: Registry minecraft:block: Fixed minecraft:block id mismatch create:refined_radiance_casing: 1443 (init) -> 1444 (map).
[26Dec2025 18:17:01.019] [Render thread/DEBUG] [net.minecraftforge.registries.ForgeRegistry/REGISTRIES]: Registry minecraft:block: Fixed minecraft:block id mismatch create:repackager: 1470 (init) -> 1471 (map).
[26Dec2025 18:17:01.019] [Render thread/DEBUG] [net.minecraftforge.registries.ForgeRegistry/REGISTRIES]: Registry minecraft:block: Fixed minecraft:block id mismatch create:rope: 1402 (init) -> 1403 (map).
[26Dec2025 18:17:01.019] [Render thread/DEBUG] [net.minecraftforge.registries.ForgeRegistry/REGISTRIES]: Registry minecraft:block: Fixed minecraft:block id mismatch create:rope_pulley: 1401 (init) -> 1402 (map).
[26Dec2025 18:17:01.019] [Render thread/DEBUG] [net.minecraftforge.registries.ForgeRegistry/REGISTRIES]: Registry minecraft:block: Fixed minecraft:block id mismatch create:rose_quartz_block: 1610 (init) -> 1611 (map).
[26Dec2025 18:17:01.019] [Render thread/DEBUG] [net.minecraftforge.registries.ForgeRegistry/REGISTRIES]: Registry minecraft:block: Fixed minecraft:block id mismatch create:rose_quartz_lamp: 1529 (init) -> 1530 (map).
[26Dec2025 18:17:01.019] [Render thread/DEBUG] [net.minecraftforge.registries.ForgeRegistry/REGISTRIES]: Registry minecraft:block: Fixed minecraft:block id mismatch create:rose_quartz_tiles: 1611 (init) -> 1612 (map).
[26Dec2025 18:17:01.019] [Render thread/DEBUG] [net.minecraftforge.registries.ForgeRegistry/REGISTRIES]: Registry minecraft:block: Fixed minecraft:block id mismatch create:rotation_speed_controller: 1447 (init) -> 1448 (map).
[26Dec2025 18:17:01.019] [Render thread/DEBUG] [net.minecraftforge.registries.ForgeRegistry/REGISTRIES]: Registry minecraft:block: Fixed minecraft:block id mismatch create:sail_frame: 1422 (init) -> 1423 (map).
[26Dec2025 18:17:01.019] [Render thread/DEBUG] [net.minecraftforge.registries.ForgeRegistry/REGISTRIES]: Registry minecraft:block: Fixed minecraft:block id mismatch create:schematic_table: 1316 (init) -> 1317 (map).
[26Dec2025 18:17:01.019] [Render thread/DEBUG] [net.minecraftforge.registries.ForgeRegistry/REGISTRIES]: Registry minecraft:block: Fixed minecraft:block id mismatch create:schematicannon: 1315 (init) -> 1316 (map).
[26Dec2025 18:17:01.019] [Render thread/DEBUG] [net.minecraftforge.registries.ForgeRegistry/REGISTRIES]: Registry minecraft:block: Fixed minecraft:block id mismatch create:scorchia: 1920 (init) -> 1921 (map).
[26Dec2025 18:17:01.019] [Render thread/DEBUG] [net.minecraftforge.registries.ForgeRegistry/REGISTRIES]: Registry minecraft:block: Fixed minecraft:block id mismatch create:scorchia_pillar: 1938 (init) -> 1939 (map).
[26Dec2025 18:17:01.020] [Render thread/DEBUG] [net.minecraftforge.registries.ForgeRegistry/REGISTRIES]: Registry minecraft:block: Fixed minecraft:block id mismatch create:scoria: 1901 (init) -> 1902 (map).
[26Dec2025 18:17:01.020] [Render thread/DEBUG] [net.minecraftforge.registries.ForgeRegistry/REGISTRIES]: Registry minecraft:block: Fixed minecraft:block id mismatch create:scoria_pillar: 1919 (init) -> 1920 (map).
[26Dec2025 18:17:01.020] [Render thread/DEBUG] [net.minecraftforge.registries.ForgeRegistry/REGISTRIES]: Registry minecraft:block: Fixed minecraft:block id mismatch create:secondary_linear_chassis: 1409 (init) -> 1410 (map).
[26Dec2025 18:17:01.020] [Render thread/DEBUG] [net.minecraftforge.registries.ForgeRegistry/REGISTRIES]: Registry minecraft:block: Fixed minecraft:block id mismatch create:sequenced_gearshift: 1445 (init) -> 1446 (map).
[26Dec2025 18:17:01.020] [Render thread/DEBUG] [net.minecraftforge.registries.ForgeRegistry/REGISTRIES]: Registry minecraft:block: Fixed minecraft:block id mismatch create:shadow_steel_casing: 1442 (init) -> 1443 (map).
[26Dec2025 18:17:01.020] [Render thread/DEBUG] [net.minecraftforge.registries.ForgeRegistry/REGISTRIES]: Registry minecraft:block: Fixed minecraft:block id mismatch create:shaft: 1317 (init) -> 1318 (map).
[26Dec2025 18:17:01.020] [Render thread/DEBUG] [net.minecraftforge.registries.ForgeRegistry/REGISTRIES]: Registry minecraft:block: Fixed minecraft:block id mismatch create:small_andesite_brick_slab: 1749 (init) -> 1750 (map).
[26Dec2025 18:17:01.020] [Render thread/DEBUG] [net.minecraftforge.registries.ForgeRegistry/REGISTRIES]: Registry minecraft:block: Fixed minecraft:block id mismatch create:small_andesite_brick_stairs: 1748 (init) -> 1749 (map).
[26Dec2025 18:17:01.020] [Render thread/DEBUG] [net.minecraftforge.registries.ForgeRegistry/REGISTRIES]: Registry minecraft:block: Fixed minecraft:block id mismatch create:small_andesite_brick_wall: 1750 (init) -> 1751 (map).
[26Dec2025 18:17:01.020] [Render thread/DEBUG] [net.minecraftforge.registries.ForgeRegistry/REGISTRIES]: Registry minecraft:block: Fixed minecraft:block id mismatch create:small_andesite_bricks: 1747 (init) -> 1748 (map).
[26Dec2025 18:17:01.020] [Render thread/DEBUG] [net.minecraftforge.registries.ForgeRegistry/REGISTRIES]: Registry minecraft:block: Fixed minecraft:block id mismatch create:small_asurine_brick_slab: 1840 (init) -> 1841 (map).
[26Dec2025 18:17:01.020] [Render thread/DEBUG] [net.minecraftforge.registries.ForgeRegistry/REGISTRIES]: Registry minecraft:block: Fixed minecraft:block id mismatch create:small_asurine_brick_stairs: 1839 (init) -> 1840 (map).
[26Dec2025 18:17:01.020] [Render thread/DEBUG] [net.minecraftforge.registries.ForgeRegistry/REGISTRIES]: Registry minecraft:block: Fixed minecraft:block id mismatch create:small_asurine_brick_wall: 1841 (init) -> 1842 (map).
[26Dec2025 18:17:01.020] [Render thread/DEBUG] [net.minecraftforge.registries.ForgeRegistry/REGISTRIES]: Registry minecraft:block: Fixed minecraft:block id mismatch create:small_asurine_bricks: 1838 (init) -> 1839 (map).
[26Dec2025 18:17:01.020] [Render thread/DEBUG] [net.minecraftforge.registries.ForgeRegistry/REGISTRIES]: Registry minecraft:block: Fixed minecraft:block id mismatch create:small_bogey: 1455 (init) -> 1456 (map).
[26Dec2025 18:17:01.020] [Render thread/DEBUG] [net.minecraftforge.registries.ForgeRegistry/REGISTRIES]: Registry minecraft:block: Fixed minecraft:block id mismatch create:small_calcite_brick_slab: 1767 (init) -> 1768 (map).
[26Dec2025 18:17:01.020] [Render thread/DEBUG] [net.minecraftforge.registries.ForgeRegistry/REGISTRIES]: Registry minecraft:block: Fixed minecraft:block id mismatch create:small_calcite_brick_stairs: 1766 (init) -> 1767 (map).
[26Dec2025 18:17:01.020] [Render thread/DEBUG] [net.minecraftforge.registries.ForgeRegistry/REGISTRIES]: Registry minecraft:block: Fixed minecraft:block id mismatch create:small_calcite_brick_wall: 1768 (init) -> 1769 (map).
[26Dec2025 18:17:01.020] [Render thread/DEBUG] [net.minecraftforge.registries.ForgeRegistry/REGISTRIES]: Registry minecraft:block: Fixed minecraft:block id mismatch create:small_calcite_bricks: 1765 (init) -> 1766 (map).
[26Dec2025 18:17:01.020] [Render thread/DEBUG] [net.minecraftforge.registries.ForgeRegistry/REGISTRIES]: Registry minecraft:block: Fixed minecraft:block id mismatch create:small_crimsite_brick_slab: 1859 (init) -> 1860 (map).
[26Dec2025 18:17:01.020] [Render thread/DEBUG] [net.minecraftforge.registries.ForgeRegistry/REGISTRIES]: Registry minecraft:block: Fixed minecraft:block id mismatch create:small_crimsite_brick_stairs: 1858 (init) -> 1859 (map).
[26Dec2025 18:17:01.020] [Render thread/DEBUG] [net.minecraftforge.registries.ForgeRegistry/REGISTRIES]: Registry minecraft:block: Fixed minecraft:block id mismatch create:small_crimsite_brick_wall: 1860 (init) -> 1861 (map).
[26Dec2025 18:17:01.020] [Render thread/DEBUG] [net.minecraftforge.registries.ForgeRegistry/REGISTRIES]: Registry minecraft:block: Fixed minecraft:block id mismatch create:small_crimsite_bricks: 1857 (init) -> 1858 (map).
[26Dec2025 18:17:01.020] [Render thread/DEBUG] [net.minecraftforge.registries.ForgeRegistry/REGISTRIES]: Registry minecraft:block: Fixed minecraft:block id mismatch create:small_deepslate_brick_slab: 1803 (init) -> 1804 (map).
[26Dec2025 18:17:01.020] [Render thread/DEBUG] [net.minecraftforge.registries.ForgeRegistry/REGISTRIES]: Registry minecraft:block: Fixed minecraft:block id mismatch create:small_deepslate_brick_stairs: 1802 (init) -> 1803 (map).
[26Dec2025 18:17:01.020] [Render thread/DEBUG] [net.minecraftforge.registries.ForgeRegistry/REGISTRIES]: Registry minecraft:block: Fixed minecraft:block id mismatch create:small_deepslate_brick_wall: 1804 (init) -> 1805 (map).
[26Dec2025 18:17:01.020] [Render thread/DEBUG] [net.minecraftforge.registries.ForgeRegistry/REGISTRIES]: Registry minecraft:block: Fixed minecraft:block id mismatch create:small_deepslate_bricks: 1801 (init) -> 1802 (map).
[26Dec2025 18:17:01.020] [Render thread/DEBUG] [net.minecraftforge.registries.ForgeRegistry/REGISTRIES]: Registry minecraft:block: Fixed minecraft:block id mismatch create:small_diorite_brick_slab: 1731 (init) -> 1732 (map).
[26Dec2025 18:17:01.020] [Render thread/DEBUG] [net.minecraftforge.registries.ForgeRegistry/REGISTRIES]: Registry minecraft:block: Fixed minecraft:block id mismatch create:small_diorite_brick_stairs: 1730 (init) -> 1731 (map).
[26Dec2025 18:17:01.020] [Render thread/DEBUG] [net.minecraftforge.registries.ForgeRegistry/REGISTRIES]: Registry minecraft:block: Fixed minecraft:block id mismatch create:small_diorite_brick_wall: 1732 (init) -> 1733 (map).
[26Dec2025 18:17:01.020] [Render thread/DEBUG] [net.minecraftforge.registries.ForgeRegistry/REGISTRIES]: Registry minecraft:block: Fixed minecraft:block id mismatch create:small_diorite_bricks: 1729 (init) -> 1730 (map).
[26Dec2025 18:17:01.020] [Render thread/DEBUG] [net.minecraftforge.registries.ForgeRegistry/REGISTRIES]: Registry minecraft:block: Fixed minecraft:block id mismatch create:small_dripstone_brick_slab: 1785 (init) -> 1786 (map).
[26Dec2025 18:17:01.020] [Render thread/DEBUG] [net.minecraftforge.registries.ForgeRegistry/REGISTRIES]: Registry minecraft:block: Fixed minecraft:block id mismatch create:small_dripstone_brick_stairs: 1784 (init) -> 1785 (map).
[26Dec2025 18:17:01.020] [Render thread/DEBUG] [net.minecraftforge.registries.ForgeRegistry/REGISTRIES]: Registry minecraft:block: Fixed minecraft:block id mismatch create:small_dripstone_brick_wall: 1786 (init) -> 1787 (map).
[26Dec2025 18:17:01.020] [Render thread/DEBUG] [net.minecraftforge.registries.ForgeRegistry/REGISTRIES]: Registry minecraft:block: Fixed minecraft:block id mismatch create:small_dripstone_bricks: 1783 (init) -> 1784 (map).
[26Dec2025 18:17:01.020] [Render thread/DEBUG] [net.minecraftforge.registries.ForgeRegistry/REGISTRIES]: Registry minecraft:block: Fixed minecraft:block id mismatch create:small_granite_brick_slab: 1713 (init) -> 1714 (map).
[26Dec2025 18:17:01.020] [Render thread/DEBUG] [net.minecraftforge.registries.ForgeRegistry/REGISTRIES]: Registry minecraft:block: Fixed minecraft:block id mismatch create:small_granite_brick_stairs: 1712 (init) -> 1713 (map).
[26Dec2025 18:17:01.020] [Render thread/DEBUG] [net.minecraftforge.registries.ForgeRegistry/REGISTRIES]: Registry minecraft:block: Fixed minecraft:block id mismatch create:small_granite_brick_wall: 1714 (init) -> 1715 (map).
[26Dec2025 18:17:01.020] [Render thread/DEBUG] [net.minecraftforge.registries.ForgeRegistry/REGISTRIES]: Registry minecraft:block: Fixed minecraft:block id mismatch create:small_granite_bricks: 1711 (init) -> 1712 (map).
[26Dec2025 18:17:01.021] [Render thread/DEBUG] [net.minecraftforge.registries.ForgeRegistry/REGISTRIES]: Registry minecraft:block: Fixed minecraft:block id mismatch create:small_limestone_brick_slab: 1878 (init) -> 1879 (map).
[26Dec2025 18:17:01.021] [Render thread/DEBUG] [net.minecraftforge.registries.ForgeRegistry/REGISTRIES]: Registry minecraft:block: Fixed minecraft:block id mismatch create:small_limestone_brick_stairs: 1877 (init) -> 1878 (map).
[26Dec2025 18:17:01.021] [Render thread/DEBUG] [net.minecraftforge.registries.ForgeRegistry/REGISTRIES]: Registry minecraft:block: Fixed minecraft:block id mismatch create:small_limestone_brick_wall: 1879 (init) -> 1880 (map).
[26Dec2025 18:17:01.021] [Render thread/DEBUG] [net.minecraftforge.registries.ForgeRegistry/REGISTRIES]: Registry minecraft:block: Fixed minecraft:block id mismatch create:small_limestone_bricks: 1876 (init) -> 1877 (map).
[26Dec2025 18:17:01.021] [Render thread/DEBUG] [net.minecraftforge.registries.ForgeRegistry/REGISTRIES]: Registry minecraft:block: Fixed minecraft:block id mismatch create:small_ochrum_brick_slab: 1897 (init) -> 1898 (map).
[26Dec2025 18:17:01.021] [Render thread/DEBUG] [net.minecraftforge.registries.ForgeRegistry/REGISTRIES]: Registry minecraft:block: Fixed minecraft:block id mismatch create:small_ochrum_brick_stairs: 1896 (init) -> 1897 (map).
[26Dec2025 18:17:01.021] [Render thread/DEBUG] [net.minecraftforge.registries.ForgeRegistry/REGISTRIES]: Registry minecraft:block: Fixed minecraft:block id mismatch create:small_ochrum_brick_wall: 1898 (init) -> 1899 (map).
[26Dec2025 18:17:01.021] [Render thread/DEBUG] [net.minecraftforge.registries.ForgeRegistry/REGISTRIES]: Registry minecraft:block: Fixed minecraft:block id mismatch create:small_ochrum_bricks: 1895 (init) -> 1896 (map).
[26Dec2025 18:17:01.021] [Render thread/DEBUG] [net.minecraftforge.registries.ForgeRegistry/REGISTRIES]: Registry minecraft:block: Fixed minecraft:block id mismatch create:small_rose_quartz_tiles: 1612 (init) -> 1613 (map).
[26Dec2025 18:17:01.021] [Render thread/DEBUG] [net.minecraftforge.registries.ForgeRegistry/REGISTRIES]: Registry minecraft:block: Fixed minecraft:block id mismatch create:small_scorchia_brick_slab: 1935 (init) -> 1936 (map).
[26Dec2025 18:17:01.021] [Render thread/DEBUG] [net.minecraftforge.registries.ForgeRegistry/REGISTRIES]: Registry minecraft:block: Fixed minecraft:block id mismatch create:small_scorchia_brick_stairs: 1934 (init) -> 1935 (map).
[26Dec2025 18:17:01.021] [Render thread/DEBUG] [net.minecraftforge.registries.ForgeRegistry/REGISTRIES]: Registry minecraft:block: Fixed minecraft:block id mismatch create:small_scorchia_brick_wall: 1936 (init) -> 1937 (map).
[26Dec2025 18:17:01.021] [Render thread/DEBUG] [net.minecraftforge.registries.ForgeRegistry/REGISTRIES]: Registry minecraft:block: Fixed minecraft:block id mismatch create:small_scorchia_bricks: 1933 (init) -> 1934 (map).
[26Dec2025 18:17:01.021] [Render thread/DEBUG] [net.minecraftforge.registries.ForgeRegistry/REGISTRIES]: Registry minecraft:block: Fixed minecraft:block id mismatch create:small_scoria_brick_slab: 1916 (init) -> 1917 (map).
[26Dec2025 18:17:01.021] [Render thread/DEBUG] [net.minecraftforge.registries.ForgeRegistry/REGISTRIES]: Registry minecraft:block: Fixed minecraft:block id mismatch create:small_scoria_brick_stairs: 1915 (init) -> 1916 (map).
[26Dec2025 18:17:01.021] [Render thread/DEBUG] [net.minecraftforge.registries.ForgeRegistry/REGISTRIES]: Registry minecraft:block: Fixed minecraft:block id mismatch create:small_scoria_brick_wall: 1917 (init) -> 1918 (map).
[26Dec2025 18:17:01.021] [Render thread/DEBUG] [net.minecraftforge.registries.ForgeRegistry/REGISTRIES]: Registry minecraft:block: Fixed minecraft:block id mismatch create:small_scoria_bricks: 1914 (init) -> 1915 (map).
[26Dec2025 18:17:01.021] [Render thread/DEBUG] [net.minecraftforge.registries.ForgeRegistry/REGISTRIES]: Registry minecraft:block: Fixed minecraft:block id mismatch create:small_tuff_brick_slab: 1821 (init) -> 1822 (map).
[26Dec2025 18:17:01.021] [Render thread/DEBUG] [net.minecraftforge.registries.ForgeRegistry/REGISTRIES]: Registry minecraft:block: Fixed minecraft:block id mismatch create:small_tuff_brick_stairs: 1820 (init) -> 1821 (map).
[26Dec2025 18:17:01.021] [Render thread/DEBUG] [net.minecraftforge.registries.ForgeRegistry/REGISTRIES]: Registry minecraft:block: Fixed minecraft:block id mismatch create:small_tuff_brick_wall: 1822 (init) -> 1823 (map).
[26Dec2025 18:17:01.021] [Render thread/DEBUG] [net.minecraftforge.registries.ForgeRegistry/REGISTRIES]: Registry minecraft:block: Fixed minecraft:block id mismatch create:small_tuff_bricks: 1819 (init) -> 1820 (map).
[26Dec2025 18:17:01.021] [Render thread/DEBUG] [net.minecraftforge.registries.ForgeRegistry/REGISTRIES]: Registry minecraft:block: Fixed minecraft:block id mismatch create:small_veridium_brick_slab: 1954 (init) -> 1955 (map).
[26Dec2025 18:17:01.021] [Render thread/DEBUG] [net.minecraftforge.registries.ForgeRegistry/REGISTRIES]: Registry minecraft:block: Fixed minecraft:block id mismatch create:small_veridium_brick_stairs: 1953 (init) -> 1954 (map).
[26Dec2025 18:17:01.021] [Render thread/DEBUG] [net.minecraftforge.registries.ForgeRegistry/REGISTRIES]: Registry minecraft:block: Fixed minecraft:block id mismatch create:small_veridium_brick_wall: 1955 (init) -> 1956 (map).
[26Dec2025 18:17:01.021] [Render thread/DEBUG] [net.minecraftforge.registries.ForgeRegistry/REGISTRIES]: Registry minecraft:block: Fixed minecraft:block id mismatch create:small_veridium_bricks: 1952 (init) -> 1953 (map).
[26Dec2025 18:17:01.021] [Render thread/DEBUG] [net.minecraftforge.registries.ForgeRegistry/REGISTRIES]: Registry minecraft:block: Fixed minecraft:block id mismatch create:smart_chute: 1354 (init) -> 1355 (map).
[26Dec2025 18:17:01.021] [Render thread/DEBUG] [net.minecraftforge.registries.ForgeRegistry/REGISTRIES]: Registry minecraft:block: Fixed minecraft:block id mismatch create:smart_fluid_pipe: 1363 (init) -> 1364 (map).
[26Dec2025 18:17:01.021] [Render thread/DEBUG] [net.minecraftforge.registries.ForgeRegistry/REGISTRIES]: Registry minecraft:block: Fixed minecraft:block id mismatch create:speedometer: 1355 (init) -> 1356 (map).
[26Dec2025 18:17:01.021] [Render thread/DEBUG] [net.minecraftforge.registries.ForgeRegistry/REGISTRIES]: Registry minecraft:block: Fixed minecraft:block id mismatch create:spout: 1386 (init) -> 1387 (map).
[26Dec2025 18:17:01.021] [Render thread/DEBUG] [net.minecraftforge.registries.ForgeRegistry/REGISTRIES]: Registry minecraft:block: Fixed minecraft:block id mismatch create:spruce_window: 1672 (init) -> 1673 (map).
[26Dec2025 18:17:01.021] [Render thread/DEBUG] [net.minecraftforge.registries.ForgeRegistry/REGISTRIES]: Registry minecraft:block: Fixed minecraft:block id mismatch create:spruce_window_pane: 1686 (init) -> 1687 (map).
[26Dec2025 18:17:01.021] [Render thread/DEBUG] [net.minecraftforge.registries.ForgeRegistry/REGISTRIES]: Registry minecraft:block: Fixed minecraft:block id mismatch create:steam_engine: 1388 (init) -> 1389 (map).
[26Dec2025 18:17:01.021] [Render thread/DEBUG] [net.minecraftforge.registries.ForgeRegistry/REGISTRIES]: Registry minecraft:block: Fixed minecraft:block id mismatch create:steam_whistle: 1389 (init) -> 1390 (map).
[26Dec2025 18:17:01.021] [Render thread/DEBUG] [net.minecraftforge.registries.ForgeRegistry/REGISTRIES]: Registry minecraft:block: Fixed minecraft:block id mismatch create:steam_whistle_extension: 1390 (init) -> 1391 (map).
[26Dec2025 18:17:01.021] [Render thread/DEBUG] [net.minecraftforge.registries.ForgeRegistry/REGISTRIES]: Registry minecraft:block: Fixed minecraft:block id mismatch create:sticker: 1411 (init) -> 1412 (map).
[26Dec2025 18:17:01.021] [Render thread/DEBUG] [net.minecraftforge.registries.ForgeRegistry/REGISTRIES]: Registry minecraft:block: Fixed minecraft:block id mismatch create:sticky_mechanical_piston: 1393 (init) -> 1394 (map).
[26Dec2025 18:17:01.021] [Render thread/DEBUG] [net.minecraftforge.registries.ForgeRegistry/REGISTRIES]: Registry minecraft:block: Fixed minecraft:block id mismatch create:stock_link: 1488 (init) -> 1489 (map).
[26Dec2025 18:17:01.021] [Render thread/DEBUG] [net.minecraftforge.registries.ForgeRegistry/REGISTRIES]: Registry minecraft:block: Fixed minecraft:block id mismatch create:stock_ticker: 1489 (init) -> 1490 (map).
[26Dec2025 18:17:01.021] [Render thread/DEBUG] [net.minecraftforge.registries.ForgeRegistry/REGISTRIES]: Registry minecraft:block: Fixed minecraft:block id mismatch create:stockpile_switch: 1465 (init) -> 1466 (map).
[26Dec2025 18:17:01.021] [Render thread/DEBUG] [net.minecraftforge.registries.ForgeRegistry/REGISTRIES]: Registry minecraft:block: Fixed minecraft:block id mismatch create:stressometer: 1356 (init) -> 1357 (map).
[26Dec2025 18:17:01.021] [Render thread/DEBUG] [net.minecraftforge.registries.ForgeRegistry/REGISTRIES]: Registry minecraft:block: Fixed minecraft:block id mismatch create:tiled_glass: 1663 (init) -> 1664 (map).
[26Dec2025 18:17:01.021] [Render thread/DEBUG] [net.minecraftforge.registries.ForgeRegistry/REGISTRIES]: Registry minecraft:block: Fixed minecraft:block id mismatch create:tiled_glass_pane: 1667 (init) -> 1668 (map).
[26Dec2025 18:17:01.021] [Render thread/DEBUG] [net.minecraftforge.registries.ForgeRegistry/REGISTRIES]: Registry minecraft:block: Fixed minecraft:block id mismatch create:track: 1449 (init) -> 1450 (map).
[26Dec2025 18:17:01.021] [Render thread/DEBUG] [net.minecraftforge.registries.ForgeRegistry/REGISTRIES]: Registry minecraft:block: Fixed minecraft:block id mismatch create:track_observer: 1454 (init) -> 1455 (map).
[26Dec2025 18:17:01.021] [Render thread/DEBUG] [net.minecraftforge.registries.ForgeRegistry/REGISTRIES]: Registry minecraft:block: Fixed minecraft:block id mismatch create:track_signal: 1453 (init) -> 1454 (map).
[26Dec2025 18:17:01.021] [Render thread/DEBUG] [net.minecraftforge.registries.ForgeRegistry/REGISTRIES]: Registry minecraft:block: Fixed minecraft:block id mismatch create:track_station: 1452 (init) -> 1453 (map).
[26Dec2025 18:17:01.022] [Render thread/DEBUG] [net.minecraftforge.registries.ForgeRegistry/REGISTRIES]: Registry minecraft:block: Fixed minecraft:block id mismatch create:train_door: 1595 (init) -> 1596 (map).
[26Dec2025 18:17:01.022] [Render thread/DEBUG] [net.minecraftforge.registries.ForgeRegistry/REGISTRIES]: Registry minecraft:block: Fixed minecraft:block id mismatch create:train_trapdoor: 1596 (init) -> 1597 (map).
[26Dec2025 18:17:01.022] [Render thread/DEBUG] [net.minecraftforge.registries.ForgeRegistry/REGISTRIES]: Registry minecraft:block: Fixed minecraft:block id mismatch create:tuff_pillar: 1824 (init) -> 1825 (map).
[26Dec2025 18:17:01.022] [Render thread/DEBUG] [net.minecraftforge.registries.ForgeRegistry/REGISTRIES]: Registry minecraft:block: Fixed minecraft:block id mismatch create:turntable: 1339 (init) -> 1340 (map).
[26Dec2025 18:17:01.022] [Render thread/DEBUG] [net.minecraftforge.registries.ForgeRegistry/REGISTRIES]: Registry minecraft:block: Fixed minecraft:block id mismatch create:veridium: 1939 (init) -> 1940 (map).
[26Dec2025 18:17:01.022] [Render thread/DEBUG] [net.minecraftforge.registries.ForgeRegistry/REGISTRIES]: Registry minecraft:block: Fixed minecraft:block id mismatch create:veridium_pillar: 1957 (init) -> 1958 (map).
[26Dec2025 18:17:01.022] [Render thread/DEBUG] [net.minecraftforge.registries.ForgeRegistry/REGISTRIES]: Registry minecraft:block: Fixed minecraft:block id mismatch create:vertical_framed_glass: 1666 (init) -> 1667 (map).
[26Dec2025 18:17:01.022] [Render thread/DEBUG] [net.minecraftforge.registries.ForgeRegistry/REGISTRIES]: Registry minecraft:block: Fixed minecraft:block id mismatch create:vertical_framed_glass_pane: 1670 (init) -> 1671 (map).
[26Dec2025 18:17:01.022] [Render thread/DEBUG] [net.minecraftforge.registries.ForgeRegistry/REGISTRIES]: Registry minecraft:block: Fixed minecraft:block id mismatch create:warped_window: 1679 (init) -> 1680 (map).
[26Dec2025 18:17:01.022] [Render thread/DEBUG] [net.minecraftforge.registries.ForgeRegistry/REGISTRIES]: Registry minecraft:block: Fixed minecraft:block id mismatch create:warped_window_pane: 1693 (init) -> 1694 (map).
[26Dec2025 18:17:01.022] [Render thread/DEBUG] [net.minecraftforge.registries.ForgeRegistry/REGISTRIES]: Registry minecraft:block: Fixed minecraft:block id mismatch create:water_wheel: 1334 (init) -> 1335 (map).
[26Dec2025 18:17:01.022] [Render thread/DEBUG] [net.minecraftforge.registries.ForgeRegistry/REGISTRIES]: Registry minecraft:block: Fixed minecraft:block id mismatch create:water_wheel_structure: 1336 (init) -> 1337 (map).
[26Dec2025 18:17:01.022] [Render thread/DEBUG] [net.minecraftforge.registries.ForgeRegistry/REGISTRIES]: Registry minecraft:block: Fixed minecraft:block id mismatch create:waxed_copper_shingle_slab: 1629 (init) -> 1630 (map).
[26Dec2025 18:17:01.022] [Render thread/DEBUG] [net.minecraftforge.registries.ForgeRegistry/REGISTRIES]: Registry minecraft:block: Fixed minecraft:block id mismatch create:waxed_copper_shingle_stairs: 1633 (init) -> 1634 (map).
[26Dec2025 18:17:01.022] [Render thread/DEBUG] [net.minecraftforge.registries.ForgeRegistry/REGISTRIES]: Registry minecraft:block: Fixed minecraft:block id mismatch create:waxed_copper_shingles: 1625 (init) -> 1626 (map).
[26Dec2025 18:17:01.022] [Render thread/DEBUG] [net.minecraftforge.registries.ForgeRegistry/REGISTRIES]: Registry minecraft:block: Fixed minecraft:block id mismatch create:waxed_copper_tile_slab: 1653 (init) -> 1654 (map).
[26Dec2025 18:17:01.022] [Render thread/DEBUG] [net.minecraftforge.registries.ForgeRegistry/REGISTRIES]: Registry minecraft:block: Fixed minecraft:block id mismatch create:waxed_copper_tile_stairs: 1657 (init) -> 1658 (map).
[26Dec2025 18:17:01.022] [Render thread/DEBUG] [net.minecraftforge.registries.ForgeRegistry/REGISTRIES]: Registry minecraft:block: Fixed minecraft:block id mismatch create:waxed_copper_tiles: 1649 (init) -> 1650 (map).
[26Dec2025 18:17:01.022] [Render thread/DEBUG] [net.minecraftforge.registries.ForgeRegistry/REGISTRIES]: Registry minecraft:block: Fixed minecraft:block id mismatch create:waxed_exposed_copper_shingle_slab: 1630 (init) -> 1631 (map).
[26Dec2025 18:17:01.022] [Render thread/DEBUG] [net.minecraftforge.registries.ForgeRegistry/REGISTRIES]: Registry minecraft:block: Fixed minecraft:block id mismatch create:waxed_exposed_copper_shingle_stairs: 1634 (init) -> 1635 (map).
[26Dec2025 18:17:01.022] [Render thread/DEBUG] [net.minecraftforge.registries.ForgeRegistry/REGISTRIES]: Registry minecraft:block: Fixed minecraft:block id mismatch create:waxed_exposed_copper_shingles: 1626 (init) -> 1627 (map).
[26Dec2025 18:17:01.022] [Render thread/DEBUG] [net.minecraftforge.registries.ForgeRegistry/REGISTRIES]: Registry minecraft:block: Fixed minecraft:block id mismatch create:waxed_exposed_copper_tile_slab: 1654 (init) -> 1655 (map).
[26Dec2025 18:17:01.022] [Render thread/DEBUG] [net.minecraftforge.registries.ForgeRegistry/REGISTRIES]: Registry minecraft:block: Fixed minecraft:block id mismatch create:waxed_exposed_copper_tile_stairs: 1658 (init) -> 1659 (map).
[26Dec2025 18:17:01.022] [Render thread/DEBUG] [net.minecraftforge.registries.ForgeRegistry/REGISTRIES]: Registry minecraft:block: Fixed minecraft:block id mismatch create:waxed_exposed_copper_tiles: 1650 (init) -> 1651 (map).
[26Dec2025 18:17:01.022] [Render thread/DEBUG] [net.minecraftforge.registries.ForgeRegistry/REGISTRIES]: Registry minecraft:block: Fixed minecraft:block id mismatch create:waxed_oxidized_copper_shingle_slab: 1632 (init) -> 1633 (map).
[26Dec2025 18:17:01.022] [Render thread/DEBUG] [net.minecraftforge.registries.ForgeRegistry/REGISTRIES]: Registry minecraft:block: Fixed minecraft:block id mismatch create:waxed_oxidized_copper_shingle_stairs: 1636 (init) -> 1637 (map).
[26Dec2025 18:17:01.022] [Render thread/DEBUG] [net.minecraftforge.registries.ForgeRegistry/REGISTRIES]: Registry minecraft:block: Fixed minecraft:block id mismatch create:waxed_oxidized_copper_shingles: 1628 (init) -> 1629 (map).
[26Dec2025 18:17:01.022] [Render thread/DEBUG] [net.minecraftforge.registries.ForgeRegistry/REGISTRIES]: Registry minecraft:block: Fixed minecraft:block id mismatch create:waxed_oxidized_copper_tile_slab: 1656 (init) -> 1657 (map).
[26Dec2025 18:17:01.022] [Render thread/DEBUG] [net.minecraftforge.registries.ForgeRegistry/REGISTRIES]: Registry minecraft:block: Fixed minecraft:block id mismatch create:waxed_oxidized_copper_tile_stairs: 1660 (init) -> 1661 (map).
[26Dec2025 18:17:01.022] [Render thread/DEBUG] [net.minecraftforge.registries.ForgeRegistry/REGISTRIES]: Registry minecraft:block: Fixed minecraft:block id mismatch create:waxed_oxidized_copper_tiles: 1652 (init) -> 1653 (map).
[26Dec2025 18:17:01.022] [Render thread/DEBUG] [net.minecraftforge.registries.ForgeRegistry/REGISTRIES]: Registry minecraft:block: Fixed minecraft:block id mismatch create:waxed_weathered_copper_shingle_slab: 1631 (init) -> 1632 (map).
[26Dec2025 18:17:01.022] [Render thread/DEBUG] [net.minecraftforge.registries.ForgeRegistry/REGISTRIES]: Registry minecraft:block: Fixed minecraft:block id mismatch create:waxed_weathered_copper_shingle_stairs: 1635 (init) -> 1636 (map).
[26Dec2025 18:17:01.022] [Render thread/DEBUG] [net.minecraftforge.registries.ForgeRegistry/REGISTRIES]: Registry minecraft:block: Fixed minecraft:block id mismatch create:waxed_weathered_copper_shingles: 1627 (init) -> 1628 (map).
[26Dec2025 18:17:01.022] [Render thread/DEBUG] [net.minecraftforge.registries.ForgeRegistry/REGISTRIES]: Registry minecraft:block: Fixed minecraft:block id mismatch create:waxed_weathered_copper_tile_slab: 1655 (init) -> 1656 (map).
[26Dec2025 18:17:01.022] [Render thread/DEBUG] [net.minecraftforge.registries.ForgeRegistry/REGISTRIES]: Registry minecraft:block: Fixed minecraft:block id mismatch create:waxed_weathered_copper_tile_stairs: 1659 (init) -> 1660 (map).
[26Dec2025 18:17:01.023] [Render thread/DEBUG] [net.minecraftforge.registries.ForgeRegistry/REGISTRIES]: Registry minecraft:block: Fixed minecraft:block id mismatch create:waxed_weathered_copper_tiles: 1651 (init) -> 1652 (map).
[26Dec2025 18:17:01.023] [Render thread/DEBUG] [net.minecraftforge.registries.ForgeRegistry/REGISTRIES]: Registry minecraft:block: Fixed minecraft:block id mismatch create:weathered_copper_shingle_slab: 1619 (init) -> 1620 (map).
[26Dec2025 18:17:01.023] [Render thread/DEBUG] [net.minecraftforge.registries.ForgeRegistry/REGISTRIES]: Registry minecraft:block: Fixed minecraft:block id mismatch create:weathered_copper_shingle_stairs: 1623 (init) -> 1624 (map).
[26Dec2025 18:17:01.023] [Render thread/DEBUG] [net.minecraftforge.registries.ForgeRegistry/REGISTRIES]: Registry minecraft:block: Fixed minecraft:block id mismatch create:weathered_copper_shingles: 1615 (init) -> 1616 (map).
[26Dec2025 18:17:01.023] [Render thread/DEBUG] [net.minecraftforge.registries.ForgeRegistry/REGISTRIES]: Registry minecraft:block: Fixed minecraft:block id mismatch create:weathered_copper_tile_slab: 1643 (init) -> 1644 (map).
[26Dec2025 18:17:01.023] [Render thread/DEBUG] [net.minecraftforge.registries.ForgeRegistry/REGISTRIES]: Registry minecraft:block: Fixed minecraft:block id mismatch create:weathered_copper_tile_stairs: 1647 (init) -> 1648 (map).
[26Dec2025 18:17:01.023] [Render thread/DEBUG] [net.minecraftforge.registries.ForgeRegistry/REGISTRIES]: Registry minecraft:block: Fixed minecraft:block id mismatch create:weathered_copper_tiles: 1639 (init) -> 1640 (map).
[26Dec2025 18:17:01.023] [Render thread/DEBUG] [net.minecraftforge.registries.ForgeRegistry/REGISTRIES]: Registry minecraft:block: Fixed minecraft:block id mismatch create:weathered_iron_block: 1605 (init) -> 1606 (map).
[26Dec2025 18:17:01.023] [Render thread/DEBUG] [net.minecraftforge.registries.ForgeRegistry/REGISTRIES]: Registry minecraft:block: Fixed minecraft:block id mismatch create:weathered_iron_window: 1684 (init) -> 1685 (map).
[26Dec2025 18:17:01.023] [Render thread/DEBUG] [net.minecraftforge.registries.ForgeRegistry/REGISTRIES]: Registry minecraft:block: Fixed minecraft:block id mismatch create:weathered_iron_window_pane: 1698 (init) -> 1699 (map).
[26Dec2025 18:17:01.023] [Render thread/DEBUG] [net.minecraftforge.registries.ForgeRegistry/REGISTRIES]: Registry minecraft:block: Fixed minecraft:block id mismatch create:weighted_ejector: 1352 (init) -> 1353 (map).
[26Dec2025 18:17:01.023] [Render thread/DEBUG] [net.minecraftforge.registries.ForgeRegistry/REGISTRIES]: Registry minecraft:block: Fixed minecraft:block id mismatch create:white_nixie_tube: 1514 (init) -> 1515 (map).
[26Dec2025 18:17:01.023] [Render thread/DEBUG] [net.minecraftforge.registries.ForgeRegistry/REGISTRIES]: Registry minecraft:block: Fixed minecraft:block id mismatch create:white_postbox: 1472 (init) -> 1473 (map).
[26Dec2025 18:17:01.023] [Render thread/DEBUG] [net.minecraftforge.registries.ForgeRegistry/REGISTRIES]: Registry minecraft:block: Fixed minecraft:block id mismatch create:white_sail: 1423 (init) -> 1424 (map).
[26Dec2025 18:17:01.023] [Render thread/DEBUG] [net.minecraftforge.registries.ForgeRegistry/REGISTRIES]: Registry minecraft:block: Fixed minecraft:block id mismatch create:white_seat: 1576 (init) -> 1577 (map).
[26Dec2025 18:17:01.023] [Render thread/DEBUG] [net.minecraftforge.registries.ForgeRegistry/REGISTRIES]: Registry minecraft:block: Fixed minecraft:block id mismatch create:white_table_cloth: 1492 (init) -> 1493 (map).
[26Dec2025 18:17:01.023] [Render thread/DEBUG] [net.minecraftforge.registries.ForgeRegistry/REGISTRIES]: Registry minecraft:block: Fixed minecraft:block id mismatch create:white_toolbox: 1544 (init) -> 1545 (map).
[26Dec2025 18:17:01.023] [Render thread/DEBUG] [net.minecraftforge.registries.ForgeRegistry/REGISTRIES]: Registry minecraft:block: Fixed minecraft:block id mismatch create:white_valve_handle: 1366 (init) -> 1367 (map).
[26Dec2025 18:17:01.023] [Render thread/DEBUG] [net.minecraftforge.registries.ForgeRegistry/REGISTRIES]: Registry minecraft:block: Fixed minecraft:block id mismatch create:windmill_bearing: 1398 (init) -> 1399 (map).
[26Dec2025 18:17:01.023] [Render thread/DEBUG] [net.minecraftforge.registries.ForgeRegistry/REGISTRIES]: Registry minecraft:block: Fixed minecraft:block id mismatch create:wooden_bracket: 1357 (init) -> 1358 (map).
[26Dec2025 18:17:01.023] [Render thread/DEBUG] [net.minecraftforge.registries.ForgeRegistry/REGISTRIES]: Registry minecraft:block: Fixed minecraft:block id mismatch create:yellow_nixie_tube: 1517 (init) -> 1518 (map).
[26Dec2025 18:17:01.023] [Render thread/DEBUG] [net.minecraftforge.registries.ForgeRegistry/REGISTRIES]: Registry minecraft:block: Fixed minecraft:block id mismatch create:yellow_postbox: 1476 (init) -> 1477 (map).
[26Dec2025 18:17:01.023] [Render thread/DEBUG] [net.minecraftforge.registries.ForgeRegistry/REGISTRIES]: Registry minecraft:block: Fixed minecraft:block id mismatch create:yellow_sail: 1427 (init) -> 1428 (map).
[26Dec2025 18:17:01.023] [Render thread/DEBUG] [net.minecraftforge.registries.ForgeRegistry/REGISTRIES]: Registry minecraft:block: Fixed minecraft:block id mismatch create:yellow_seat: 1580 (init) -> 1581 (map).
[26Dec2025 18:17:01.023] [Render thread/DEBUG] [net.minecraftforge.registries.ForgeRegistry/REGISTRIES]: Registry minecraft:block: Fixed minecraft:block id mismatch create:yellow_table_cloth: 1496 (init) -> 1497 (map).
[26Dec2025 18:17:01.023] [Render thread/DEBUG] [net.minecraftforge.registries.ForgeRegistry/REGISTRIES]: Registry minecraft:block: Fixed minecraft:block id mismatch create:yellow_toolbox: 1548 (init) -> 1549 (map).
[26Dec2025 18:17:01.023] [Render thread/DEBUG] [net.minecraftforge.registries.ForgeRegistry/REGISTRIES]: Registry minecraft:block: Fixed minecraft:block id mismatch create:yellow_valve_handle: 1370 (init) -> 1371 (map).
[26Dec2025 18:17:01.023] [Render thread/DEBUG] [net.minecraftforge.registries.ForgeRegistry/REGISTRIES]: Registry minecraft:block: Fixed minecraft:block id mismatch create:zinc_block: 1602 (init) -> 1603 (map).
[26Dec2025 18:17:01.023] [Render thread/DEBUG] [net.minecraftforge.registries.ForgeRegistry/REGISTRIES]: Registry minecraft:block: Fixed minecraft:block id mismatch create:zinc_ore: 1599 (init) -> 1600 (map).
[26Dec2025 18:17:01.023] [Render thread/DEBUG] [net.minecraftforge.registries.ForgeRegistry/REGISTRIES]: Registry minecraft:block: Fixed minecraft:block id mismatch create_dd:2_blade_fan: 1221 (init) -> 1222 (map).
[26Dec2025 18:17:01.023] [Render thread/DEBUG] [net.minecraftforge.registries.ForgeRegistry/REGISTRIES]: Registry minecraft:block: Fixed minecraft:block id mismatch create_dd:4_blade_fan: 1222 (init) -> 1223 (map).
[26Dec2025 18:17:01.023] [Render thread/DEBUG] [net.minecraftforge.registries.ForgeRegistry/REGISTRIES]: Registry minecraft:block: Fixed minecraft:block id mismatch create_dd:8_blade_fan: 1223 (init) -> 1224 (map).
[26Dec2025 18:17:01.023] [Render thread/DEBUG] [net.minecraftforge.registries.ForgeRegistry/REGISTRIES]: Registry minecraft:block: Fixed minecraft:block id mismatch create_dd:accelerator_motor: 1054 (init) -> 1055 (map).
[26Dec2025 18:17:01.023] [Render thread/DEBUG] [net.minecraftforge.registries.ForgeRegistry/REGISTRIES]: Registry minecraft:block: Fixed minecraft:block id mismatch create_dd:aethersite: 1239 (init) -> 1240 (map).
[26Dec2025 18:17:01.023] [Render thread/DEBUG] [net.minecraftforge.registries.ForgeRegistry/REGISTRIES]: Registry minecraft:block: Fixed minecraft:block id mismatch create_dd:aethersite_asphalt_block: 1168 (init) -> 1169 (map).
[26Dec2025 18:17:01.023] [Render thread/DEBUG] [net.minecraftforge.registries.ForgeRegistry/REGISTRIES]: Registry minecraft:block: Fixed minecraft:block id mismatch create_dd:aethersite_mossy_bricks: 1186 (init) -> 1187 (map).
[26Dec2025 18:17:01.023] [Render thread/DEBUG] [net.minecraftforge.registries.ForgeRegistry/REGISTRIES]: Registry minecraft:block: Fixed minecraft:block id mismatch create_dd:aethersite_pillar: 1257 (init) -> 1258 (map).
[26Dec2025 18:17:01.023] [Render thread/DEBUG] [net.minecraftforge.registries.ForgeRegistry/REGISTRIES]: Registry minecraft:block: Fixed minecraft:block id mismatch create_dd:andesite_alloy_polished_block: 1210 (init) -> 1211 (map).
[26Dec2025 18:17:01.023] [Render thread/DEBUG] [net.minecraftforge.registries.ForgeRegistry/REGISTRIES]: Registry minecraft:block: Fixed minecraft:block id mismatch create_dd:andesite_alloy_polished_slab: 1212 (init) -> 1213 (map).
[26Dec2025 18:17:01.023] [Render thread/DEBUG] [net.minecraftforge.registries.ForgeRegistry/REGISTRIES]: Registry minecraft:block: Fixed minecraft:block id mismatch create_dd:andesite_alloy_polished_stairs: 1211 (init) -> 1212 (map).
[26Dec2025 18:17:01.024] [Render thread/DEBUG] [net.minecraftforge.registries.ForgeRegistry/REGISTRIES]: Registry minecraft:block: Fixed minecraft:block id mismatch create_dd:andesite_alloy_tiled_block: 1213 (init) -> 1214 (map).
[26Dec2025 18:17:01.024] [Render thread/DEBUG] [net.minecraftforge.registries.ForgeRegistry/REGISTRIES]: Registry minecraft:block: Fixed minecraft:block id mismatch create_dd:andesite_alloy_tiled_slab: 1215 (init) -> 1216 (map).
[26Dec2025 18:17:01.024] [Render thread/DEBUG] [net.minecraftforge.registries.ForgeRegistry/REGISTRIES]: Registry minecraft:block: Fixed minecraft:block id mismatch create_dd:andesite_alloy_tiled_stairs: 1214 (init) -> 1215 (map).
[26Dec2025 18:17:01.024] [Render thread/DEBUG] [net.minecraftforge.registries.ForgeRegistry/REGISTRIES]: Registry minecraft:block: Fixed minecraft:block id mismatch create_dd:andesite_asphalt_block: 1156 (init) -> 1157 (map).
[26Dec2025 18:17:01.024] [Render thread/DEBUG] [net.minecraftforge.registries.ForgeRegistry/REGISTRIES]: Registry minecraft:block: Fixed minecraft:block id mismatch create_dd:andesite_mossy_bricks: 1174 (init) -> 1175 (map).
[26Dec2025 18:17:01.024] [Render thread/DEBUG] [net.minecraftforge.registries.ForgeRegistry/REGISTRIES]: Registry minecraft:block: Fixed minecraft:block id mismatch create_dd:asphalt_block: 1151 (init) -> 1152 (map).
[26Dec2025 18:17:01.024] [Render thread/DEBUG] [net.minecraftforge.registries.ForgeRegistry/REGISTRIES]: Registry minecraft:block: Fixed minecraft:block id mismatch create_dd:asurine_asphalt_block: 1157 (init) -> 1158 (map).
[26Dec2025 18:17:01.024] [Render thread/DEBUG] [net.minecraftforge.registries.ForgeRegistry/REGISTRIES]: Registry minecraft:block: Fixed minecraft:block id mismatch create_dd:asurine_cobble: 1217 (init) -> 1218 (map).
[26Dec2025 18:17:01.024] [Render thread/DEBUG] [net.minecraftforge.registries.ForgeRegistry/REGISTRIES]: Registry minecraft:block: Fixed minecraft:block id mismatch create_dd:asurine_mossy_bricks: 1175 (init) -> 1176 (map).
[26Dec2025 18:17:01.024] [Render thread/DEBUG] [net.minecraftforge.registries.ForgeRegistry/REGISTRIES]: Registry minecraft:block: Fixed minecraft:block id mismatch create_dd:blasting_sail: 1059 (init) -> 1060 (map).
[26Dec2025 18:17:01.024] [Render thread/DEBUG] [net.minecraftforge.registries.ForgeRegistry/REGISTRIES]: Registry minecraft:block: Fixed minecraft:block id mismatch create_dd:blaze_gold_block: 1019 (init) -> 1020 (map).
[26Dec2025 18:17:01.024] [Render thread/DEBUG] [net.minecraftforge.registries.ForgeRegistry/REGISTRIES]: Registry minecraft:block: Fixed minecraft:block id mismatch create_dd:blaze_gold_casing: 1037 (init) -> 1038 (map).
[26Dec2025 18:17:01.024] [Render thread/DEBUG] [net.minecraftforge.registries.ForgeRegistry/REGISTRIES]: Registry minecraft:block: Fixed minecraft:block id mismatch create_dd:blaze_gold_scaffolding: 1077 (init) -> 1078 (map).
[26Dec2025 18:17:01.024] [Render thread/DEBUG] [net.minecraftforge.registries.ForgeRegistry/REGISTRIES]: Registry minecraft:block: Fixed minecraft:block id mismatch create_dd:blueprint_block: 1094 (init) -> 1095 (map).
[26Dec2025 18:17:01.024] [Render thread/DEBUG] [net.minecraftforge.registries.ForgeRegistry/REGISTRIES]: Registry minecraft:block: Fixed minecraft:block id mismatch create_dd:blueprint_carpet: 1095 (init) -> 1096 (map).
[26Dec2025 18:17:01.024] [Render thread/DEBUG] [net.minecraftforge.registries.ForgeRegistry/REGISTRIES]: Registry minecraft:block: Fixed minecraft:block id mismatch create_dd:brick_casing: 1027 (init) -> 1028 (map).
[26Dec2025 18:17:01.024] [Render thread/DEBUG] [net.minecraftforge.registries.ForgeRegistry/REGISTRIES]: Registry minecraft:block: Fixed minecraft:block id mismatch create_dd:bronze_block: 1005 (init) -> 1006 (map).
[26Dec2025 18:17:01.024] [Render thread/DEBUG] [net.minecraftforge.registries.ForgeRegistry/REGISTRIES]: Registry minecraft:block: Fixed minecraft:block id mismatch create_dd:bronze_casing: 1023 (init) -> 1024 (map).
[26Dec2025 18:17:01.024] [Render thread/DEBUG] [net.minecraftforge.registries.ForgeRegistry/REGISTRIES]: Registry minecraft:block: Fixed minecraft:block id mismatch create_dd:bronze_drill: 1045 (init) -> 1046 (map).
[26Dec2025 18:17:01.024] [Render thread/DEBUG] [net.minecraftforge.registries.ForgeRegistry/REGISTRIES]: Registry minecraft:block: Fixed minecraft:block id mismatch create_dd:bronze_polished_block: 1192 (init) -> 1193 (map).
[26Dec2025 18:17:01.024] [Render thread/DEBUG] [net.minecraftforge.registries.ForgeRegistry/REGISTRIES]: Registry minecraft:block: Fixed minecraft:block id mismatch create_dd:bronze_polished_slab: 1194 (init) -> 1195 (map).
[26Dec2025 18:17:01.024] [Render thread/DEBUG] [net.minecraftforge.registries.ForgeRegistry/REGISTRIES]: Registry minecraft:block: Fixed minecraft:block id mismatch create_dd:bronze_polished_stairs: 1193 (init) -> 1194 (map).
[26Dec2025 18:17:01.024] [Render thread/DEBUG] [net.minecraftforge.registries.ForgeRegistry/REGISTRIES]: Registry minecraft:block: Fixed minecraft:block id mismatch create_dd:bronze_saw: 1044 (init) -> 1045 (map).
[26Dec2025 18:17:01.024] [Render thread/DEBUG] [net.minecraftforge.registries.ForgeRegistry/REGISTRIES]: Registry minecraft:block: Fixed minecraft:block id mismatch create_dd:bronze_scaffolding: 1072 (init) -> 1073 (map).
[26Dec2025 18:17:01.024] [Render thread/DEBUG] [net.minecraftforge.registries.ForgeRegistry/REGISTRIES]: Registry minecraft:block: Fixed minecraft:block id mismatch create_dd:bronze_tiled_block: 1195 (init) -> 1196 (map).
[26Dec2025 18:17:01.024] [Render thread/DEBUG] [net.minecraftforge.registries.ForgeRegistry/REGISTRIES]: Registry minecraft:block: Fixed minecraft:block id mismatch create_dd:bronze_tiled_slab: 1197 (init) -> 1198 (map).
[26Dec2025 18:17:01.024] [Render thread/DEBUG] [net.minecraftforge.registries.ForgeRegistry/REGISTRIES]: Registry minecraft:block: Fixed minecraft:block id mismatch create_dd:bronze_tiled_stairs: 1196 (init) -> 1197 (map).
[26Dec2025 18:17:01.024] [Render thread/DEBUG] [net.minecraftforge.registries.ForgeRegistry/REGISTRIES]: Registry minecraft:block: Fixed minecraft:block id mismatch create_dd:calcite_asphalt_block: 1158 (init) -> 1159 (map).
[26Dec2025 18:17:01.024] [Render thread/DEBUG] [net.minecraftforge.registries.ForgeRegistry/REGISTRIES]: Registry minecraft:block: Fixed minecraft:block id mismatch create_dd:calcite_mossy_bricks: 1176 (init) -> 1177 (map).
[26Dec2025 18:17:01.024] [Render thread/DEBUG] [net.minecraftforge.registries.ForgeRegistry/REGISTRIES]: Registry minecraft:block: Fixed minecraft:block id mismatch create_dd:caramel: 1232 (init) -> 1233 (map).
[26Dec2025 18:17:01.024] [Render thread/DEBUG] [net.minecraftforge.registries.ForgeRegistry/REGISTRIES]: Registry minecraft:block: Fixed minecraft:block id mismatch create_dd:caramel_milkshake: 1233 (init) -> 1234 (map).
[26Dec2025 18:17:01.024] [Render thread/DEBUG] [net.minecraftforge.registries.ForgeRegistry/REGISTRIES]: Registry minecraft:block: Fixed minecraft:block id mismatch create_dd:chocolate_milkshake: 1235 (init) -> 1236 (map).
[26Dec2025 18:17:01.024] [Render thread/DEBUG] [net.minecraftforge.registries.ForgeRegistry/REGISTRIES]: Registry minecraft:block: Fixed minecraft:block id mismatch create_dd:chromatic_block: 1015 (init) -> 1016 (map).
[26Dec2025 18:17:01.024] [Render thread/DEBUG] [net.minecraftforge.registries.ForgeRegistry/REGISTRIES]: Registry minecraft:block: Fixed minecraft:block id mismatch create_dd:chromatic_waste: 1236 (init) -> 1237 (map).
[26Dec2025 18:17:01.024] [Render thread/DEBUG] [net.minecraftforge.registries.ForgeRegistry/REGISTRIES]: Registry minecraft:block: Fixed minecraft:block id mismatch create_dd:cog_crank: 1055 (init) -> 1056 (map).
[26Dec2025 18:17:01.024] [Render thread/DEBUG] [net.minecraftforge.registries.ForgeRegistry/REGISTRIES]: Registry minecraft:block: Fixed minecraft:block id mismatch create_dd:condense_milk: 1224 (init) -> 1225 (map).
[26Dec2025 18:17:01.024] [Render thread/DEBUG] [net.minecraftforge.registries.ForgeRegistry/REGISTRIES]: Registry minecraft:block: Fixed minecraft:block id mismatch create_dd:copycat_block: 1080 (init) -> 1081 (map).
[26Dec2025 18:17:01.025] [Render thread/DEBUG] [net.minecraftforge.registries.ForgeRegistry/REGISTRIES]: Registry minecraft:block: Fixed minecraft:block id mismatch create_dd:copycat_slab: 1081 (init) -> 1082 (map).
[26Dec2025 18:17:01.025] [Render thread/DEBUG] [net.minecraftforge.registries.ForgeRegistry/REGISTRIES]: Registry minecraft:block: Fixed minecraft:block id mismatch create_dd:cream: 1225 (init) -> 1226 (map).
[26Dec2025 18:17:01.025] [Render thread/DEBUG] [net.minecraftforge.registries.ForgeRegistry/REGISTRIES]: Registry minecraft:block: Fixed minecraft:block id mismatch create_dd:crimsite_asphalt_block: 1159 (init) -> 1160 (map).
[26Dec2025 18:17:01.025] [Render thread/DEBUG] [net.minecraftforge.registries.ForgeRegistry/REGISTRIES]: Registry minecraft:block: Fixed minecraft:block id mismatch create_dd:crimsite_cobble: 1218 (init) -> 1219 (map).
[26Dec2025 18:17:01.025] [Render thread/DEBUG] [net.minecraftforge.registries.ForgeRegistry/REGISTRIES]: Registry minecraft:block: Fixed minecraft:block id mismatch create_dd:crimsite_mossy_bricks: 1177 (init) -> 1178 (map).
[26Dec2025 18:17:01.025] [Render thread/DEBUG] [net.minecraftforge.registries.ForgeRegistry/REGISTRIES]: Registry minecraft:block: Fixed minecraft:block id mismatch create_dd:cut_aethersite: 1240 (init) -> 1241 (map).
[26Dec2025 18:17:01.025] [Render thread/DEBUG] [net.minecraftforge.registries.ForgeRegistry/REGISTRIES]: Registry minecraft:block: Fixed minecraft:block id mismatch create_dd:cut_aethersite_brick_slab: 1250 (init) -> 1251 (map).
[26Dec2025 18:17:01.025] [Render thread/DEBUG] [net.minecraftforge.registries.ForgeRegistry/REGISTRIES]: Registry minecraft:block: Fixed minecraft:block id mismatch create_dd:cut_aethersite_brick_stairs: 1249 (init) -> 1250 (map).
[26Dec2025 18:17:01.025] [Render thread/DEBUG] [net.minecraftforge.registries.ForgeRegistry/REGISTRIES]: Registry minecraft:block: Fixed minecraft:block id mismatch create_dd:cut_aethersite_brick_wall: 1251 (init) -> 1252 (map).
[26Dec2025 18:17:01.025] [Render thread/DEBUG] [net.minecraftforge.registries.ForgeRegistry/REGISTRIES]: Registry minecraft:block: Fixed minecraft:block id mismatch create_dd:cut_aethersite_bricks: 1248 (init) -> 1249 (map).
[26Dec2025 18:17:01.025] [Render thread/DEBUG] [net.minecraftforge.registries.ForgeRegistry/REGISTRIES]: Registry minecraft:block: Fixed minecraft:block id mismatch create_dd:cut_aethersite_slab: 1242 (init) -> 1243 (map).
[26Dec2025 18:17:01.025] [Render thread/DEBUG] [net.minecraftforge.registries.ForgeRegistry/REGISTRIES]: Registry minecraft:block: Fixed minecraft:block id mismatch create_dd:cut_aethersite_stairs: 1241 (init) -> 1242 (map).
[26Dec2025 18:17:01.025] [Render thread/DEBUG] [net.minecraftforge.registries.ForgeRegistry/REGISTRIES]: Registry minecraft:block: Fixed minecraft:block id mismatch create_dd:cut_aethersite_wall: 1243 (init) -> 1244 (map).
[26Dec2025 18:17:01.025] [Render thread/DEBUG] [net.minecraftforge.registries.ForgeRegistry/REGISTRIES]: Registry minecraft:block: Fixed minecraft:block id mismatch create_dd:cut_gabbro: 1297 (init) -> 1298 (map).
[26Dec2025 18:17:01.025] [Render thread/DEBUG] [net.minecraftforge.registries.ForgeRegistry/REGISTRIES]: Registry minecraft:block: Fixed minecraft:block id mismatch create_dd:cut_gabbro_brick_slab: 1307 (init) -> 1308 (map).
[26Dec2025 18:17:01.025] [Render thread/DEBUG] [net.minecraftforge.registries.ForgeRegistry/REGISTRIES]: Registry minecraft:block: Fixed minecraft:block id mismatch create_dd:cut_gabbro_brick_stairs: 1306 (init) -> 1307 (map).
[26Dec2025 18:17:01.025] [Render thread/DEBUG] [net.minecraftforge.registries.ForgeRegistry/REGISTRIES]: Registry minecraft:block: Fixed minecraft:block id mismatch create_dd:cut_gabbro_brick_wall: 1308 (init) -> 1309 (map).
[26Dec2025 18:17:01.025] [Render thread/DEBUG] [net.minecraftforge.registries.ForgeRegistry/REGISTRIES]: Registry minecraft:block: Fixed minecraft:block id mismatch create_dd:cut_gabbro_bricks: 1305 (init) -> 1306 (map).
[26Dec2025 18:17:01.025] [Render thread/DEBUG] [net.minecraftforge.registries.ForgeRegistry/REGISTRIES]: Registry minecraft:block: Fixed minecraft:block id mismatch create_dd:cut_gabbro_slab: 1299 (init) -> 1300 (map).
[26Dec2025 18:17:01.025] [Render thread/DEBUG] [net.minecraftforge.registries.ForgeRegistry/REGISTRIES]: Registry minecraft:block: Fixed minecraft:block id mismatch create_dd:cut_gabbro_stairs: 1298 (init) -> 1299 (map).
[26Dec2025 18:17:01.025] [Render thread/DEBUG] [net.minecraftforge.registries.ForgeRegistry/REGISTRIES]: Registry minecraft:block: Fixed minecraft:block id mismatch create_dd:cut_gabbro_wall: 1300 (init) -> 1301 (map).
[26Dec2025 18:17:01.025] [Render thread/DEBUG] [net.minecraftforge.registries.ForgeRegistry/REGISTRIES]: Registry minecraft:block: Fixed minecraft:block id mismatch create_dd:cut_potassic: 1259 (init) -> 1260 (map).
[26Dec2025 18:17:01.025] [Render thread/DEBUG] [net.minecraftforge.registries.ForgeRegistry/REGISTRIES]: Registry minecraft:block: Fixed minecraft:block id mismatch create_dd:cut_potassic_brick_slab: 1269 (init) -> 1270 (map).
[26Dec2025 18:17:01.025] [Render thread/DEBUG] [net.minecraftforge.registries.ForgeRegistry/REGISTRIES]: Registry minecraft:block: Fixed minecraft:block id mismatch create_dd:cut_potassic_brick_stairs: 1268 (init) -> 1269 (map).
[26Dec2025 18:17:01.025] [Render thread/DEBUG] [net.minecraftforge.registries.ForgeRegistry/REGISTRIES]: Registry minecraft:block: Fixed minecraft:block id mismatch create_dd:cut_potassic_brick_wall: 1270 (init) -> 1271 (map).
[26Dec2025 18:17:01.025] [Render thread/DEBUG] [net.minecraftforge.registries.ForgeRegistry/REGISTRIES]: Registry minecraft:block: Fixed minecraft:block id mismatch create_dd:cut_potassic_bricks: 1267 (init) -> 1268 (map).
[26Dec2025 18:17:01.025] [Render thread/DEBUG] [net.minecraftforge.registries.ForgeRegistry/REGISTRIES]: Registry minecraft:block: Fixed minecraft:block id mismatch create_dd:cut_potassic_slab: 1261 (init) -> 1262 (map).
[26Dec2025 18:17:01.025] [Render thread/DEBUG] [net.minecraftforge.registries.ForgeRegistry/REGISTRIES]: Registry minecraft:block: Fixed minecraft:block id mismatch create_dd:cut_potassic_stairs: 1260 (init) -> 1261 (map).
[26Dec2025 18:17:01.025] [Render thread/DEBUG] [net.minecraftforge.registries.ForgeRegistry/REGISTRIES]: Registry minecraft:block: Fixed minecraft:block id mismatch create_dd:cut_potassic_wall: 1262 (init) -> 1263 (map).
[26Dec2025 18:17:01.025] [Render thread/DEBUG] [net.minecraftforge.registries.ForgeRegistry/REGISTRIES]: Registry minecraft:block: Fixed minecraft:block id mismatch create_dd:cut_weathered_limestone: 1278 (init) -> 1279 (map).
[26Dec2025 18:17:01.025] [Render thread/DEBUG] [net.minecraftforge.registries.ForgeRegistry/REGISTRIES]: Registry minecraft:block: Fixed minecraft:block id mismatch create_dd:cut_weathered_limestone_brick_slab: 1288 (init) -> 1289 (map).
[26Dec2025 18:17:01.025] [Render thread/DEBUG] [net.minecraftforge.registries.ForgeRegistry/REGISTRIES]: Registry minecraft:block: Fixed minecraft:block id mismatch create_dd:cut_weathered_limestone_brick_stairs: 1287 (init) -> 1288 (map).
[26Dec2025 18:17:01.025] [Render thread/DEBUG] [net.minecraftforge.registries.ForgeRegistry/REGISTRIES]: Registry minecraft:block: Fixed minecraft:block id mismatch create_dd:cut_weathered_limestone_brick_wall: 1289 (init) -> 1290 (map).
[26Dec2025 18:17:01.025] [Render thread/DEBUG] [net.minecraftforge.registries.ForgeRegistry/REGISTRIES]: Registry minecraft:block: Fixed minecraft:block id mismatch create_dd:cut_weathered_limestone_bricks: 1286 (init) -> 1287 (map).
[26Dec2025 18:17:01.025] [Render thread/DEBUG] [net.minecraftforge.registries.ForgeRegistry/REGISTRIES]: Registry minecraft:block: Fixed minecraft:block id mismatch create_dd:cut_weathered_limestone_slab: 1280 (init) -> 1281 (map).
[26Dec2025 18:17:01.025] [Render thread/DEBUG] [net.minecraftforge.registries.ForgeRegistry/REGISTRIES]: Registry minecraft:block: Fixed minecraft:block id mismatch create_dd:cut_weathered_limestone_stairs: 1279 (init) -> 1280 (map).
[26Dec2025 18:17:01.025] [Render thread/DEBUG] [net.minecraftforge.registries.ForgeRegistry/REGISTRIES]: Registry minecraft:block: Fixed minecraft:block id mismatch create_dd:cut_weathered_limestone_wall: 1281 (init) -> 1282 (map).
[26Dec2025 18:17:01.025] [Render thread/DEBUG] [net.minecraftforge.registries.ForgeRegistry/REGISTRIES]: Registry minecraft:block: Fixed minecraft:block id mismatch create_dd:deepslate_asphalt_block: 1160 (init) -> 1161 (map).
[26Dec2025 18:17:01.025] [Render thread/DEBUG] [net.minecraftforge.registries.ForgeRegistry/REGISTRIES]: Registry minecraft:block: Fixed minecraft:block id mismatch create_dd:deepslate_mossy_bricks: 1178 (init) -> 1179 (map).
[26Dec2025 18:17:01.025] [Render thread/DEBUG] [net.minecraftforge.registries.ForgeRegistry/REGISTRIES]: Registry minecraft:block: Fixed minecraft:block id mismatch create_dd:deepslate_tin_ore: 1009 (init) -> 1010 (map).
[26Dec2025 18:17:01.025] [Render thread/DEBUG] [net.minecraftforge.registries.ForgeRegistry/REGISTRIES]: Registry minecraft:block: Fixed minecraft:block id mismatch create_dd:diorite_asphalt_block: 1161 (init) -> 1162 (map).
[26Dec2025 18:17:01.026] [Render thread/DEBUG] [net.minecraftforge.registries.ForgeRegistry/REGISTRIES]: Registry minecraft:block: Fixed minecraft:block id mismatch create_dd:diorite_mossy_bricks: 1179 (init) -> 1180 (map).
[26Dec2025 18:17:01.026] [Render thread/DEBUG] [net.minecraftforge.registries.ForgeRegistry/REGISTRIES]: Registry minecraft:block: Fixed minecraft:block id mismatch create_dd:dripstone_asphalt_block: 1162 (init) -> 1163 (map).
[26Dec2025 18:17:01.026] [Render thread/DEBUG] [net.minecraftforge.registries.ForgeRegistry/REGISTRIES]: Registry minecraft:block: Fixed minecraft:block id mismatch create_dd:dripstone_mossy_bricks: 1180 (init) -> 1181 (map).
[26Dec2025 18:17:01.026] [Render thread/DEBUG] [net.minecraftforge.registries.ForgeRegistry/REGISTRIES]: Registry minecraft:block: Fixed minecraft:block id mismatch create_dd:ember_alloy_block: 1014 (init) -> 1015 (map).
[26Dec2025 18:17:01.026] [Render thread/DEBUG] [net.minecraftforge.registries.ForgeRegistry/REGISTRIES]: Registry minecraft:block: Fixed minecraft:block id mismatch create_dd:flywheel: 1048 (init) -> 1049 (map).
[26Dec2025 18:17:01.026] [Render thread/DEBUG] [net.minecraftforge.registries.ForgeRegistry/REGISTRIES]: Registry minecraft:block: Fixed minecraft:block id mismatch create_dd:framed_split_glass: 1090 (init) -> 1091 (map).
[26Dec2025 18:17:01.026] [Render thread/DEBUG] [net.minecraftforge.registries.ForgeRegistry/REGISTRIES]: Registry minecraft:block: Fixed minecraft:block id mismatch create_dd:framed_split_glass_pane: 1091 (init) -> 1092 (map).
[26Dec2025 18:17:01.026] [Render thread/DEBUG] [net.minecraftforge.registries.ForgeRegistry/REGISTRIES]: Registry minecraft:block: Fixed minecraft:block id mismatch create_dd:freezing_sail: 1061 (init) -> 1062 (map).
[26Dec2025 18:17:01.026] [Render thread/DEBUG] [net.minecraftforge.registries.ForgeRegistry/REGISTRIES]: Registry minecraft:block: Fixed minecraft:block id mismatch create_dd:furnace_engine: 1047 (init) -> 1048 (map).
[26Dec2025 18:17:01.026] [Render thread/DEBUG] [net.minecraftforge.registries.ForgeRegistry/REGISTRIES]: Registry minecraft:block: Fixed minecraft:block id mismatch create_dd:gabbro: 1296 (init) -> 1297 (map).
[26Dec2025 18:17:01.026] [Render thread/DEBUG] [net.minecraftforge.registries.ForgeRegistry/REGISTRIES]: Registry minecraft:block: Fixed minecraft:block id mismatch create_dd:gabbro_asphalt_block: 1163 (init) -> 1164 (map).
[26Dec2025 18:17:01.026] [Render thread/DEBUG] [net.minecraftforge.registries.ForgeRegistry/REGISTRIES]: Registry minecraft:block: Fixed minecraft:block id mismatch create_dd:gabbro_mossy_bricks: 1181 (init) -> 1182 (map).
[26Dec2025 18:17:01.026] [Render thread/DEBUG] [net.minecraftforge.registries.ForgeRegistry/REGISTRIES]: Registry minecraft:block: Fixed minecraft:block id mismatch create_dd:gabbro_pillar: 1314 (init) -> 1315 (map).
[26Dec2025 18:17:01.026] [Render thread/DEBUG] [net.minecraftforge.registries.ForgeRegistry/REGISTRIES]: Registry minecraft:block: Fixed minecraft:block id mismatch create_dd:glowberry: 1230 (init) -> 1231 (map).
[26Dec2025 18:17:01.026] [Render thread/DEBUG] [net.minecraftforge.registries.ForgeRegistry/REGISTRIES]: Registry minecraft:block: Fixed minecraft:block id mismatch create_dd:glowberry_milkshake: 1231 (init) -> 1232 (map).
[26Dec2025 18:17:01.026] [Render thread/DEBUG] [net.minecraftforge.registries.ForgeRegistry/REGISTRIES]: Registry minecraft:block: Fixed minecraft:block id mismatch create_dd:granite_asphalt_block: 1164 (init) -> 1165 (map).
[26Dec2025 18:17:01.026] [Render thread/DEBUG] [net.minecraftforge.registries.ForgeRegistry/REGISTRIES]: Registry minecraft:block: Fixed minecraft:block id mismatch create_dd:granite_mossy_bricks: 1182 (init) -> 1183 (map).
[26Dec2025 18:17:01.026] [Render thread/DEBUG] [net.minecraftforge.registries.ForgeRegistry/REGISTRIES]: Registry minecraft:block: Fixed minecraft:block id mismatch create_dd:haunting_sail: 1057 (init) -> 1058 (map).
[26Dec2025 18:17:01.026] [Render thread/DEBUG] [net.minecraftforge.registries.ForgeRegistry/REGISTRIES]: Registry minecraft:block: Fixed minecraft:block id mismatch create_dd:hazard_block: 1152 (init) -> 1153 (map).
[26Dec2025 18:17:01.026] [Render thread/DEBUG] [net.minecraftforge.registries.ForgeRegistry/REGISTRIES]: Registry minecraft:block: Fixed minecraft:block id mismatch create_dd:hazard_block_r: 1154 (init) -> 1155 (map).
[26Dec2025 18:17:01.026] [Render thread/DEBUG] [net.minecraftforge.registries.ForgeRegistry/REGISTRIES]: Registry minecraft:block: Fixed minecraft:block id mismatch create_dd:horizontal_framed_split_glass: 1088 (init) -> 1089 (map).
[26Dec2025 18:17:01.026] [Render thread/DEBUG] [net.minecraftforge.registries.ForgeRegistry/REGISTRIES]: Registry minecraft:block: Fixed minecraft:block id mismatch create_dd:horizontal_framed_split_glass_pane: 1089 (init) -> 1090 (map).
[26Dec2025 18:17:01.026] [Render thread/DEBUG] [net.minecraftforge.registries.ForgeRegistry/REGISTRIES]: Registry minecraft:block: Fixed minecraft:block id mismatch create_dd:horizontal_hazard_block: 1153 (init) -> 1154 (map).
[26Dec2025 18:17:01.026] [Render thread/DEBUG] [net.minecraftforge.registries.ForgeRegistry/REGISTRIES]: Registry minecraft:block: Fixed minecraft:block id mismatch create_dd:horizontal_hazard_block_r: 1155 (init) -> 1156 (map).
[26Dec2025 18:17:01.026] [Render thread/DEBUG] [net.minecraftforge.registries.ForgeRegistry/REGISTRIES]: Registry minecraft:block: Fixed minecraft:block id mismatch create_dd:hot_chocolate: 1234 (init) -> 1235 (map).
[26Dec2025 18:17:01.026] [Render thread/DEBUG] [net.minecraftforge.registries.ForgeRegistry/REGISTRIES]: Registry minecraft:block: Fixed minecraft:block id mismatch create_dd:hydraulic_casing: 1030 (init) -> 1031 (map).
[26Dec2025 18:17:01.026] [Render thread/DEBUG] [net.minecraftforge.registries.ForgeRegistry/REGISTRIES]: Registry minecraft:block: Fixed minecraft:block id mismatch create_dd:hydraulic_press: 1052 (init) -> 1053 (map).
[26Dec2025 18:17:01.026] [Render thread/DEBUG] [net.minecraftforge.registries.ForgeRegistry/REGISTRIES]: Registry minecraft:block: Fixed minecraft:block id mismatch create_dd:hydraulic_scaffolding: 1065 (init) -> 1066 (map).
[26Dec2025 18:17:01.026] [Render thread/DEBUG] [net.minecraftforge.registries.ForgeRegistry/REGISTRIES]: Registry minecraft:block: Fixed minecraft:block id mismatch create_dd:industrial_casing: 1031 (init) -> 1032 (map).
[26Dec2025 18:17:01.026] [Render thread/DEBUG] [net.minecraftforge.registries.ForgeRegistry/REGISTRIES]: Registry minecraft:block: Fixed minecraft:block id mismatch create_dd:industrial_fan: 1046 (init) -> 1047 (map).
[26Dec2025 18:17:01.026] [Render thread/DEBUG] [net.minecraftforge.registries.ForgeRegistry/REGISTRIES]: Registry minecraft:block: Fixed minecraft:block id mismatch create_dd:industrial_iron_block: 1007 (init) -> 1008 (map).
[26Dec2025 18:17:01.026] [Render thread/DEBUG] [net.minecraftforge.registries.ForgeRegistry/REGISTRIES]: Registry minecraft:block: Fixed minecraft:block id mismatch create_dd:industrial_scaffolding: 1067 (init) -> 1068 (map).
[26Dec2025 18:17:01.026] [Render thread/DEBUG] [net.minecraftforge.registries.ForgeRegistry/REGISTRIES]: Registry minecraft:block: Fixed minecraft:block id mismatch create_dd:kinetic_motor: 1053 (init) -> 1054 (map).
[26Dec2025 18:17:01.026] [Render thread/DEBUG] [net.minecraftforge.registries.ForgeRegistry/REGISTRIES]: Registry minecraft:block: Fixed minecraft:block id mismatch create_dd:lapis_alloy_block: 1013 (init) -> 1014 (map).
[26Dec2025 18:17:01.026] [Render thread/DEBUG] [net.minecraftforge.registries.ForgeRegistry/REGISTRIES]: Registry minecraft:block: Fixed minecraft:block id mismatch create_dd:layered_aethersite: 1256 (init) -> 1257 (map).
[26Dec2025 18:17:01.026] [Render thread/DEBUG] [net.minecraftforge.registries.ForgeRegistry/REGISTRIES]: Registry minecraft:block: Fixed minecraft:block id mismatch create_dd:layered_gabbro: 1313 (init) -> 1314 (map).
[26Dec2025 18:17:01.026] [Render thread/DEBUG] [net.minecraftforge.registries.ForgeRegistry/REGISTRIES]: Registry minecraft:block: Fixed minecraft:block id mismatch create_dd:layered_potassic: 1275 (init) -> 1276 (map).
[26Dec2025 18:17:01.026] [Render thread/DEBUG] [net.minecraftforge.registries.ForgeRegistry/REGISTRIES]: Registry minecraft:block: Fixed minecraft:block id mismatch create_dd:layered_weathered_limestone: 1294 (init) -> 1295 (map).
[26Dec2025 18:17:01.027] [Render thread/DEBUG] [net.minecraftforge.registries.ForgeRegistry/REGISTRIES]: Registry minecraft:block: Fixed minecraft:block id mismatch create_dd:leather_block: 1012 (init) -> 1013 (map).
[26Dec2025 18:17:01.027] [Render thread/DEBUG] [net.minecraftforge.registries.ForgeRegistry/REGISTRIES]: Registry minecraft:block: Fixed minecraft:block id mismatch create_dd:limestone_asphalt_block: 1165 (init) -> 1166 (map).
[26Dec2025 18:17:01.027] [Render thread/DEBUG] [net.minecraftforge.registries.ForgeRegistry/REGISTRIES]: Registry minecraft:block: Fixed minecraft:block id mismatch create_dd:limestone_mossy_bricks: 1183 (init) -> 1184 (map).
[26Dec2025 18:17:01.027] [Render thread/DEBUG] [net.minecraftforge.registries.ForgeRegistry/REGISTRIES]: Registry minecraft:block: Fixed minecraft:block id mismatch create_dd:mithril_block: 1004 (init) -> 1005 (map).
[26Dec2025 18:17:01.027] [Render thread/DEBUG] [net.minecraftforge.registries.ForgeRegistry/REGISTRIES]: Registry minecraft:block: Fixed minecraft:block id mismatch create_dd:mithril_casing: 1022 (init) -> 1023 (map).
[26Dec2025 18:17:01.027] [Render thread/DEBUG] [net.minecraftforge.registries.ForgeRegistry/REGISTRIES]: Registry minecraft:block: Fixed minecraft:block id mismatch create_dd:mithril_scaffolding: 1068 (init) -> 1069 (map).
[26Dec2025 18:17:01.027] [Render thread/DEBUG] [net.minecraftforge.registries.ForgeRegistry/REGISTRIES]: Registry minecraft:block: Fixed minecraft:block id mismatch create_dd:mossy_andesite_alloy_block: 1021 (init) -> 1022 (map).
[26Dec2025 18:17:01.027] [Render thread/DEBUG] [net.minecraftforge.registries.ForgeRegistry/REGISTRIES]: Registry minecraft:block: Fixed minecraft:block id mismatch create_dd:mossy_andesite_casing: 1029 (init) -> 1030 (map).
[26Dec2025 18:17:01.027] [Render thread/DEBUG] [net.minecraftforge.registries.ForgeRegistry/REGISTRIES]: Registry minecraft:block: Fixed minecraft:block id mismatch create_dd:mossy_andesite_scaffolding: 1069 (init) -> 1070 (map).
[26Dec2025 18:17:01.027] [Render thread/DEBUG] [net.minecraftforge.registries.ForgeRegistry/REGISTRIES]: Registry minecraft:block: Fixed minecraft:block id mismatch create_dd:mysterious_blueprint_carpet: 1096 (init) -> 1097 (map).
[26Dec2025 18:17:01.027] [Render thread/DEBUG] [net.minecraftforge.registries.ForgeRegistry/REGISTRIES]: Registry minecraft:block: Fixed minecraft:block id mismatch create_dd:nether_brick_casing: 1028 (init) -> 1029 (map).
[26Dec2025 18:17:01.027] [Render thread/DEBUG] [net.minecraftforge.registries.ForgeRegistry/REGISTRIES]: Registry minecraft:block: Fixed minecraft:block id mismatch create_dd:netherite_casing: 1026 (init) -> 1027 (map).
[26Dec2025 18:17:01.027] [Render thread/DEBUG] [net.minecraftforge.registries.ForgeRegistry/REGISTRIES]: Registry minecraft:block: Fixed minecraft:block id mismatch create_dd:netherite_scaffolding: 1079 (init) -> 1080 (map).
[26Dec2025 18:17:01.027] [Render thread/DEBUG] [net.minecraftforge.registries.ForgeRegistry/REGISTRIES]: Registry minecraft:block: Fixed minecraft:block id mismatch create_dd:ochrum_asphalt_block: 1166 (init) -> 1167 (map).
[26Dec2025 18:17:01.027] [Render thread/DEBUG] [net.minecraftforge.registries.ForgeRegistry/REGISTRIES]: Registry minecraft:block: Fixed minecraft:block id mismatch create_dd:ochrum_cobble: 1219 (init) -> 1220 (map).
[26Dec2025 18:17:01.027] [Render thread/DEBUG] [net.minecraftforge.registries.ForgeRegistry/REGISTRIES]: Registry minecraft:block: Fixed minecraft:block id mismatch create_dd:ochrum_mossy_bricks: 1184 (init) -> 1185 (map).
[26Dec2025 18:17:01.027] [Render thread/DEBUG] [net.minecraftforge.registries.ForgeRegistry/REGISTRIES]: Registry minecraft:block: Fixed minecraft:block id mismatch create_dd:ornate_iron_glass: 1092 (init) -> 1093 (map).
[26Dec2025 18:17:01.027] [Render thread/DEBUG] [net.minecraftforge.registries.ForgeRegistry/REGISTRIES]: Registry minecraft:block: Fixed minecraft:block id mismatch create_dd:ornate_iron_glass_pane: 1093 (init) -> 1094 (map).
[26Dec2025 18:17:01.027] [Render thread/DEBUG] [net.minecraftforge.registries.ForgeRegistry/REGISTRIES]: Registry minecraft:block: Fixed minecraft:block id mismatch create_dd:overburden_casing: 1032 (init) -> 1033 (map).
[26Dec2025 18:17:01.027] [Render thread/DEBUG] [net.minecraftforge.registries.ForgeRegistry/REGISTRIES]: Registry minecraft:block: Fixed minecraft:block id mismatch create_dd:overburden_scaffolding: 1066 (init) -> 1067 (map).
[26Dec2025 18:17:01.027] [Render thread/DEBUG] [net.minecraftforge.registries.ForgeRegistry/REGISTRIES]: Registry minecraft:block: Fixed minecraft:block id mismatch create_dd:overcharged_alloy_block: 1018 (init) -> 1019 (map).
[26Dec2025 18:17:01.027] [Render thread/DEBUG] [net.minecraftforge.registries.ForgeRegistry/REGISTRIES]: Registry minecraft:block: Fixed minecraft:block id mismatch create_dd:overcharged_casing: 1036 (init) -> 1037 (map).
[26Dec2025 18:17:01.027] [Render thread/DEBUG] [net.minecraftforge.registries.ForgeRegistry/REGISTRIES]: Registry minecraft:block: Fixed minecraft:block id mismatch create_dd:overcharged_scaffolding: 1078 (init) -> 1079 (map).
[26Dec2025 18:17:01.027] [Render thread/DEBUG] [net.minecraftforge.registries.ForgeRegistry/REGISTRIES]: Registry minecraft:block: Fixed minecraft:block id mismatch create_dd:polished_cut_aethersite: 1244 (init) -> 1245 (map).
[26Dec2025 18:17:01.027] [Render thread/DEBUG] [net.minecraftforge.registries.ForgeRegistry/REGISTRIES]: Registry minecraft:block: Fixed minecraft:block id mismatch create_dd:polished_cut_aethersite_slab: 1246 (init) -> 1247 (map).
[26Dec2025 18:17:01.027] [Render thread/DEBUG] [net.minecraftforge.registries.ForgeRegistry/REGISTRIES]: Registry minecraft:block: Fixed minecraft:block id mismatch create_dd:polished_cut_aethersite_stairs: 1245 (init) -> 1246 (map).
[26Dec2025 18:17:01.027] [Render thread/DEBUG] [net.minecraftforge.registries.ForgeRegistry/REGISTRIES]: Registry minecraft:block: Fixed minecraft:block id mismatch create_dd:polished_cut_aethersite_wall: 1247 (init) -> 1248 (map).
[26Dec2025 18:17:01.027] [Render thread/DEBUG] [net.minecraftforge.registries.ForgeRegistry/REGISTRIES]: Registry minecraft:block: Fixed minecraft:block id mismatch create_dd:polished_cut_gabbro: 1301 (init) -> 1302 (map).
[26Dec2025 18:17:01.027] [Render thread/DEBUG] [net.minecraftforge.registries.ForgeRegistry/REGISTRIES]: Registry minecraft:block: Fixed minecraft:block id mismatch create_dd:polished_cut_gabbro_slab: 1303 (init) -> 1304 (map).
[26Dec2025 18:17:01.027] [Render thread/DEBUG] [net.minecraftforge.registries.ForgeRegistry/REGISTRIES]: Registry minecraft:block: Fixed minecraft:block id mismatch create_dd:polished_cut_gabbro_stairs: 1302 (init) -> 1303 (map).
[26Dec2025 18:17:01.027] [Render thread/DEBUG] [net.minecraftforge.registries.ForgeRegistry/REGISTRIES]: Registry minecraft:block: Fixed minecraft:block id mismatch create_dd:polished_cut_gabbro_wall: 1304 (init) -> 1305 (map).
[26Dec2025 18:17:01.027] [Render thread/DEBUG] [net.minecraftforge.registries.ForgeRegistry/REGISTRIES]: Registry minecraft:block: Fixed minecraft:block id mismatch create_dd:polished_cut_potassic: 1263 (init) -> 1264 (map).
[26Dec2025 18:17:01.027] [Render thread/DEBUG] [net.minecraftforge.registries.ForgeRegistry/REGISTRIES]: Registry minecraft:block: Fixed minecraft:block id mismatch create_dd:polished_cut_potassic_slab: 1265 (init) -> 1266 (map).
[26Dec2025 18:17:01.027] [Render thread/DEBUG] [net.minecraftforge.registries.ForgeRegistry/REGISTRIES]: Registry minecraft:block: Fixed minecraft:block id mismatch create_dd:polished_cut_potassic_stairs: 1264 (init) -> 1265 (map).
[26Dec2025 18:17:01.027] [Render thread/DEBUG] [net.minecraftforge.registries.ForgeRegistry/REGISTRIES]: Registry minecraft:block: Fixed minecraft:block id mismatch create_dd:polished_cut_potassic_wall: 1266 (init) -> 1267 (map).
[26Dec2025 18:17:01.028] [Render thread/DEBUG] [net.minecraftforge.registries.ForgeRegistry/REGISTRIES]: Registry minecraft:block: Fixed minecraft:block id mismatch create_dd:polished_cut_weathered_limestone: 1282 (init) -> 1283 (map).
[26Dec2025 18:17:01.028] [Render thread/DEBUG] [net.minecraftforge.registries.ForgeRegistry/REGISTRIES]: Registry minecraft:block: Fixed minecraft:block id mismatch create_dd:polished_cut_weathered_limestone_slab: 1284 (init) -> 1285 (map).
[26Dec2025 18:17:01.028] [Render thread/DEBUG] [net.minecraftforge.registries.ForgeRegistry/REGISTRIES]: Registry minecraft:block: Fixed minecraft:block id mismatch create_dd:polished_cut_weathered_limestone_stairs: 1283 (init) -> 1284 (map).
[26Dec2025 18:17:01.028] [Render thread/DEBUG] [net.minecraftforge.registries.ForgeRegistry/REGISTRIES]: Registry minecraft:block: Fixed minecraft:block id mismatch create_dd:polished_cut_weathered_limestone_wall: 1285 (init) -> 1286 (map).
[26Dec2025 18:17:01.028] [Render thread/DEBUG] [net.minecraftforge.registries.ForgeRegistry/REGISTRIES]: Registry minecraft:block: Fixed minecraft:block id mismatch create_dd:ponder_in_a_box: 1042 (init) -> 1043 (map).
[26Dec2025 18:17:01.028] [Render thread/DEBUG] [net.minecraftforge.registries.ForgeRegistry/REGISTRIES]: Registry minecraft:block: Fixed minecraft:block id mismatch create_dd:ponder_stone_generation: 1003 (init) -> 1004 (map).
[26Dec2025 18:17:01.028] [Render thread/DEBUG] [net.minecraftforge.registries.ForgeRegistry/REGISTRIES]: Registry minecraft:block: Fixed minecraft:block id mismatch create_dd:pondering_block_dark: 1041 (init) -> 1042 (map).
[26Dec2025 18:17:01.028] [Render thread/DEBUG] [net.minecraftforge.registries.ForgeRegistry/REGISTRIES]: Registry minecraft:block: Fixed minecraft:block id mismatch create_dd:pondering_block_light: 1040 (init) -> 1041 (map).
[26Dec2025 18:17:01.028] [Render thread/DEBUG] [net.minecraftforge.registries.ForgeRegistry/REGISTRIES]: Registry minecraft:block: Fixed minecraft:block id mismatch create_dd:potassic: 1258 (init) -> 1259 (map).
[26Dec2025 18:17:01.028] [Render thread/DEBUG] [net.minecraftforge.registries.ForgeRegistry/REGISTRIES]: Registry minecraft:block: Fixed minecraft:block id mismatch create_dd:potassic_asphalt_block: 1167 (init) -> 1168 (map).
[26Dec2025 18:17:01.028] [Render thread/DEBUG] [net.minecraftforge.registries.ForgeRegistry/REGISTRIES]: Registry minecraft:block: Fixed minecraft:block id mismatch create_dd:potassic_cobble: 1216 (init) -> 1217 (map).
[26Dec2025 18:17:01.028] [Render thread/DEBUG] [net.minecraftforge.registries.ForgeRegistry/REGISTRIES]: Registry minecraft:block: Fixed minecraft:block id mismatch create_dd:potassic_mossy_bricks: 1185 (init) -> 1186 (map).
[26Dec2025 18:17:01.028] [Render thread/DEBUG] [net.minecraftforge.registries.ForgeRegistry/REGISTRIES]: Registry minecraft:block: Fixed minecraft:block id mismatch create_dd:potassic_pillar: 1276 (init) -> 1277 (map).
[26Dec2025 18:17:01.028] [Render thread/DEBUG] [net.minecraftforge.registries.ForgeRegistry/REGISTRIES]: Registry minecraft:block: Fixed minecraft:block id mismatch create_dd:potato_turret: 1049 (init) -> 1050 (map).
[26Dec2025 18:17:01.028] [Render thread/DEBUG] [net.minecraftforge.registries.ForgeRegistry/REGISTRIES]: Registry minecraft:block: Fixed minecraft:block id mismatch create_dd:radiant_drill: 1050 (init) -> 1051 (map).
[26Dec2025 18:17:01.028] [Render thread/DEBUG] [net.minecraftforge.registries.ForgeRegistry/REGISTRIES]: Registry minecraft:block: Fixed minecraft:block id mismatch create_dd:raw_tin_block: 1011 (init) -> 1012 (map).
[26Dec2025 18:17:01.028] [Render thread/DEBUG] [net.minecraftforge.registries.ForgeRegistry/REGISTRIES]: Registry minecraft:block: Fixed minecraft:block id mismatch create_dd:refined_radiance_block: 1016 (init) -> 1017 (map).
[26Dec2025 18:17:01.028] [Render thread/DEBUG] [net.minecraftforge.registries.ForgeRegistry/REGISTRIES]: Registry minecraft:block: Fixed minecraft:block id mismatch create_dd:refined_radiance_casing: 1035 (init) -> 1036 (map).
[26Dec2025 18:17:01.028] [Render thread/DEBUG] [net.minecraftforge.registries.ForgeRegistry/REGISTRIES]: Registry minecraft:block: Fixed minecraft:block id mismatch create_dd:refined_radiance_scaffolding: 1075 (init) -> 1076 (map).
[26Dec2025 18:17:01.028] [Render thread/DEBUG] [net.minecraftforge.registries.ForgeRegistry/REGISTRIES]: Registry minecraft:block: Fixed minecraft:block id mismatch create_dd:reinforcement_plating: 1039 (init) -> 1040 (map).
[26Dec2025 18:17:01.028] [Render thread/DEBUG] [net.minecraftforge.registries.ForgeRegistry/REGISTRIES]: Registry minecraft:block: Fixed minecraft:block id mismatch create_dd:reversed_gearshift: 1043 (init) -> 1044 (map).
[26Dec2025 18:17:01.028] [Render thread/DEBUG] [net.minecraftforge.registries.ForgeRegistry/REGISTRIES]: Registry minecraft:block: Fixed minecraft:block id mismatch create_dd:rose_button: 1108 (init) -> 1109 (map).
[26Dec2025 18:17:01.028] [Render thread/DEBUG] [net.minecraftforge.registries.ForgeRegistry/REGISTRIES]: Registry minecraft:block: Fixed minecraft:block id mismatch create_dd:rose_door: 1106 (init) -> 1107 (map).
[26Dec2025 18:17:01.028] [Render thread/DEBUG] [net.minecraftforge.registries.ForgeRegistry/REGISTRIES]: Registry minecraft:block: Fixed minecraft:block id mismatch create_dd:rose_fence: 1104 (init) -> 1105 (map).
[26Dec2025 18:17:01.028] [Render thread/DEBUG] [net.minecraftforge.registries.ForgeRegistry/REGISTRIES]: Registry minecraft:block: Fixed minecraft:block id mismatch create_dd:rose_fence_gate: 1105 (init) -> 1106 (map).
[26Dec2025 18:17:01.028] [Render thread/DEBUG] [net.minecraftforge.registries.ForgeRegistry/REGISTRIES]: Registry minecraft:block: Fixed minecraft:block id mismatch create_dd:rose_log: 1097 (init) -> 1098 (map).
[26Dec2025 18:17:01.028] [Render thread/DEBUG] [net.minecraftforge.registries.ForgeRegistry/REGISTRIES]: Registry minecraft:block: Fixed minecraft:block id mismatch create_dd:rose_planks: 1101 (init) -> 1102 (map).
[26Dec2025 18:17:01.028] [Render thread/DEBUG] [net.minecraftforge.registries.ForgeRegistry/REGISTRIES]: Registry minecraft:block: Fixed minecraft:block id mismatch create_dd:rose_pressure_plate: 1109 (init) -> 1110 (map).
[26Dec2025 18:17:01.028] [Render thread/DEBUG] [net.minecraftforge.registries.ForgeRegistry/REGISTRIES]: Registry minecraft:block: Fixed minecraft:block id mismatch create_dd:rose_slab: 1102 (init) -> 1103 (map).
[26Dec2025 18:17:01.028] [Render thread/DEBUG] [net.minecraftforge.registries.ForgeRegistry/REGISTRIES]: Registry minecraft:block: Fixed minecraft:block id mismatch create_dd:rose_stairs: 1103 (init) -> 1104 (map).
[26Dec2025 18:17:01.028] [Render thread/DEBUG] [net.minecraftforge.registries.ForgeRegistry/REGISTRIES]: Registry minecraft:block: Fixed minecraft:block id mismatch create_dd:rose_trapdoor: 1107 (init) -> 1108 (map).
[26Dec2025 18:17:01.028] [Render thread/DEBUG] [net.minecraftforge.registries.ForgeRegistry/REGISTRIES]: Registry minecraft:block: Fixed minecraft:block id mismatch create_dd:rose_wood: 1099 (init) -> 1100 (map).
[26Dec2025 18:17:01.028] [Render thread/DEBUG] [net.minecraftforge.registries.ForgeRegistry/REGISTRIES]: Registry minecraft:block: Fixed minecraft:block id mismatch create_dd:rubber_button: 1149 (init) -> 1150 (map).
[26Dec2025 18:17:01.028] [Render thread/DEBUG] [net.minecraftforge.registries.ForgeRegistry/REGISTRIES]: Registry minecraft:block: Fixed minecraft:block id mismatch create_dd:rubber_door: 1147 (init) -> 1148 (map).
[26Dec2025 18:17:01.028] [Render thread/DEBUG] [net.minecraftforge.registries.ForgeRegistry/REGISTRIES]: Registry minecraft:block: Fixed minecraft:block id mismatch create_dd:rubber_fence: 1145 (init) -> 1146 (map).
[26Dec2025 18:17:01.028] [Render thread/DEBUG] [net.minecraftforge.registries.ForgeRegistry/REGISTRIES]: Registry minecraft:block: Fixed minecraft:block id mismatch create_dd:rubber_fence_gate: 1146 (init) -> 1147 (map).
[26Dec2025 18:17:01.028] [Render thread/DEBUG] [net.minecraftforge.registries.ForgeRegistry/REGISTRIES]: Registry minecraft:block: Fixed minecraft:block id mismatch create_dd:rubber_leaves: 1137 (init) -> 1138 (map).
[26Dec2025 18:17:01.028] [Render thread/DEBUG] [net.minecraftforge.registries.ForgeRegistry/REGISTRIES]: Registry minecraft:block: Fixed minecraft:block id mismatch create_dd:rubber_log: 1138 (init) -> 1139 (map).
[26Dec2025 18:17:01.028] [Render thread/DEBUG] [net.minecraftforge.registries.ForgeRegistry/REGISTRIES]: Registry minecraft:block: Fixed minecraft:block id mismatch create_dd:rubber_planks: 1142 (init) -> 1143 (map).
[26Dec2025 18:17:01.028] [Render thread/DEBUG] [net.minecraftforge.registries.ForgeRegistry/REGISTRIES]: Registry minecraft:block: Fixed minecraft:block id mismatch create_dd:rubber_pressure_plate: 1150 (init) -> 1151 (map).
[26Dec2025 18:17:01.028] [Render thread/DEBUG] [net.minecraftforge.registries.ForgeRegistry/REGISTRIES]: Registry minecraft:block: Fixed minecraft:block id mismatch create_dd:rubber_sapling: 1136 (init) -> 1137 (map).
[26Dec2025 18:17:01.028] [Render thread/DEBUG] [net.minecraftforge.registries.ForgeRegistry/REGISTRIES]: Registry minecraft:block: Fixed minecraft:block id mismatch create_dd:rubber_slab: 1143 (init) -> 1144 (map).
[26Dec2025 18:17:01.029] [Render thread/DEBUG] [net.minecraftforge.registries.ForgeRegistry/REGISTRIES]: Registry minecraft:block: Fixed minecraft:block id mismatch create_dd:rubber_stairs: 1144 (init) -> 1145 (map).
[26Dec2025 18:17:01.029] [Render thread/DEBUG] [net.minecraftforge.registries.ForgeRegistry/REGISTRIES]: Registry minecraft:block: Fixed minecraft:block id mismatch create_dd:rubber_trapdoor: 1148 (init) -> 1149 (map).
[26Dec2025 18:17:01.029] [Render thread/DEBUG] [net.minecraftforge.registries.ForgeRegistry/REGISTRIES]: Registry minecraft:block: Fixed minecraft:block id mismatch create_dd:rubber_wood: 1140 (init) -> 1141 (map).
[26Dec2025 18:17:01.029] [Render thread/DEBUG] [net.minecraftforge.registries.ForgeRegistry/REGISTRIES]: Registry minecraft:block: Fixed minecraft:block id mismatch create_dd:sap: 1237 (init) -> 1238 (map).
[26Dec2025 18:17:01.029] [Render thread/DEBUG] [net.minecraftforge.registries.ForgeRegistry/REGISTRIES]: Registry minecraft:block: Fixed minecraft:block id mismatch create_dd:scorchia_asphalt_block: 1169 (init) -> 1170 (map).
[26Dec2025 18:17:01.029] [Render thread/DEBUG] [net.minecraftforge.registries.ForgeRegistry/REGISTRIES]: Registry minecraft:block: Fixed minecraft:block id mismatch create_dd:scorchia_mossy_bricks: 1187 (init) -> 1188 (map).
[26Dec2025 18:17:01.029] [Render thread/DEBUG] [net.minecraftforge.registries.ForgeRegistry/REGISTRIES]: Registry minecraft:block: Fixed minecraft:block id mismatch create_dd:scoria_asphalt_block: 1170 (init) -> 1171 (map).
[26Dec2025 18:17:01.029] [Render thread/DEBUG] [net.minecraftforge.registries.ForgeRegistry/REGISTRIES]: Registry minecraft:block: Fixed minecraft:block id mismatch create_dd:scoria_mossy_bricks: 1188 (init) -> 1189 (map).
[26Dec2025 18:17:01.029] [Render thread/DEBUG] [net.minecraftforge.registries.ForgeRegistry/REGISTRIES]: Registry minecraft:block: Fixed minecraft:block id mismatch create_dd:secondary_adjustable_chain_gearshift: 1063 (init) -> 1064 (map).
[26Dec2025 18:17:01.029] [Render thread/DEBUG] [net.minecraftforge.registries.ForgeRegistry/REGISTRIES]: Registry minecraft:block: Fixed minecraft:block id mismatch create_dd:secondary_encased_chain_drive: 1062 (init) -> 1063 (map).
[26Dec2025 18:17:01.029] [Render thread/DEBUG] [net.minecraftforge.registries.ForgeRegistry/REGISTRIES]: Registry minecraft:block: Fixed minecraft:block id mismatch create_dd:shadow_drill: 1051 (init) -> 1052 (map).
[26Dec2025 18:17:01.029] [Render thread/DEBUG] [net.minecraftforge.registries.ForgeRegistry/REGISTRIES]: Registry minecraft:block: Fixed minecraft:block id mismatch create_dd:shadow_steel_block: 1017 (init) -> 1018 (map).
[26Dec2025 18:17:01.029] [Render thread/DEBUG] [net.minecraftforge.registries.ForgeRegistry/REGISTRIES]: Registry minecraft:block: Fixed minecraft:block id mismatch create_dd:shadow_steel_casing: 1034 (init) -> 1035 (map).
[26Dec2025 18:17:01.029] [Render thread/DEBUG] [net.minecraftforge.registries.ForgeRegistry/REGISTRIES]: Registry minecraft:block: Fixed minecraft:block id mismatch create_dd:shadow_steel_scaffolding: 1074 (init) -> 1075 (map).
[26Dec2025 18:17:01.029] [Render thread/DEBUG] [net.minecraftforge.registries.ForgeRegistry/REGISTRIES]: Registry minecraft:block: Fixed minecraft:block id mismatch create_dd:shimmer: 1238 (init) -> 1239 (map).
[26Dec2025 18:17:01.029] [Render thread/DEBUG] [net.minecraftforge.registries.ForgeRegistry/REGISTRIES]: Registry minecraft:block: Fixed minecraft:block id mismatch create_dd:small_aethersite_brick_slab: 1254 (init) -> 1255 (map).
[26Dec2025 18:17:01.029] [Render thread/DEBUG] [net.minecraftforge.registries.ForgeRegistry/REGISTRIES]: Registry minecraft:block: Fixed minecraft:block id mismatch create_dd:small_aethersite_brick_stairs: 1253 (init) -> 1254 (map).
[26Dec2025 18:17:01.029] [Render thread/DEBUG] [net.minecraftforge.registries.ForgeRegistry/REGISTRIES]: Registry minecraft:block: Fixed minecraft:block id mismatch create_dd:small_aethersite_brick_wall: 1255 (init) -> 1256 (map).
[26Dec2025 18:17:01.029] [Render thread/DEBUG] [net.minecraftforge.registries.ForgeRegistry/REGISTRIES]: Registry minecraft:block: Fixed minecraft:block id mismatch create_dd:small_aethersite_bricks: 1252 (init) -> 1253 (map).
[26Dec2025 18:17:01.029] [Render thread/DEBUG] [net.minecraftforge.registries.ForgeRegistry/REGISTRIES]: Registry minecraft:block: Fixed minecraft:block id mismatch create_dd:small_gabbro_brick_slab: 1311 (init) -> 1312 (map).
[26Dec2025 18:17:01.029] [Render thread/DEBUG] [net.minecraftforge.registries.ForgeRegistry/REGISTRIES]: Registry minecraft:block: Fixed minecraft:block id mismatch create_dd:small_gabbro_brick_stairs: 1310 (init) -> 1311 (map).
[26Dec2025 18:17:01.029] [Render thread/DEBUG] [net.minecraftforge.registries.ForgeRegistry/REGISTRIES]: Registry minecraft:block: Fixed minecraft:block id mismatch create_dd:small_gabbro_brick_wall: 1312 (init) -> 1313 (map).
[26Dec2025 18:17:01.029] [Render thread/DEBUG] [net.minecraftforge.registries.ForgeRegistry/REGISTRIES]: Registry minecraft:block: Fixed minecraft:block id mismatch create_dd:small_gabbro_bricks: 1309 (init) -> 1310 (map).
[26Dec2025 18:17:01.029] [Render thread/DEBUG] [net.minecraftforge.registries.ForgeRegistry/REGISTRIES]: Registry minecraft:block: Fixed minecraft:block id mismatch create_dd:small_potassic_brick_slab: 1273 (init) -> 1274 (map).
[26Dec2025 18:17:01.029] [Render thread/DEBUG] [net.minecraftforge.registries.ForgeRegistry/REGISTRIES]: Registry minecraft:block: Fixed minecraft:block id mismatch create_dd:small_potassic_brick_stairs: 1272 (init) -> 1273 (map).
[26Dec2025 18:17:01.029] [Render thread/DEBUG] [net.minecraftforge.registries.ForgeRegistry/REGISTRIES]: Registry minecraft:block: Fixed minecraft:block id mismatch create_dd:small_potassic_brick_wall: 1274 (init) -> 1275 (map).
[26Dec2025 18:17:01.029] [Render thread/DEBUG] [net.minecraftforge.registries.ForgeRegistry/REGISTRIES]: Registry minecraft:block: Fixed minecraft:block id mismatch create_dd:small_potassic_bricks: 1271 (init) -> 1272 (map).
[26Dec2025 18:17:01.029] [Render thread/DEBUG] [net.minecraftforge.registries.ForgeRegistry/REGISTRIES]: Registry minecraft:block: Fixed minecraft:block id mismatch create_dd:small_spectral_ruby_tiles: 1085 (init) -> 1086 (map).
[26Dec2025 18:17:01.029] [Render thread/DEBUG] [net.minecraftforge.registries.ForgeRegistry/REGISTRIES]: Registry minecraft:block: Fixed minecraft:block id mismatch create_dd:small_weathered_limestone_brick_slab: 1292 (init) -> 1293 (map).
[26Dec2025 18:17:01.029] [Render thread/DEBUG] [net.minecraftforge.registries.ForgeRegistry/REGISTRIES]: Registry minecraft:block: Fixed minecraft:block id mismatch create_dd:small_weathered_limestone_brick_stairs: 1291 (init) -> 1292 (map).
[26Dec2025 18:17:01.029] [Render thread/DEBUG] [net.minecraftforge.registries.ForgeRegistry/REGISTRIES]: Registry minecraft:block: Fixed minecraft:block id mismatch create_dd:small_weathered_limestone_brick_wall: 1293 (init) -> 1294 (map).
[26Dec2025 18:17:01.029] [Render thread/DEBUG] [net.minecraftforge.registries.ForgeRegistry/REGISTRIES]: Registry minecraft:block: Fixed minecraft:block id mismatch create_dd:small_weathered_limestone_bricks: 1290 (init) -> 1291 (map).
[26Dec2025 18:17:01.029] [Render thread/DEBUG] [net.minecraftforge.registries.ForgeRegistry/REGISTRIES]: Registry minecraft:block: Fixed minecraft:block id mismatch create_dd:smoked_button: 1121 (init) -> 1122 (map).
[26Dec2025 18:17:01.029] [Render thread/DEBUG] [net.minecraftforge.registries.ForgeRegistry/REGISTRIES]: Registry minecraft:block: Fixed minecraft:block id mismatch create_dd:smoked_door: 1119 (init) -> 1120 (map).
[26Dec2025 18:17:01.029] [Render thread/DEBUG] [net.minecraftforge.registries.ForgeRegistry/REGISTRIES]: Registry minecraft:block: Fixed minecraft:block id mismatch create_dd:smoked_fence: 1117 (init) -> 1118 (map).
[26Dec2025 18:17:01.029] [Render thread/DEBUG] [net.minecraftforge.registries.ForgeRegistry/REGISTRIES]: Registry minecraft:block: Fixed minecraft:block id mismatch create_dd:smoked_fence_gate: 1118 (init) -> 1119 (map).
[26Dec2025 18:17:01.029] [Render thread/DEBUG] [net.minecraftforge.registries.ForgeRegistry/REGISTRIES]: Registry minecraft:block: Fixed minecraft:block id mismatch create_dd:smoked_log: 1110 (init) -> 1111 (map).
[26Dec2025 18:17:01.029] [Render thread/DEBUG] [net.minecraftforge.registries.ForgeRegistry/REGISTRIES]: Registry minecraft:block: Fixed minecraft:block id mismatch create_dd:smoked_planks: 1114 (init) -> 1115 (map).
[26Dec2025 18:17:01.029] [Render thread/DEBUG] [net.minecraftforge.registries.ForgeRegistry/REGISTRIES]: Registry minecraft:block: Fixed minecraft:block id mismatch create_dd:smoked_pressure_plate: 1122 (init) -> 1123 (map).
[26Dec2025 18:17:01.029] [Render thread/DEBUG] [net.minecraftforge.registries.ForgeRegistry/REGISTRIES]: Registry minecraft:block: Fixed minecraft:block id mismatch create_dd:smoked_slab: 1116 (init) -> 1117 (map).
[26Dec2025 18:17:01.029] [Render thread/DEBUG] [net.minecraftforge.registries.ForgeRegistry/REGISTRIES]: Registry minecraft:block: Fixed minecraft:block id mismatch create_dd:smoked_stairs: 1115 (init) -> 1116 (map).
[26Dec2025 18:17:01.029] [Render thread/DEBUG] [net.minecraftforge.registries.ForgeRegistry/REGISTRIES]: Registry minecraft:block: Fixed minecraft:block id mismatch create_dd:smoked_trapdoor: 1120 (init) -> 1121 (map).
[26Dec2025 18:17:01.029] [Render thread/DEBUG] [net.minecraftforge.registries.ForgeRegistry/REGISTRIES]: Registry minecraft:block: Fixed minecraft:block id mismatch create_dd:smoked_wood: 1112 (init) -> 1113 (map).
[26Dec2025 18:17:01.030] [Render thread/DEBUG] [net.minecraftforge.registries.ForgeRegistry/REGISTRIES]: Registry minecraft:block: Fixed minecraft:block id mismatch create_dd:smoking_sail: 1058 (init) -> 1059 (map).
[26Dec2025 18:17:01.030] [Render thread/DEBUG] [net.minecraftforge.registries.ForgeRegistry/REGISTRIES]: Registry minecraft:block: Fixed minecraft:block id mismatch create_dd:spectral_ruby_block: 1083 (init) -> 1084 (map).
[26Dec2025 18:17:01.030] [Render thread/DEBUG] [net.minecraftforge.registries.ForgeRegistry/REGISTRIES]: Registry minecraft:block: Fixed minecraft:block id mismatch create_dd:spectral_ruby_lamp: 1082 (init) -> 1083 (map).
[26Dec2025 18:17:01.030] [Render thread/DEBUG] [net.minecraftforge.registries.ForgeRegistry/REGISTRIES]: Registry minecraft:block: Fixed minecraft:block id mismatch create_dd:spectral_ruby_tiles: 1084 (init) -> 1085 (map).
[26Dec2025 18:17:01.030] [Render thread/DEBUG] [net.minecraftforge.registries.ForgeRegistry/REGISTRIES]: Registry minecraft:block: Fixed minecraft:block id mismatch create_dd:spirit_button: 1134 (init) -> 1135 (map).
[26Dec2025 18:17:01.030] [Render thread/DEBUG] [net.minecraftforge.registries.ForgeRegistry/REGISTRIES]: Registry minecraft:block: Fixed minecraft:block id mismatch create_dd:spirit_door: 1132 (init) -> 1133 (map).
[26Dec2025 18:17:01.030] [Render thread/DEBUG] [net.minecraftforge.registries.ForgeRegistry/REGISTRIES]: Registry minecraft:block: Fixed minecraft:block id mismatch create_dd:spirit_fence: 1130 (init) -> 1131 (map).
[26Dec2025 18:17:01.030] [Render thread/DEBUG] [net.minecraftforge.registries.ForgeRegistry/REGISTRIES]: Registry minecraft:block: Fixed minecraft:block id mismatch create_dd:spirit_fence_gate: 1131 (init) -> 1132 (map).
[26Dec2025 18:17:01.030] [Render thread/DEBUG] [net.minecraftforge.registries.ForgeRegistry/REGISTRIES]: Registry minecraft:block: Fixed minecraft:block id mismatch create_dd:spirit_log: 1123 (init) -> 1124 (map).
[26Dec2025 18:17:01.030] [Render thread/DEBUG] [net.minecraftforge.registries.ForgeRegistry/REGISTRIES]: Registry minecraft:block: Fixed minecraft:block id mismatch create_dd:spirit_planks: 1127 (init) -> 1128 (map).
[26Dec2025 18:17:01.030] [Render thread/DEBUG] [net.minecraftforge.registries.ForgeRegistry/REGISTRIES]: Registry minecraft:block: Fixed minecraft:block id mismatch create_dd:spirit_pressure_plate: 1135 (init) -> 1136 (map).
[26Dec2025 18:17:01.030] [Render thread/DEBUG] [net.minecraftforge.registries.ForgeRegistry/REGISTRIES]: Registry minecraft:block: Fixed minecraft:block id mismatch create_dd:spirit_slab: 1129 (init) -> 1130 (map).
[26Dec2025 18:17:01.030] [Render thread/DEBUG] [net.minecraftforge.registries.ForgeRegistry/REGISTRIES]: Registry minecraft:block: Fixed minecraft:block id mismatch create_dd:spirit_stairs: 1128 (init) -> 1129 (map).
[26Dec2025 18:17:01.030] [Render thread/DEBUG] [net.minecraftforge.registries.ForgeRegistry/REGISTRIES]: Registry minecraft:block: Fixed minecraft:block id mismatch create_dd:spirit_trapdoor: 1133 (init) -> 1134 (map).
[26Dec2025 18:17:01.030] [Render thread/DEBUG] [net.minecraftforge.registries.ForgeRegistry/REGISTRIES]: Registry minecraft:block: Fixed minecraft:block id mismatch create_dd:spirit_wood: 1125 (init) -> 1126 (map).
[26Dec2025 18:17:01.030] [Render thread/DEBUG] [net.minecraftforge.registries.ForgeRegistry/REGISTRIES]: Registry minecraft:block: Fixed minecraft:block id mismatch create_dd:splashing_sail: 1056 (init) -> 1057 (map).
[26Dec2025 18:17:01.030] [Render thread/DEBUG] [net.minecraftforge.registries.ForgeRegistry/REGISTRIES]: Registry minecraft:block: Fixed minecraft:block id mismatch create_dd:stargaze_singularity_block: 1020 (init) -> 1021 (map).
[26Dec2025 18:17:01.030] [Render thread/DEBUG] [net.minecraftforge.registries.ForgeRegistry/REGISTRIES]: Registry minecraft:block: Fixed minecraft:block id mismatch create_dd:stargaze_singularity_casing: 1038 (init) -> 1039 (map).
[26Dec2025 18:17:01.030] [Render thread/DEBUG] [net.minecraftforge.registries.ForgeRegistry/REGISTRIES]: Registry minecraft:block: Fixed minecraft:block id mismatch create_dd:stargaze_singularity_scaffolding: 1076 (init) -> 1077 (map).
[26Dec2025 18:17:01.030] [Render thread/DEBUG] [net.minecraftforge.registries.ForgeRegistry/REGISTRIES]: Registry minecraft:block: Fixed minecraft:block id mismatch create_dd:steel_block: 1006 (init) -> 1007 (map).
[26Dec2025 18:17:01.030] [Render thread/DEBUG] [net.minecraftforge.registries.ForgeRegistry/REGISTRIES]: Registry minecraft:block: Fixed minecraft:block id mismatch create_dd:steel_casing: 1033 (init) -> 1034 (map).
[26Dec2025 18:17:01.030] [Render thread/DEBUG] [net.minecraftforge.registries.ForgeRegistry/REGISTRIES]: Registry minecraft:block: Fixed minecraft:block id mismatch create_dd:steel_polished_block: 1198 (init) -> 1199 (map).
[26Dec2025 18:17:01.030] [Render thread/DEBUG] [net.minecraftforge.registries.ForgeRegistry/REGISTRIES]: Registry minecraft:block: Fixed minecraft:block id mismatch create_dd:steel_polished_slab: 1200 (init) -> 1201 (map).
[26Dec2025 18:17:01.030] [Render thread/DEBUG] [net.minecraftforge.registries.ForgeRegistry/REGISTRIES]: Registry minecraft:block: Fixed minecraft:block id mismatch create_dd:steel_polished_stairs: 1199 (init) -> 1200 (map).
[26Dec2025 18:17:01.030] [Render thread/DEBUG] [net.minecraftforge.registries.ForgeRegistry/REGISTRIES]: Registry minecraft:block: Fixed minecraft:block id mismatch create_dd:steel_scaffolding: 1073 (init) -> 1074 (map).
[26Dec2025 18:17:01.030] [Render thread/DEBUG] [net.minecraftforge.registries.ForgeRegistry/REGISTRIES]: Registry minecraft:block: Fixed minecraft:block id mismatch create_dd:steel_tiled_block: 1201 (init) -> 1202 (map).
[26Dec2025 18:17:01.030] [Render thread/DEBUG] [net.minecraftforge.registries.ForgeRegistry/REGISTRIES]: Registry minecraft:block: Fixed minecraft:block id mismatch create_dd:steel_tiled_slab: 1203 (init) -> 1204 (map).
[26Dec2025 18:17:01.030] [Render thread/DEBUG] [net.minecraftforge.registries.ForgeRegistry/REGISTRIES]: Registry minecraft:block: Fixed minecraft:block id mismatch create_dd:steel_tiled_stairs: 1202 (init) -> 1203 (map).
[26Dec2025 18:17:01.030] [Render thread/DEBUG] [net.minecraftforge.registries.ForgeRegistry/REGISTRIES]: Registry minecraft:block: Fixed minecraft:block id mismatch create_dd:strawberry: 1228 (init) -> 1229 (map).
[26Dec2025 18:17:01.030] [Render thread/DEBUG] [net.minecraftforge.registries.ForgeRegistry/REGISTRIES]: Registry minecraft:block: Fixed minecraft:block id mismatch create_dd:strawberry_milkshake: 1229 (init) -> 1230 (map).
[26Dec2025 18:17:01.030] [Render thread/DEBUG] [net.minecraftforge.registries.ForgeRegistry/REGISTRIES]: Registry minecraft:block: Fixed minecraft:block id mismatch create_dd:stripped_rose_log: 1098 (init) -> 1099 (map).
[26Dec2025 18:17:01.030] [Render thread/DEBUG] [net.minecraftforge.registries.ForgeRegistry/REGISTRIES]: Registry minecraft:block: Fixed minecraft:block id mismatch create_dd:stripped_rose_wood: 1100 (init) -> 1101 (map).
[26Dec2025 18:17:01.030] [Render thread/DEBUG] [net.minecraftforge.registries.ForgeRegistry/REGISTRIES]: Registry minecraft:block: Fixed minecraft:block id mismatch create_dd:stripped_rubber_log: 1139 (init) -> 1140 (map).
[26Dec2025 18:17:01.030] [Render thread/DEBUG] [net.minecraftforge.registries.ForgeRegistry/REGISTRIES]: Registry minecraft:block: Fixed minecraft:block id mismatch create_dd:stripped_rubber_wood: 1141 (init) -> 1142 (map).
[26Dec2025 18:17:01.030] [Render thread/DEBUG] [net.minecraftforge.registries.ForgeRegistry/REGISTRIES]: Registry minecraft:block: Fixed minecraft:block id mismatch create_dd:stripped_smoked_log: 1111 (init) -> 1112 (map).
[26Dec2025 18:17:01.030] [Render thread/DEBUG] [net.minecraftforge.registries.ForgeRegistry/REGISTRIES]: Registry minecraft:block: Fixed minecraft:block id mismatch create_dd:stripped_smoked_wood: 1113 (init) -> 1114 (map).
[26Dec2025 18:17:01.030] [Render thread/DEBUG] [net.minecraftforge.registries.ForgeRegistry/REGISTRIES]: Registry minecraft:block: Fixed minecraft:block id mismatch create_dd:stripped_spirit_log: 1124 (init) -> 1125 (map).
[26Dec2025 18:17:01.030] [Render thread/DEBUG] [net.minecraftforge.registries.ForgeRegistry/REGISTRIES]: Registry minecraft:block: Fixed minecraft:block id mismatch create_dd:stripped_spirit_wood: 1126 (init) -> 1127 (map).
[26Dec2025 18:17:01.031] [Render thread/DEBUG] [net.minecraftforge.registries.ForgeRegistry/REGISTRIES]: Registry minecraft:block: Fixed minecraft:block id mismatch create_dd:superheating_sail: 1060 (init) -> 1061 (map).
[26Dec2025 18:17:01.031] [Render thread/DEBUG] [net.minecraftforge.registries.ForgeRegistry/REGISTRIES]: Registry minecraft:block: Fixed minecraft:block id mismatch create_dd:tin_block: 1010 (init) -> 1011 (map).
[26Dec2025 18:17:01.031] [Render thread/DEBUG] [net.minecraftforge.registries.ForgeRegistry/REGISTRIES]: Registry minecraft:block: Fixed minecraft:block id mismatch create_dd:tin_casing: 1025 (init) -> 1026 (map).
[26Dec2025 18:17:01.031] [Render thread/DEBUG] [net.minecraftforge.registries.ForgeRegistry/REGISTRIES]: Registry minecraft:block: Fixed minecraft:block id mismatch create_dd:tin_ore: 1008 (init) -> 1009 (map).
[26Dec2025 18:17:01.031] [Render thread/DEBUG] [net.minecraftforge.registries.ForgeRegistry/REGISTRIES]: Registry minecraft:block: Fixed minecraft:block id mismatch create_dd:tin_scaffolding: 1071 (init) -> 1072 (map).
[26Dec2025 18:17:01.031] [Render thread/DEBUG] [net.minecraftforge.registries.ForgeRegistry/REGISTRIES]: Registry minecraft:block: Fixed minecraft:block id mismatch create_dd:train_scaffolding: 1064 (init) -> 1065 (map).
[26Dec2025 18:17:01.031] [Render thread/DEBUG] [net.minecraftforge.registries.ForgeRegistry/REGISTRIES]: Registry minecraft:block: Fixed minecraft:block id mismatch create_dd:tuff_asphalt_block: 1171 (init) -> 1172 (map).
[26Dec2025 18:17:01.031] [Render thread/DEBUG] [net.minecraftforge.registries.ForgeRegistry/REGISTRIES]: Registry minecraft:block: Fixed minecraft:block id mismatch create_dd:tuff_mossy_bricks: 1189 (init) -> 1190 (map).
[26Dec2025 18:17:01.031] [Render thread/DEBUG] [net.minecraftforge.registries.ForgeRegistry/REGISTRIES]: Registry minecraft:block: Fixed minecraft:block id mismatch create_dd:vanilla: 1226 (init) -> 1227 (map).
[26Dec2025 18:17:01.031] [Render thread/DEBUG] [net.minecraftforge.registries.ForgeRegistry/REGISTRIES]: Registry minecraft:block: Fixed minecraft:block id mismatch create_dd:vanilla_milkshake: 1227 (init) -> 1228 (map).
[26Dec2025 18:17:01.031] [Render thread/DEBUG] [net.minecraftforge.registries.ForgeRegistry/REGISTRIES]: Registry minecraft:block: Fixed minecraft:block id mismatch create_dd:veridium_asphalt_block: 1172 (init) -> 1173 (map).
[26Dec2025 18:17:01.031] [Render thread/DEBUG] [net.minecraftforge.registries.ForgeRegistry/REGISTRIES]: Registry minecraft:block: Fixed minecraft:block id mismatch create_dd:veridium_cobble: 1220 (init) -> 1221 (map).
[26Dec2025 18:17:01.031] [Render thread/DEBUG] [net.minecraftforge.registries.ForgeRegistry/REGISTRIES]: Registry minecraft:block: Fixed minecraft:block id mismatch create_dd:veridium_mossy_bricks: 1190 (init) -> 1191 (map).
[26Dec2025 18:17:01.031] [Render thread/DEBUG] [net.minecraftforge.registries.ForgeRegistry/REGISTRIES]: Registry minecraft:block: Fixed minecraft:block id mismatch create_dd:vertical_framed_split_glass: 1086 (init) -> 1087 (map).
[26Dec2025 18:17:01.031] [Render thread/DEBUG] [net.minecraftforge.registries.ForgeRegistry/REGISTRIES]: Registry minecraft:block: Fixed minecraft:block id mismatch create_dd:vertical_framed_split_glass_pane: 1087 (init) -> 1088 (map).
[26Dec2025 18:17:01.031] [Render thread/DEBUG] [net.minecraftforge.registries.ForgeRegistry/REGISTRIES]: Registry minecraft:block: Fixed minecraft:block id mismatch create_dd:weathered_limestone: 1277 (init) -> 1278 (map).
[26Dec2025 18:17:01.031] [Render thread/DEBUG] [net.minecraftforge.registries.ForgeRegistry/REGISTRIES]: Registry minecraft:block: Fixed minecraft:block id mismatch create_dd:weathered_limestone_asphalt_block: 1173 (init) -> 1174 (map).
[26Dec2025 18:17:01.031] [Render thread/DEBUG] [net.minecraftforge.registries.ForgeRegistry/REGISTRIES]: Registry minecraft:block: Fixed minecraft:block id mismatch create_dd:weathered_limestone_mossy_bricks: 1191 (init) -> 1192 (map).
[26Dec2025 18:17:01.031] [Render thread/DEBUG] [net.minecraftforge.registries.ForgeRegistry/REGISTRIES]: Registry minecraft:block: Fixed minecraft:block id mismatch create_dd:weathered_limestone_pillar: 1295 (init) -> 1296 (map).
[26Dec2025 18:17:01.031] [Render thread/DEBUG] [net.minecraftforge.registries.ForgeRegistry/REGISTRIES]: Registry minecraft:block: Fixed minecraft:block id mismatch create_dd:zinc_casing: 1024 (init) -> 1025 (map).
[26Dec2025 18:17:01.031] [Render thread/DEBUG] [net.minecraftforge.registries.ForgeRegistry/REGISTRIES]: Registry minecraft:block: Fixed minecraft:block id mismatch create_dd:zinc_polished_block: 1204 (init) -> 1205 (map).
[26Dec2025 18:17:01.031] [Render thread/DEBUG] [net.minecraftforge.registries.ForgeRegistry/REGISTRIES]: Registry minecraft:block: Fixed minecraft:block id mismatch create_dd:zinc_polished_slab: 1206 (init) -> 1207 (map).
[26Dec2025 18:17:01.031] [Render thread/DEBUG] [net.minecraftforge.registries.ForgeRegistry/REGISTRIES]: Registry minecraft:block: Fixed minecraft:block id mismatch create_dd:zinc_polished_stairs: 1205 (init) -> 1206 (map).
[26Dec2025 18:17:01.031] [Render thread/DEBUG] [net.minecraftforge.registries.ForgeRegistry/REGISTRIES]: Registry minecraft:block: Fixed minecraft:block id mismatch create_dd:zinc_scaffolding: 1070 (init) -> 1071 (map).
[26Dec2025 18:17:01.031] [Render thread/DEBUG] [net.minecraftforge.registries.ForgeRegistry/REGISTRIES]: Registry minecraft:block: Fixed minecraft:block id mismatch create_dd:zinc_tiled_block: 1207 (init) -> 1208 (map).
[26Dec2025 18:17:01.031] [Render thread/DEBUG] [net.minecraftforge.registries.ForgeRegistry/REGISTRIES]: Registry minecraft:block: Fixed minecraft:block id mismatch create_dd:zinc_tiled_slab: 1209 (init) -> 1210 (map).
[26Dec2025 18:17:01.031] [Render thread/DEBUG] [net.minecraftforge.registries.ForgeRegistry/REGISTRIES]: Registry minecraft:block: Fixed minecraft:block id mismatch create_dd:zinc_tiled_stairs: 1208 (init) -> 1209 (map).
[26Dec2025 18:17:01.037] [Render thread/DEBUG] [net.minecraftforge.registries.ForgeRegistry/REGISTRIES]: Registry minecraft:item: Fixed minecraft:item id mismatch create:acacia_window: 2077 (init) -> 2079 (map).
[26Dec2025 18:17:01.038] [Render thread/DEBUG] [net.minecraftforge.registries.ForgeRegistry/REGISTRIES]: Registry minecraft:item: Fixed minecraft:item id mismatch create:acacia_window_pane: 2091 (init) -> 2093 (map).
[26Dec2025 18:17:01.038] [Render thread/DEBUG] [net.minecraftforge.registries.ForgeRegistry/REGISTRIES]: Registry minecraft:item: Fixed minecraft:item id mismatch create:adjustable_chain_gearshift: 1676 (init) -> 1678 (map).
[26Dec2025 18:17:01.038] [Render thread/DEBUG] [net.minecraftforge.registries.ForgeRegistry/REGISTRIES]: Registry minecraft:item: Fixed minecraft:item id mismatch create:analog_lever: 1830 (init) -> 1832 (map).
[26Dec2025 18:17:01.038] [Render thread/DEBUG] [net.minecraftforge.registries.ForgeRegistry/REGISTRIES]: Registry minecraft:item: Fixed minecraft:item id mismatch create:andesite_alloy: 1866 (init) -> 1868 (map).
[26Dec2025 18:17:01.038] [Render thread/DEBUG] [net.minecraftforge.registries.ForgeRegistry/REGISTRIES]: Registry minecraft:item: Fixed minecraft:item id mismatch create:andesite_alloy_block: 2005 (init) -> 2007 (map).
[26Dec2025 18:17:01.038] [Render thread/DEBUG] [net.minecraftforge.registries.ForgeRegistry/REGISTRIES]: Registry minecraft:item: Fixed minecraft:item id mismatch create:andesite_bars: 1969 (init) -> 1971 (map).
[26Dec2025 18:17:01.038] [Render thread/DEBUG] [net.minecraftforge.registries.ForgeRegistry/REGISTRIES]: Registry minecraft:item: Fixed minecraft:item id mismatch create:andesite_casing: 1758 (init) -> 1760 (map).
[26Dec2025 18:17:01.038] [Render thread/DEBUG] [net.minecraftforge.registries.ForgeRegistry/REGISTRIES]: Registry minecraft:item: Fixed minecraft:item id mismatch create:andesite_door: 1994 (init) -> 1996 (map).
[26Dec2025 18:17:01.038] [Render thread/DEBUG] [net.minecraftforge.registries.ForgeRegistry/REGISTRIES]: Registry minecraft:item: Fixed minecraft:item id mismatch create:andesite_encased_cogwheel: 1668 (init) -> 1670 (map).
[26Dec2025 18:17:01.038] [Render thread/DEBUG] [net.minecraftforge.registries.ForgeRegistry/REGISTRIES]: Registry minecraft:item: Fixed minecraft:item id mismatch create:andesite_encased_large_cogwheel: 1670 (init) -> 1672 (map).
[26Dec2025 18:17:01.038] [Render thread/DEBUG] [net.minecraftforge.registries.ForgeRegistry/REGISTRIES]: Registry minecraft:item: Fixed minecraft:item id mismatch create:andesite_encased_shaft: 1666 (init) -> 1668 (map).
[26Dec2025 18:17:01.038] [Render thread/DEBUG] [net.minecraftforge.registries.ForgeRegistry/REGISTRIES]: Registry minecraft:item: Fixed minecraft:item id mismatch create:andesite_funnel: 1774 (init) -> 1776 (map).
[26Dec2025 18:17:01.038] [Render thread/DEBUG] [net.minecraftforge.registries.ForgeRegistry/REGISTRIES]: Registry minecraft:item: Fixed minecraft:item id mismatch create:andesite_ladder: 1966 (init) -> 1968 (map).
[26Dec2025 18:17:01.038] [Render thread/DEBUG] [net.minecraftforge.registries.ForgeRegistry/REGISTRIES]: Registry minecraft:item: Fixed minecraft:item id mismatch create:andesite_pillar: 2154 (init) -> 2156 (map).
[26Dec2025 18:17:01.038] [Render thread/DEBUG] [net.minecraftforge.registries.ForgeRegistry/REGISTRIES]: Registry minecraft:item: Fixed minecraft:item id mismatch create:andesite_scaffolding: 1972 (init) -> 1974 (map).
[26Dec2025 18:17:01.038] [Render thread/DEBUG] [net.minecraftforge.registries.ForgeRegistry/REGISTRIES]: Registry minecraft:item: Fixed minecraft:item id mismatch create:andesite_table_cloth: 1822 (init) -> 1824 (map).
[26Dec2025 18:17:01.038] [Render thread/DEBUG] [net.minecraftforge.registries.ForgeRegistry/REGISTRIES]: Registry minecraft:item: Fixed minecraft:item id mismatch create:andesite_tunnel: 1776 (init) -> 1778 (map).
[26Dec2025 18:17:01.038] [Render thread/DEBUG] [net.minecraftforge.registries.ForgeRegistry/REGISTRIES]: Registry minecraft:item: Fixed minecraft:item id mismatch create:asurine: 2227 (init) -> 2229 (map).
[26Dec2025 18:17:01.038] [Render thread/DEBUG] [net.minecraftforge.registries.ForgeRegistry/REGISTRIES]: Registry minecraft:item: Fixed minecraft:item id mismatch create:asurine_pillar: 2245 (init) -> 2247 (map).
[26Dec2025 18:17:01.038] [Render thread/DEBUG] [net.minecraftforge.registries.ForgeRegistry/REGISTRIES]: Registry minecraft:item: Fixed minecraft:item id mismatch create:attribute_filter: 1939 (init) -> 1941 (map).
[26Dec2025 18:17:01.038] [Render thread/DEBUG] [net.minecraftforge.registries.ForgeRegistry/REGISTRIES]: Registry minecraft:item: Fixed minecraft:item id mismatch create:bamboo_window: 2083 (init) -> 2085 (map).
[26Dec2025 18:17:01.038] [Render thread/DEBUG] [net.minecraftforge.registries.ForgeRegistry/REGISTRIES]: Registry minecraft:item: Fixed minecraft:item id mismatch create:bamboo_window_pane: 2097 (init) -> 2099 (map).
[26Dec2025 18:17:01.038] [Render thread/DEBUG] [net.minecraftforge.registries.ForgeRegistry/REGISTRIES]: Registry minecraft:item: Fixed minecraft:item id mismatch create:bar_of_chocolate: 1859 (init) -> 1861 (map).
[26Dec2025 18:17:01.038] [Render thread/DEBUG] [net.minecraftforge.registries.ForgeRegistry/REGISTRIES]: Registry minecraft:item: Fixed minecraft:item id mismatch create:basin: 1691 (init) -> 1693 (map).
[26Dec2025 18:17:01.038] [Render thread/DEBUG] [net.minecraftforge.registries.ForgeRegistry/REGISTRIES]: Registry minecraft:item: Fixed minecraft:item id mismatch create:belt_connector: 1893 (init) -> 1895 (map).
[26Dec2025 18:17:01.038] [Render thread/DEBUG] [net.minecraftforge.registries.ForgeRegistry/REGISTRIES]: Registry minecraft:item: Fixed minecraft:item id mismatch create:birch_window: 2075 (init) -> 2077 (map).
[26Dec2025 18:17:01.038] [Render thread/DEBUG] [net.minecraftforge.registries.ForgeRegistry/REGISTRIES]: Registry minecraft:item: Fixed minecraft:item id mismatch create:birch_window_pane: 2089 (init) -> 2091 (map).
[26Dec2025 18:17:01.038] [Render thread/DEBUG] [net.minecraftforge.registries.ForgeRegistry/REGISTRIES]: Registry minecraft:item: Fixed minecraft:item id mismatch create:black_postbox: 1801 (init) -> 1803 (map).
[26Dec2025 18:17:01.038] [Render thread/DEBUG] [net.minecraftforge.registries.ForgeRegistry/REGISTRIES]: Registry minecraft:item: Fixed minecraft:item id mismatch create:black_seat: 1993 (init) -> 1995 (map).
[26Dec2025 18:17:01.038] [Render thread/DEBUG] [net.minecraftforge.registries.ForgeRegistry/REGISTRIES]: Registry minecraft:item: Fixed minecraft:item id mismatch create:black_table_cloth: 1821 (init) -> 1823 (map).
[26Dec2025 18:17:01.038] [Render thread/DEBUG] [net.minecraftforge.registries.ForgeRegistry/REGISTRIES]: Registry minecraft:item: Fixed minecraft:item id mismatch create:black_toolbox: 1964 (init) -> 1966 (map).
[26Dec2025 18:17:01.038] [Render thread/DEBUG] [net.minecraftforge.registries.ForgeRegistry/REGISTRIES]: Registry minecraft:item: Fixed minecraft:item id mismatch create:black_valve_handle: 1721 (init) -> 1723 (map).
[26Dec2025 18:17:01.038] [Render thread/DEBUG] [net.minecraftforge.registries.ForgeRegistry/REGISTRIES]: Registry minecraft:item: Fixed minecraft:item id mismatch create:blaze_burner: 1692 (init) -> 1694 (map).
[26Dec2025 18:17:01.038] [Render thread/DEBUG] [net.minecraftforge.registries.ForgeRegistry/REGISTRIES]: Registry minecraft:item: Fixed minecraft:item id mismatch create:blaze_cake: 1857 (init) -> 1859 (map).
[26Dec2025 18:17:01.038] [Render thread/DEBUG] [net.minecraftforge.registries.ForgeRegistry/REGISTRIES]: Registry minecraft:item: Fixed minecraft:item id mismatch create:blaze_cake_base: 1856 (init) -> 1858 (map).
[26Dec2025 18:17:01.038] [Render thread/DEBUG] [net.minecraftforge.registries.ForgeRegistry/REGISTRIES]: Registry minecraft:item: Fixed minecraft:item id mismatch create:blue_postbox: 1797 (init) -> 1799 (map).
[26Dec2025 18:17:01.039] [Render thread/DEBUG] [net.minecraftforge.registries.ForgeRegistry/REGISTRIES]: Registry minecraft:item: Fixed minecraft:item id mismatch create:blue_seat: 1989 (init) -> 1991 (map).
[26Dec2025 18:17:01.039] [Render thread/DEBUG] [net.minecraftforge.registries.ForgeRegistry/REGISTRIES]: Registry minecraft:item: Fixed minecraft:item id mismatch create:blue_table_cloth: 1817 (init) -> 1819 (map).
[26Dec2025 18:17:01.039] [Render thread/DEBUG] [net.minecraftforge.registries.ForgeRegistry/REGISTRIES]: Registry minecraft:item: Fixed minecraft:item id mismatch create:blue_toolbox: 1960 (init) -> 1962 (map).
[26Dec2025 18:17:01.039] [Render thread/DEBUG] [net.minecraftforge.registries.ForgeRegistry/REGISTRIES]: Registry minecraft:item: Fixed minecraft:item id mismatch create:blue_valve_handle: 1717 (init) -> 1719 (map).
[26Dec2025 18:17:01.039] [Render thread/DEBUG] [net.minecraftforge.registries.ForgeRegistry/REGISTRIES]: Registry minecraft:item: Fixed minecraft:item id mismatch create:bound_cardboard_block: 2010 (init) -> 2012 (map).
[26Dec2025 18:17:01.039] [Render thread/DEBUG] [net.minecraftforge.registries.ForgeRegistry/REGISTRIES]: Registry minecraft:item: Fixed minecraft:item id mismatch create:brass_bars: 1970 (init) -> 1972 (map).
[26Dec2025 18:17:01.039] [Render thread/DEBUG] [net.minecraftforge.registries.ForgeRegistry/REGISTRIES]: Registry minecraft:item: Fixed minecraft:item id mismatch create:brass_block: 2008 (init) -> 2010 (map).
[26Dec2025 18:17:01.039] [Render thread/DEBUG] [net.minecraftforge.registries.ForgeRegistry/REGISTRIES]: Registry minecraft:item: Fixed minecraft:item id mismatch create:brass_casing: 1759 (init) -> 1761 (map).
[26Dec2025 18:17:01.039] [Render thread/DEBUG] [net.minecraftforge.registries.ForgeRegistry/REGISTRIES]: Registry minecraft:item: Fixed minecraft:item id mismatch create:brass_door: 1995 (init) -> 1997 (map).
[26Dec2025 18:17:01.039] [Render thread/DEBUG] [net.minecraftforge.registries.ForgeRegistry/REGISTRIES]: Registry minecraft:item: Fixed minecraft:item id mismatch create:brass_encased_cogwheel: 1669 (init) -> 1671 (map).
[26Dec2025 18:17:01.039] [Render thread/DEBUG] [net.minecraftforge.registries.ForgeRegistry/REGISTRIES]: Registry minecraft:item: Fixed minecraft:item id mismatch create:brass_encased_large_cogwheel: 1671 (init) -> 1673 (map).
[26Dec2025 18:17:01.039] [Render thread/DEBUG] [net.minecraftforge.registries.ForgeRegistry/REGISTRIES]: Registry minecraft:item: Fixed minecraft:item id mismatch create:brass_encased_shaft: 1667 (init) -> 1669 (map).
[26Dec2025 18:17:01.039] [Render thread/DEBUG] [net.minecraftforge.registries.ForgeRegistry/REGISTRIES]: Registry minecraft:item: Fixed minecraft:item id mismatch create:brass_funnel: 1775 (init) -> 1777 (map).
[26Dec2025 18:17:01.039] [Render thread/DEBUG] [net.minecraftforge.registries.ForgeRegistry/REGISTRIES]: Registry minecraft:item: Fixed minecraft:item id mismatch create:brass_hand: 1846 (init) -> 1848 (map).
[26Dec2025 18:17:01.039] [Render thread/DEBUG] [net.minecraftforge.registries.ForgeRegistry/REGISTRIES]: Registry minecraft:item: Fixed minecraft:item id mismatch create:brass_ingot: 1868 (init) -> 1870 (map).
[26Dec2025 18:17:01.039] [Render thread/DEBUG] [net.minecraftforge.registries.ForgeRegistry/REGISTRIES]: Registry minecraft:item: Fixed minecraft:item id mismatch create:brass_ladder: 1967 (init) -> 1969 (map).
[26Dec2025 18:17:01.039] [Render thread/DEBUG] [net.minecraftforge.registries.ForgeRegistry/REGISTRIES]: Registry minecraft:item: Fixed minecraft:item id mismatch create:brass_nugget: 1874 (init) -> 1876 (map).
[26Dec2025 18:17:01.039] [Render thread/DEBUG] [net.minecraftforge.registries.ForgeRegistry/REGISTRIES]: Registry minecraft:item: Fixed minecraft:item id mismatch create:brass_scaffolding: 1973 (init) -> 1975 (map).
[26Dec2025 18:17:01.039] [Render thread/DEBUG] [net.minecraftforge.registries.ForgeRegistry/REGISTRIES]: Registry minecraft:item: Fixed minecraft:item id mismatch create:brass_sheet: 1877 (init) -> 1879 (map).
[26Dec2025 18:17:01.039] [Render thread/DEBUG] [net.minecraftforge.registries.ForgeRegistry/REGISTRIES]: Registry minecraft:item: Fixed minecraft:item id mismatch create:brass_table_cloth: 1823 (init) -> 1825 (map).
[26Dec2025 18:17:01.039] [Render thread/DEBUG] [net.minecraftforge.registries.ForgeRegistry/REGISTRIES]: Registry minecraft:item: Fixed minecraft:item id mismatch create:brass_tunnel: 1777 (init) -> 1779 (map).
[26Dec2025 18:17:01.039] [Render thread/DEBUG] [net.minecraftforge.registries.ForgeRegistry/REGISTRIES]: Registry minecraft:item: Fixed minecraft:item id mismatch create:brown_postbox: 1798 (init) -> 1800 (map).
[26Dec2025 18:17:01.039] [Render thread/DEBUG] [net.minecraftforge.registries.ForgeRegistry/REGISTRIES]: Registry minecraft:item: Fixed minecraft:item id mismatch create:brown_seat: 1990 (init) -> 1992 (map).
[26Dec2025 18:17:01.039] [Render thread/DEBUG] [net.minecraftforge.registries.ForgeRegistry/REGISTRIES]: Registry minecraft:item: Fixed minecraft:item id mismatch create:brown_table_cloth: 1818 (init) -> 1820 (map).
[26Dec2025 18:17:01.039] [Render thread/DEBUG] [net.minecraftforge.registries.ForgeRegistry/REGISTRIES]: Registry minecraft:item: Fixed minecraft:item id mismatch create:brown_toolbox: 1961 (init) -> 1963 (map).
[26Dec2025 18:17:01.039] [Render thread/DEBUG] [net.minecraftforge.registries.ForgeRegistry/REGISTRIES]: Registry minecraft:item: Fixed minecraft:item id mismatch create:brown_valve_handle: 1718 (init) -> 1720 (map).
[26Dec2025 18:17:01.039] [Render thread/DEBUG] [net.minecraftforge.registries.ForgeRegistry/REGISTRIES]: Registry minecraft:item: Fixed minecraft:item id mismatch create:builders_tea: 1863 (init) -> 1865 (map).
[26Dec2025 18:17:01.039] [Render thread/DEBUG] [net.minecraftforge.registries.ForgeRegistry/REGISTRIES]: Registry minecraft:item: Fixed minecraft:item id mismatch create:calcite_pillar: 2172 (init) -> 2174 (map).
[26Dec2025 18:17:01.039] [Render thread/DEBUG] [net.minecraftforge.registries.ForgeRegistry/REGISTRIES]: Registry minecraft:item: Fixed minecraft:item id mismatch create:cardboard: 1851 (init) -> 1853 (map).
[26Dec2025 18:17:01.039] [Render thread/DEBUG] [net.minecraftforge.registries.ForgeRegistry/REGISTRIES]: Registry minecraft:item: Fixed minecraft:item id mismatch create:cardboard_block: 2009 (init) -> 2011 (map).
[26Dec2025 18:17:01.039] [Render thread/DEBUG] [net.minecraftforge.registries.ForgeRegistry/REGISTRIES]: Registry minecraft:item: Fixed minecraft:item id mismatch create:cardboard_boots: 1911 (init) -> 1913 (map).
[26Dec2025 18:17:01.039] [Render thread/DEBUG] [net.minecraftforge.registries.ForgeRegistry/REGISTRIES]: Registry minecraft:item: Fixed minecraft:item id mismatch create:cardboard_chestplate: 1909 (init) -> 1911 (map).
[26Dec2025 18:17:01.039] [Render thread/DEBUG] [net.minecraftforge.registries.ForgeRegistry/REGISTRIES]: Registry minecraft:item: Fixed minecraft:item id mismatch create:cardboard_helmet: 1908 (init) -> 1910 (map).
[26Dec2025 18:17:01.039] [Render thread/DEBUG] [net.minecraftforge.registries.ForgeRegistry/REGISTRIES]: Registry minecraft:item: Fixed minecraft:item id mismatch create:cardboard_leggings: 1910 (init) -> 1912 (map).
[26Dec2025 18:17:01.039] [Render thread/DEBUG] [net.minecraftforge.registries.ForgeRegistry/REGISTRIES]: Registry minecraft:item: Fixed minecraft:item id mismatch create:cardboard_package_10x12: 1925 (init) -> 1927 (map).
[26Dec2025 18:17:01.039] [Render thread/DEBUG] [net.minecraftforge.registries.ForgeRegistry/REGISTRIES]: Registry minecraft:item: Fixed minecraft:item id mismatch create:cardboard_package_10x8: 1926 (init) -> 1928 (map).
[26Dec2025 18:17:01.039] [Render thread/DEBUG] [net.minecraftforge.registries.ForgeRegistry/REGISTRIES]: Registry minecraft:item: Fixed minecraft:item id mismatch create:cardboard_package_12x10: 1927 (init) -> 1929 (map).
[26Dec2025 18:17:01.039] [Render thread/DEBUG] [net.minecraftforge.registries.ForgeRegistry/REGISTRIES]: Registry minecraft:item: Fixed minecraft:item id mismatch create:cardboard_package_12x12: 1924 (init) -> 1926 (map).
[26Dec2025 18:17:01.039] [Render thread/DEBUG] [net.minecraftforge.registries.ForgeRegistry/REGISTRIES]: Registry minecraft:item: Fixed minecraft:item id mismatch create:cardboard_sword: 1864 (init) -> 1866 (map).
[26Dec2025 18:17:01.039] [Render thread/DEBUG] [net.minecraftforge.registries.ForgeRegistry/REGISTRIES]: Registry minecraft:item: Fixed minecraft:item id mismatch create:cart_assembler: 1740 (init) -> 1742 (map).
[26Dec2025 18:17:01.039] [Render thread/DEBUG] [net.minecraftforge.registries.ForgeRegistry/REGISTRIES]: Registry minecraft:item: Fixed minecraft:item id mismatch create:chain_conveyor: 1677 (init) -> 1679 (map).
[26Dec2025 18:17:01.039] [Render thread/DEBUG] [net.minecraftforge.registries.ForgeRegistry/REGISTRIES]: Registry minecraft:item: Fixed minecraft:item id mismatch create:cherry_window: 2082 (init) -> 2084 (map).
[26Dec2025 18:17:01.039] [Render thread/DEBUG] [net.minecraftforge.registries.ForgeRegistry/REGISTRIES]: Registry minecraft:item: Fixed minecraft:item id mismatch create:cherry_window_pane: 2096 (init) -> 2098 (map).
[26Dec2025 18:17:01.039] [Render thread/DEBUG] [net.minecraftforge.registries.ForgeRegistry/REGISTRIES]: Registry minecraft:item: Fixed minecraft:item id mismatch create:chest_minecart_contraption: 1917 (init) -> 1919 (map).
[26Dec2025 18:17:01.039] [Render thread/DEBUG] [net.minecraftforge.registries.ForgeRegistry/REGISTRIES]: Registry minecraft:item: Fixed minecraft:item id mismatch create:chocolate_bucket: 2064 (init) -> 2066 (map).
[26Dec2025 18:17:01.039] [Render thread/DEBUG] [net.minecraftforge.registries.ForgeRegistry/REGISTRIES]: Registry minecraft:item: Fixed minecraft:item id mismatch create:chocolate_glazed_berries: 1861 (init) -> 1863 (map).
[26Dec2025 18:17:01.039] [Render thread/DEBUG] [net.minecraftforge.registries.ForgeRegistry/REGISTRIES]: Registry minecraft:item: Fixed minecraft:item id mismatch create:chromatic_compound: 1869 (init) -> 1871 (map).
[26Dec2025 18:17:01.039] [Render thread/DEBUG] [net.minecraftforge.registries.ForgeRegistry/REGISTRIES]: Registry minecraft:item: Fixed minecraft:item id mismatch create:chute: 1695 (init) -> 1697 (map).
[26Dec2025 18:17:01.039] [Render thread/DEBUG] [net.minecraftforge.registries.ForgeRegistry/REGISTRIES]: Registry minecraft:item: Fixed minecraft:item id mismatch create:cinder_flour: 1839 (init) -> 1841 (map).
[26Dec2025 18:17:01.039] [Render thread/DEBUG] [net.minecraftforge.registries.ForgeRegistry/REGISTRIES]: Registry minecraft:item: Fixed minecraft:item id mismatch create:clipboard: 1965 (init) -> 1967 (map).
[26Dec2025 18:17:01.039] [Render thread/DEBUG] [net.minecraftforge.registries.ForgeRegistry/REGISTRIES]: Registry minecraft:item: Fixed minecraft:item id mismatch create:clockwork_bearing: 1737 (init) -> 1739 (map).
[26Dec2025 18:17:01.039] [Render thread/DEBUG] [net.minecraftforge.registries.ForgeRegistry/REGISTRIES]: Registry minecraft:item: Fixed minecraft:item id mismatch create:clutch: 1673 (init) -> 1675 (map).
[26Dec2025 18:17:01.039] [Render thread/DEBUG] [net.minecraftforge.registries.ForgeRegistry/REGISTRIES]: Registry minecraft:item: Fixed minecraft:item id mismatch create:cogwheel: 1664 (init) -> 1666 (map).
[26Dec2025 18:17:01.039] [Render thread/DEBUG] [net.minecraftforge.registries.ForgeRegistry/REGISTRIES]: Registry minecraft:item: Fixed minecraft:item id mismatch create:content_observer: 1778 (init) -> 1780 (map).
[26Dec2025 18:17:01.039] [Render thread/DEBUG] [net.minecraftforge.registries.ForgeRegistry/REGISTRIES]: Registry minecraft:item: Fixed minecraft:item id mismatch create:contraption_controls: 1746 (init) -> 1748 (map).
[26Dec2025 18:17:01.039] [Render thread/DEBUG] [net.minecraftforge.registries.ForgeRegistry/REGISTRIES]: Registry minecraft:item: Fixed minecraft:item id mismatch create:controller_rail: 1741 (init) -> 1743 (map).
[26Dec2025 18:17:01.039] [Render thread/DEBUG] [net.minecraftforge.registries.ForgeRegistry/REGISTRIES]: Registry minecraft:item: Fixed minecraft:item id mismatch create:controls: 1773 (init) -> 1775 (map).
[26Dec2025 18:17:01.039] [Render thread/DEBUG] [net.minecraftforge.registries.ForgeRegistry/REGISTRIES]: Registry minecraft:item: Fixed minecraft:item id mismatch create:copper_backtank: 1902 (init) -> 1904 (map).
[26Dec2025 18:17:01.039] [Render thread/DEBUG] [net.minecraftforge.registries.ForgeRegistry/REGISTRIES]: Registry minecraft:item: Fixed minecraft:item id mismatch create:copper_backtank_placeable: 1900 (init) -> 1902 (map).
[26Dec2025 18:17:01.039] [Render thread/DEBUG] [net.minecraftforge.registries.ForgeRegistry/REGISTRIES]: Registry minecraft:item: Fixed minecraft:item id mismatch create:copper_bars: 1971 (init) -> 1973 (map).
[26Dec2025 18:17:01.039] [Render thread/DEBUG] [net.minecraftforge.registries.ForgeRegistry/REGISTRIES]: Registry minecraft:item: Fixed minecraft:item id mismatch create:copper_casing: 1760 (init) -> 1762 (map).
[26Dec2025 18:17:01.039] [Render thread/DEBUG] [net.minecraftforge.registries.ForgeRegistry/REGISTRIES]: Registry minecraft:item: Fixed minecraft:item id mismatch create:copper_diving_boots: 1906 (init) -> 1908 (map).
[26Dec2025 18:17:01.039] [Render thread/DEBUG] [net.minecraftforge.registries.ForgeRegistry/REGISTRIES]: Registry minecraft:item: Fixed minecraft:item id mismatch create:copper_diving_helmet: 1904 (init) -> 1906 (map).
[26Dec2025 18:17:01.039] [Render thread/DEBUG] [net.minecraftforge.registries.ForgeRegistry/REGISTRIES]: Registry minecraft:item: Fixed minecraft:item id mismatch create:copper_door: 1996 (init) -> 1998 (map).
[26Dec2025 18:17:01.039] [Render thread/DEBUG] [net.minecraftforge.registries.ForgeRegistry/REGISTRIES]: Registry minecraft:item: Fixed minecraft:item id mismatch create:copper_ladder: 1968 (init) -> 1970 (map).
[26Dec2025 18:17:01.039] [Render thread/DEBUG] [net.minecraftforge.registries.ForgeRegistry/REGISTRIES]: Registry minecraft:item: Fixed minecraft:item id mismatch create:copper_nugget: 1872 (init) -> 1874 (map).
[26Dec2025 18:17:01.039] [Render thread/DEBUG] [net.minecraftforge.registries.ForgeRegistry/REGISTRIES]: Registry minecraft:item: Fixed minecraft:item id mismatch create:copper_scaffolding: 1974 (init) -> 1976 (map).
[26Dec2025 18:17:01.039] [Render thread/DEBUG] [net.minecraftforge.registries.ForgeRegistry/REGISTRIES]: Registry minecraft:item: Fixed minecraft:item id mismatch create:copper_sheet: 1876 (init) -> 1878 (map).
[26Dec2025 18:17:01.041] [Render thread/DEBUG] [net.minecraftforge.registries.ForgeRegistry/REGISTRIES]: Registry minecraft:item: Fixed minecraft:item id mismatch create:copper_shingle_slab: 2019 (init) -> 2021 (map).
[26Dec2025 18:17:01.041] [Render thread/DEBUG] [net.minecraftforge.registries.ForgeRegistry/REGISTRIES]: Registry minecraft:item: Fixed minecraft:item id mismatch create:copper_shingle_stairs: 2023 (init) -> 2025 (map).
[26Dec2025 18:17:01.041] [Render thread/DEBUG] [net.minecraftforge.registries.ForgeRegistry/REGISTRIES]: Registry minecraft:item: Fixed minecraft:item id mismatch create:copper_shingles: 2015 (init) -> 2017 (map).
[26Dec2025 18:17:01.041] [Render thread/DEBUG] [net.minecraftforge.registries.ForgeRegistry/REGISTRIES]: Registry minecraft:item: Fixed minecraft:item id mismatch create:copper_table_cloth: 1824 (init) -> 1826 (map).
[26Dec2025 18:17:01.041] [Render thread/DEBUG] [net.minecraftforge.registries.ForgeRegistry/REGISTRIES]: Registry minecraft:item: Fixed minecraft:item id mismatch create:copper_tile_slab: 2043 (init) -> 2045 (map).
[26Dec2025 18:17:01.041] [Render thread/DEBUG] [net.minecraftforge.registries.ForgeRegistry/REGISTRIES]: Registry minecraft:item: Fixed minecraft:item id mismatch create:copper_tile_stairs: 2047 (init) -> 2049 (map).
[26Dec2025 18:17:01.041] [Render thread/DEBUG] [net.minecraftforge.registries.ForgeRegistry/REGISTRIES]: Registry minecraft:item: Fixed minecraft:item id mismatch create:copper_tiles: 2039 (init) -> 2041 (map).
[26Dec2025 18:17:01.041] [Render thread/DEBUG] [net.minecraftforge.registries.ForgeRegistry/REGISTRIES]: Registry minecraft:item: Fixed minecraft:item id mismatch create:copper_valve_handle: 1705 (init) -> 1707 (map).
[26Dec2025 18:17:01.041] [Render thread/DEBUG] [net.minecraftforge.registries.ForgeRegistry/REGISTRIES]: Registry minecraft:item: Fixed minecraft:item id mismatch create:copycat_panel: 1977 (init) -> 1979 (map).
[26Dec2025 18:17:01.041] [Render thread/DEBUG] [net.minecraftforge.registries.ForgeRegistry/REGISTRIES]: Registry minecraft:item: Fixed minecraft:item id mismatch create:copycat_step: 1976 (init) -> 1978 (map).
[26Dec2025 18:17:01.041] [Render thread/DEBUG] [net.minecraftforge.registries.ForgeRegistry/REGISTRIES]: Registry minecraft:item: Fixed minecraft:item id mismatch create:crafter_slot_cover: 1847 (init) -> 1849 (map).
[26Dec2025 18:17:01.041] [Render thread/DEBUG] [net.minecraftforge.registries.ForgeRegistry/REGISTRIES]: Registry minecraft:item: Fixed minecraft:item id mismatch create:crafting_blueprint: 1899 (init) -> 1901 (map).
[26Dec2025 18:17:01.041] [Render thread/DEBUG] [net.minecraftforge.registries.ForgeRegistry/REGISTRIES]: Registry minecraft:item: Fixed minecraft:item id mismatch create:creative_blaze_cake: 1858 (init) -> 1860 (map).
[26Dec2025 18:17:01.041] [Render thread/DEBUG] [net.minecraftforge.registries.ForgeRegistry/REGISTRIES]: Registry minecraft:item: Fixed minecraft:item id mismatch create:creative_crate: 1780 (init) -> 1782 (map).
[26Dec2025 18:17:01.041] [Render thread/DEBUG] [net.minecraftforge.registries.ForgeRegistry/REGISTRIES]: Registry minecraft:item: Fixed minecraft:item id mismatch create:creative_fluid_tank: 1723 (init) -> 1725 (map).
[26Dec2025 18:17:01.041] [Render thread/DEBUG] [net.minecraftforge.registries.ForgeRegistry/REGISTRIES]: Registry minecraft:item: Fixed minecraft:item id mismatch create:creative_motor: 1678 (init) -> 1680 (map).
[26Dec2025 18:17:01.041] [Render thread/DEBUG] [net.minecraftforge.registries.ForgeRegistry/REGISTRIES]: Registry minecraft:item: Fixed minecraft:item id mismatch create:crimsite: 2246 (init) -> 2248 (map).
[26Dec2025 18:17:01.041] [Render thread/DEBUG] [net.minecraftforge.registries.ForgeRegistry/REGISTRIES]: Registry minecraft:item: Fixed minecraft:item id mismatch create:crimsite_pillar: 2264 (init) -> 2266 (map).
[26Dec2025 18:17:01.041] [Render thread/DEBUG] [net.minecraftforge.registries.ForgeRegistry/REGISTRIES]: Registry minecraft:item: Fixed minecraft:item id mismatch create:crimson_window: 2080 (init) -> 2082 (map).
[26Dec2025 18:17:01.041] [Render thread/DEBUG] [net.minecraftforge.registries.ForgeRegistry/REGISTRIES]: Registry minecraft:item: Fixed minecraft:item id mismatch create:crimson_window_pane: 2094 (init) -> 2096 (map).
[26Dec2025 18:17:01.041] [Render thread/DEBUG] [net.minecraftforge.registries.ForgeRegistry/REGISTRIES]: Registry minecraft:item: Fixed minecraft:item id mismatch create:crushed_raw_aluminum: 1890 (init) -> 1892 (map).
[26Dec2025 18:17:01.041] [Render thread/DEBUG] [net.minecraftforge.registries.ForgeRegistry/REGISTRIES]: Registry minecraft:item: Fixed minecraft:item id mismatch create:crushed_raw_copper: 1882 (init) -> 1884 (map).
[26Dec2025 18:17:01.041] [Render thread/DEBUG] [net.minecraftforge.registries.ForgeRegistry/REGISTRIES]: Registry minecraft:item: Fixed minecraft:item id mismatch create:crushed_raw_gold: 1881 (init) -> 1883 (map).
[26Dec2025 18:17:01.041] [Render thread/DEBUG] [net.minecraftforge.registries.ForgeRegistry/REGISTRIES]: Registry minecraft:item: Fixed minecraft:item id mismatch create:crushed_raw_iron: 1880 (init) -> 1882 (map).
[26Dec2025 18:17:01.041] [Render thread/DEBUG] [net.minecraftforge.registries.ForgeRegistry/REGISTRIES]: Registry minecraft:item: Fixed minecraft:item id mismatch create:crushed_raw_lead: 1888 (init) -> 1890 (map).
[26Dec2025 18:17:01.041] [Render thread/DEBUG] [net.minecraftforge.registries.ForgeRegistry/REGISTRIES]: Registry minecraft:item: Fixed minecraft:item id mismatch create:crushed_raw_nickel: 1892 (init) -> 1894 (map).
[26Dec2025 18:17:01.041] [Render thread/DEBUG] [net.minecraftforge.registries.ForgeRegistry/REGISTRIES]: Registry minecraft:item: Fixed minecraft:item id mismatch create:crushed_raw_osmium: 1884 (init) -> 1886 (map).
[26Dec2025 18:17:01.041] [Render thread/DEBUG] [net.minecraftforge.registries.ForgeRegistry/REGISTRIES]: Registry minecraft:item: Fixed minecraft:item id mismatch create:crushed_raw_platinum: 1885 (init) -> 1887 (map).
[26Dec2025 18:17:01.041] [Render thread/DEBUG] [net.minecraftforge.registries.ForgeRegistry/REGISTRIES]: Registry minecraft:item: Fixed minecraft:item id mismatch create:crushed_raw_quicksilver: 1889 (init) -> 1891 (map).
[26Dec2025 18:17:01.041] [Render thread/DEBUG] [net.minecraftforge.registries.ForgeRegistry/REGISTRIES]: Registry minecraft:item: Fixed minecraft:item id mismatch create:crushed_raw_silver: 1886 (init) -> 1888 (map).
[26Dec2025 18:17:01.041] [Render thread/DEBUG] [net.minecraftforge.registries.ForgeRegistry/REGISTRIES]: Registry minecraft:item: Fixed minecraft:item id mismatch create:crushed_raw_tin: 1887 (init) -> 1889 (map).
[26Dec2025 18:17:01.041] [Render thread/DEBUG] [net.minecraftforge.registries.ForgeRegistry/REGISTRIES]: Registry minecraft:item: Fixed minecraft:item id mismatch create:crushed_raw_uranium: 1891 (init) -> 1893 (map).
[26Dec2025 18:17:01.041] [Render thread/DEBUG] [net.minecraftforge.registries.ForgeRegistry/REGISTRIES]: Registry minecraft:item: Fixed minecraft:item id mismatch create:crushed_raw_zinc: 1883 (init) -> 1885 (map).
[26Dec2025 18:17:01.041] [Render thread/DEBUG] [net.minecraftforge.registries.ForgeRegistry/REGISTRIES]: Registry minecraft:item: Fixed minecraft:item id mismatch create:crushing_wheel: 1688 (init) -> 1690 (map).
[26Dec2025 18:17:01.041] [Render thread/DEBUG] [net.minecraftforge.registries.ForgeRegistry/REGISTRIES]: Registry minecraft:item: Fixed minecraft:item id mismatch create:cuckoo_clock: 1685 (init) -> 1687 (map).
[26Dec2025 18:17:01.041] [Render thread/DEBUG] [net.minecraftforge.registries.ForgeRegistry/REGISTRIES]: Registry minecraft:item: Fixed minecraft:item id mismatch create:cut_andesite: 2137 (init) -> 2139 (map).
[26Dec2025 18:17:01.041] [Render thread/DEBUG] [net.minecraftforge.registries.ForgeRegistry/REGISTRIES]: Registry minecraft:item: Fixed minecraft:item id mismatch create:cut_andesite_brick_slab: 2147 (init) -> 2149 (map).
[26Dec2025 18:17:01.041] [Render thread/DEBUG] [net.minecraftforge.registries.ForgeRegistry/REGISTRIES]: Registry minecraft:item: Fixed minecraft:item id mismatch create:cut_andesite_brick_stairs: 2146 (init) -> 2148 (map).
[26Dec2025 18:17:01.041] [Render thread/DEBUG] [net.minecraftforge.registries.ForgeRegistry/REGISTRIES]: Registry minecraft:item: Fixed minecraft:item id mismatch create:cut_andesite_brick_wall: 2148 (init) -> 2150 (map).
[26Dec2025 18:17:01.041] [Render thread/DEBUG] [net.minecraftforge.registries.ForgeRegistry/REGISTRIES]: Registry minecraft:item: Fixed minecraft:item id mismatch create:cut_andesite_bricks: 2145 (init) -> 2147 (map).
[26Dec2025 18:17:01.041] [Render thread/DEBUG] [net.minecraftforge.registries.ForgeRegistry/REGISTRIES]: Registry minecraft:item: Fixed minecraft:item id mismatch create:cut_andesite_slab: 2139 (init) -> 2141 (map).
[26Dec2025 18:17:01.041] [Render thread/DEBUG] [net.minecraftforge.registries.ForgeRegistry/REGISTRIES]: Registry minecraft:item: Fixed minecraft:item id mismatch create:cut_andesite_stairs: 2138 (init) -> 2140 (map).
[26Dec2025 18:17:01.041] [Render thread/DEBUG] [net.minecraftforge.registries.ForgeRegistry/REGISTRIES]: Registry minecraft:item: Fixed minecraft:item id mismatch create:cut_andesite_wall: 2140 (init) -> 2142 (map).
[26Dec2025 18:17:01.041] [Render thread/DEBUG] [net.minecraftforge.registries.ForgeRegistry/REGISTRIES]: Registry minecraft:item: Fixed minecraft:item id mismatch create:cut_asurine: 2228 (init) -> 2230 (map).
[26Dec2025 18:17:01.041] [Render thread/DEBUG] [net.minecraftforge.registries.ForgeRegistry/REGISTRIES]: Registry minecraft:item: Fixed minecraft:item id mismatch create:cut_asurine_brick_slab: 2238 (init) -> 2240 (map).
[26Dec2025 18:17:01.041] [Render thread/DEBUG] [net.minecraftforge.registries.ForgeRegistry/REGISTRIES]: Registry minecraft:item: Fixed minecraft:item id mismatch create:cut_asurine_brick_stairs: 2237 (init) -> 2239 (map).
[26Dec2025 18:17:01.041] [Render thread/DEBUG] [net.minecraftforge.registries.ForgeRegistry/REGISTRIES]: Registry minecraft:item: Fixed minecraft:item id mismatch create:cut_asurine_brick_wall: 2239 (init) -> 2241 (map).
[26Dec2025 18:17:01.042] [Render thread/DEBUG] [net.minecraftforge.registries.ForgeRegistry/REGISTRIES]: Registry minecraft:item: Fixed minecraft:item id mismatch create:cut_asurine_bricks: 2236 (init) -> 2238 (map).
[26Dec2025 18:17:01.042] [Render thread/DEBUG] [net.minecraftforge.registries.ForgeRegistry/REGISTRIES]: Registry minecraft:item: Fixed minecraft:item id mismatch create:cut_asurine_slab: 2230 (init) -> 2232 (map).
[26Dec2025 18:17:01.042] [Render thread/DEBUG] [net.minecraftforge.registries.ForgeRegistry/REGISTRIES]: Registry minecraft:item: Fixed minecraft:item id mismatch create:cut_asurine_stairs: 2229 (init) -> 2231 (map).
[26Dec2025 18:17:01.042] [Render thread/DEBUG] [net.minecraftforge.registries.ForgeRegistry/REGISTRIES]: Registry minecraft:item: Fixed minecraft:item id mismatch create:cut_asurine_wall: 2231 (init) -> 2233 (map).
[26Dec2025 18:17:01.042] [Render thread/DEBUG] [net.minecraftforge.registries.ForgeRegistry/REGISTRIES]: Registry minecraft:item: Fixed minecraft:item id mismatch create:cut_calcite: 2155 (init) -> 2157 (map).
[26Dec2025 18:17:01.042] [Render thread/DEBUG] [net.minecraftforge.registries.ForgeRegistry/REGISTRIES]: Registry minecraft:item: Fixed minecraft:item id mismatch create:cut_calcite_brick_slab: 2165 (init) -> 2167 (map).
[26Dec2025 18:17:01.042] [Render thread/DEBUG] [net.minecraftforge.registries.ForgeRegistry/REGISTRIES]: Registry minecraft:item: Fixed minecraft:item id mismatch create:cut_calcite_brick_stairs: 2164 (init) -> 2166 (map).
[26Dec2025 18:17:01.042] [Render thread/DEBUG] [net.minecraftforge.registries.ForgeRegistry/REGISTRIES]: Registry minecraft:item: Fixed minecraft:item id mismatch create:cut_calcite_brick_wall: 2166 (init) -> 2168 (map).
[26Dec2025 18:17:01.042] [Render thread/DEBUG] [net.minecraftforge.registries.ForgeRegistry/REGISTRIES]: Registry minecraft:item: Fixed minecraft:item id mismatch create:cut_calcite_bricks: 2163 (init) -> 2165 (map).
[26Dec2025 18:17:01.042] [Render thread/DEBUG] [net.minecraftforge.registries.ForgeRegistry/REGISTRIES]: Registry minecraft:item: Fixed minecraft:item id mismatch create:cut_calcite_slab: 2157 (init) -> 2159 (map).
[26Dec2025 18:17:01.042] [Render thread/DEBUG] [net.minecraftforge.registries.ForgeRegistry/REGISTRIES]: Registry minecraft:item: Fixed minecraft:item id mismatch create:cut_calcite_stairs: 2156 (init) -> 2158 (map).
[26Dec2025 18:17:01.042] [Render thread/DEBUG] [net.minecraftforge.registries.ForgeRegistry/REGISTRIES]: Registry minecraft:item: Fixed minecraft:item id mismatch create:cut_calcite_wall: 2158 (init) -> 2160 (map).
[26Dec2025 18:17:01.042] [Render thread/DEBUG] [net.minecraftforge.registries.ForgeRegistry/REGISTRIES]: Registry minecraft:item: Fixed minecraft:item id mismatch create:cut_crimsite: 2247 (init) -> 2249 (map).
[26Dec2025 18:17:01.042] [Render thread/DEBUG] [net.minecraftforge.registries.ForgeRegistry/REGISTRIES]: Registry minecraft:item: Fixed minecraft:item id mismatch create:cut_crimsite_brick_slab: 2257 (init) -> 2259 (map).
[26Dec2025 18:17:01.042] [Render thread/DEBUG] [net.minecraftforge.registries.ForgeRegistry/REGISTRIES]: Registry minecraft:item: Fixed minecraft:item id mismatch create:cut_crimsite_brick_stairs: 2256 (init) -> 2258 (map).
[26Dec2025 18:17:01.042] [Render thread/DEBUG] [net.minecraftforge.registries.ForgeRegistry/REGISTRIES]: Registry minecraft:item: Fixed minecraft:item id mismatch create:cut_crimsite_brick_wall: 2258 (init) -> 2260 (map).
[26Dec2025 18:17:01.042] [Render thread/DEBUG] [net.minecraftforge.registries.ForgeRegistry/REGISTRIES]: Registry minecraft:item: Fixed minecraft:item id mismatch create:cut_crimsite_bricks: 2255 (init) -> 2257 (map).
[26Dec2025 18:17:01.042] [Render thread/DEBUG] [net.minecraftforge.registries.ForgeRegistry/REGISTRIES]: Registry minecraft:item: Fixed minecraft:item id mismatch create:cut_crimsite_slab: 2249 (init) -> 2251 (map).
[26Dec2025 18:17:01.042] [Render thread/DEBUG] [net.minecraftforge.registries.ForgeRegistry/REGISTRIES]: Registry minecraft:item: Fixed minecraft:item id mismatch create:cut_crimsite_stairs: 2248 (init) -> 2250 (map).
[26Dec2025 18:17:01.042] [Render thread/DEBUG] [net.minecraftforge.registries.ForgeRegistry/REGISTRIES]: Registry minecraft:item: Fixed minecraft:item id mismatch create:cut_crimsite_wall: 2250 (init) -> 2252 (map).
[26Dec2025 18:17:01.042] [Render thread/DEBUG] [net.minecraftforge.registries.ForgeRegistry/REGISTRIES]: Registry minecraft:item: Fixed minecraft:item id mismatch create:cut_deepslate: 2191 (init) -> 2193 (map).
[26Dec2025 18:17:01.042] [Render thread/DEBUG] [net.minecraftforge.registries.ForgeRegistry/REGISTRIES]: Registry minecraft:item: Fixed minecraft:item id mismatch create:cut_deepslate_brick_slab: 2201 (init) -> 2203 (map).
[26Dec2025 18:17:01.042] [Render thread/DEBUG] [net.minecraftforge.registries.ForgeRegistry/REGISTRIES]: Registry minecraft:item: Fixed minecraft:item id mismatch create:cut_deepslate_brick_stairs: 2200 (init) -> 2202 (map).
[26Dec2025 18:17:01.042] [Render thread/DEBUG] [net.minecraftforge.registries.ForgeRegistry/REGISTRIES]: Registry minecraft:item: Fixed minecraft:item id mismatch create:cut_deepslate_brick_wall: 2202 (init) -> 2204 (map).
[26Dec2025 18:17:01.042] [Render thread/DEBUG] [net.minecraftforge.registries.ForgeRegistry/REGISTRIES]: Registry minecraft:item: Fixed minecraft:item id mismatch create:cut_deepslate_bricks: 2199 (init) -> 2201 (map).
[26Dec2025 18:17:01.042] [Render thread/DEBUG] [net.minecraftforge.registries.ForgeRegistry/REGISTRIES]: Registry minecraft:item: Fixed minecraft:item id mismatch create:cut_deepslate_slab: 2193 (init) -> 2195 (map).
[26Dec2025 18:17:01.042] [Render thread/DEBUG] [net.minecraftforge.registries.ForgeRegistry/REGISTRIES]: Registry minecraft:item: Fixed minecraft:item id mismatch create:cut_deepslate_stairs: 2192 (init) -> 2194 (map).
[26Dec2025 18:17:01.042] [Render thread/DEBUG] [net.minecraftforge.registries.ForgeRegistry/REGISTRIES]: Registry minecraft:item: Fixed minecraft:item id mismatch create:cut_deepslate_wall: 2194 (init) -> 2196 (map).
[26Dec2025 18:17:01.042] [Render thread/DEBUG] [net.minecraftforge.registries.ForgeRegistry/REGISTRIES]: Registry minecraft:item: Fixed minecraft:item id mismatch create:cut_diorite: 2119 (init) -> 2121 (map).
[26Dec2025 18:17:01.042] [Render thread/DEBUG] [net.minecraftforge.registries.ForgeRegistry/REGISTRIES]: Registry minecraft:item: Fixed minecraft:item id mismatch create:cut_diorite_brick_slab: 2129 (init) -> 2131 (map).
[26Dec2025 18:17:01.042] [Render thread/DEBUG] [net.minecraftforge.registries.ForgeRegistry/REGISTRIES]: Registry minecraft:item: Fixed minecraft:item id mismatch create:cut_diorite_brick_stairs: 2128 (init) -> 2130 (map).
[26Dec2025 18:17:01.042] [Render thread/DEBUG] [net.minecraftforge.registries.ForgeRegistry/REGISTRIES]: Registry minecraft:item: Fixed minecraft:item id mismatch create:cut_diorite_brick_wall: 2130 (init) -> 2132 (map).
[26Dec2025 18:17:01.042] [Render thread/DEBUG] [net.minecraftforge.registries.ForgeRegistry/REGISTRIES]: Registry minecraft:item: Fixed minecraft:item id mismatch create:cut_diorite_bricks: 2127 (init) -> 2129 (map).
[26Dec2025 18:17:01.042] [Render thread/DEBUG] [net.minecraftforge.registries.ForgeRegistry/REGISTRIES]: Registry minecraft:item: Fixed minecraft:item id mismatch create:cut_diorite_slab: 2121 (init) -> 2123 (map).
[26Dec2025 18:17:01.042] [Render thread/DEBUG] [net.minecraftforge.registries.ForgeRegistry/REGISTRIES]: Registry minecraft:item: Fixed minecraft:item id mismatch create:cut_diorite_stairs: 2120 (init) -> 2122 (map).
[26Dec2025 18:17:01.042] [Render thread/DEBUG] [net.minecraftforge.registries.ForgeRegistry/REGISTRIES]: Registry minecraft:item: Fixed minecraft:item id mismatch create:cut_diorite_wall: 2122 (init) -> 2124 (map).
[26Dec2025 18:17:01.042] [Render thread/DEBUG] [net.minecraftforge.registries.ForgeRegistry/REGISTRIES]: Registry minecraft:item: Fixed minecraft:item id mismatch create:cut_dripstone: 2173 (init) -> 2175 (map).
[26Dec2025 18:17:01.042] [Render thread/DEBUG] [net.minecraftforge.registries.ForgeRegistry/REGISTRIES]: Registry minecraft:item: Fixed minecraft:item id mismatch create:cut_dripstone_brick_slab: 2183 (init) -> 2185 (map).
[26Dec2025 18:17:01.042] [Render thread/DEBUG] [net.minecraftforge.registries.ForgeRegistry/REGISTRIES]: Registry minecraft:item: Fixed minecraft:item id mismatch create:cut_dripstone_brick_stairs: 2182 (init) -> 2184 (map).
[26Dec2025 18:17:01.042] [Render thread/DEBUG] [net.minecraftforge.registries.ForgeRegistry/REGISTRIES]: Registry minecraft:item: Fixed minecraft:item id mismatch create:cut_dripstone_brick_wall: 2184 (init) -> 2186 (map).
[26Dec2025 18:17:01.042] [Render thread/DEBUG] [net.minecraftforge.registries.ForgeRegistry/REGISTRIES]: Registry minecraft:item: Fixed minecraft:item id mismatch create:cut_dripstone_bricks: 2181 (init) -> 2183 (map).
[26Dec2025 18:17:01.043] [Render thread/DEBUG] [net.minecraftforge.registries.ForgeRegistry/REGISTRIES]: Registry minecraft:item: Fixed minecraft:item id mismatch create:cut_dripstone_slab: 2175 (init) -> 2177 (map).
[26Dec2025 18:17:01.043] [Render thread/DEBUG] [net.minecraftforge.registries.ForgeRegistry/REGISTRIES]: Registry minecraft:item: Fixed minecraft:item id mismatch create:cut_dripstone_stairs: 2174 (init) -> 2176 (map).
[26Dec2025 18:17:01.043] [Render thread/DEBUG] [net.minecraftforge.registries.ForgeRegistry/REGISTRIES]: Registry minecraft:item: Fixed minecraft:item id mismatch create:cut_dripstone_wall: 2176 (init) -> 2178 (map).
[26Dec2025 18:17:01.043] [Render thread/DEBUG] [net.minecraftforge.registries.ForgeRegistry/REGISTRIES]: Registry minecraft:item: Fixed minecraft:item id mismatch create:cut_granite: 2101 (init) -> 2103 (map).
[26Dec2025 18:17:01.043] [Render thread/DEBUG] [net.minecraftforge.registries.ForgeRegistry/REGISTRIES]: Registry minecraft:item: Fixed minecraft:item id mismatch create:cut_granite_brick_slab: 2111 (init) -> 2113 (map).
[26Dec2025 18:17:01.043] [Render thread/DEBUG] [net.minecraftforge.registries.ForgeRegistry/REGISTRIES]: Registry minecraft:item: Fixed minecraft:item id mismatch create:cut_granite_brick_stairs: 2110 (init) -> 2112 (map).
[26Dec2025 18:17:01.043] [Render thread/DEBUG] [net.minecraftforge.registries.ForgeRegistry/REGISTRIES]: Registry minecraft:item: Fixed minecraft:item id mismatch create:cut_granite_brick_wall: 2112 (init) -> 2114 (map).
[26Dec2025 18:17:01.043] [Render thread/DEBUG] [net.minecraftforge.registries.ForgeRegistry/REGISTRIES]: Registry minecraft:item: Fixed minecraft:item id mismatch create:cut_granite_bricks: 2109 (init) -> 2111 (map).
[26Dec2025 18:17:01.043] [Render thread/DEBUG] [net.minecraftforge.registries.ForgeRegistry/REGISTRIES]: Registry minecraft:item: Fixed minecraft:item id mismatch create:cut_granite_slab: 2103 (init) -> 2105 (map).
[26Dec2025 18:17:01.043] [Render thread/DEBUG] [net.minecraftforge.registries.ForgeRegistry/REGISTRIES]: Registry minecraft:item: Fixed minecraft:item id mismatch create:cut_granite_stairs: 2102 (init) -> 2104 (map).
[26Dec2025 18:17:01.043] [Render thread/DEBUG] [net.minecraftforge.registries.ForgeRegistry/REGISTRIES]: Registry minecraft:item: Fixed minecraft:item id mismatch create:cut_granite_wall: 2104 (init) -> 2106 (map).
[26Dec2025 18:17:01.043] [Render thread/DEBUG] [net.minecraftforge.registries.ForgeRegistry/REGISTRIES]: Registry minecraft:item: Fixed minecraft:item id mismatch create:cut_limestone: 2266 (init) -> 2268 (map).
[26Dec2025 18:17:01.043] [Render thread/DEBUG] [net.minecraftforge.registries.ForgeRegistry/REGISTRIES]: Registry minecraft:item: Fixed minecraft:item id mismatch create:cut_limestone_brick_slab: 2276 (init) -> 2278 (map).
[26Dec2025 18:17:01.043] [Render thread/DEBUG] [net.minecraftforge.registries.ForgeRegistry/REGISTRIES]: Registry minecraft:item: Fixed minecraft:item id mismatch create:cut_limestone_brick_stairs: 2275 (init) -> 2277 (map).
[26Dec2025 18:17:01.043] [Render thread/DEBUG] [net.minecraftforge.registries.ForgeRegistry/REGISTRIES]: Registry minecraft:item: Fixed minecraft:item id mismatch create:cut_limestone_brick_wall: 2277 (init) -> 2279 (map).
[26Dec2025 18:17:01.043] [Render thread/DEBUG] [net.minecraftforge.registries.ForgeRegistry/REGISTRIES]: Registry minecraft:item: Fixed minecraft:item id mismatch create:cut_limestone_bricks: 2274 (init) -> 2276 (map).
[26Dec2025 18:17:01.043] [Render thread/DEBUG] [net.minecraftforge.registries.ForgeRegistry/REGISTRIES]: Registry minecraft:item: Fixed minecraft:item id mismatch create:cut_limestone_slab: 2268 (init) -> 2270 (map).
[26Dec2025 18:17:01.043] [Render thread/DEBUG] [net.minecraftforge.registries.ForgeRegistry/REGISTRIES]: Registry minecraft:item: Fixed minecraft:item id mismatch create:cut_limestone_stairs: 2267 (init) -> 2269 (map).
[26Dec2025 18:17:01.043] [Render thread/DEBUG] [net.minecraftforge.registries.ForgeRegistry/REGISTRIES]: Registry minecraft:item: Fixed minecraft:item id mismatch create:cut_limestone_wall: 2269 (init) -> 2271 (map).
[26Dec2025 18:17:01.043] [Render thread/DEBUG] [net.minecraftforge.registries.ForgeRegistry/REGISTRIES]: Registry minecraft:item: Fixed minecraft:item id mismatch create:cut_ochrum: 2285 (init) -> 2287 (map).
[26Dec2025 18:17:01.043] [Render thread/DEBUG] [net.minecraftforge.registries.ForgeRegistry/REGISTRIES]: Registry minecraft:item: Fixed minecraft:item id mismatch create:cut_ochrum_brick_slab: 2295 (init) -> 2297 (map).
[26Dec2025 18:17:01.043] [Render thread/DEBUG] [net.minecraftforge.registries.ForgeRegistry/REGISTRIES]: Registry minecraft:item: Fixed minecraft:item id mismatch create:cut_ochrum_brick_stairs: 2294 (init) -> 2296 (map).
[26Dec2025 18:17:01.043] [Render thread/DEBUG] [net.minecraftforge.registries.ForgeRegistry/REGISTRIES]: Registry minecraft:item: Fixed minecraft:item id mismatch create:cut_ochrum_brick_wall: 2296 (init) -> 2298 (map).
[26Dec2025 18:17:01.043] [Render thread/DEBUG] [net.minecraftforge.registries.ForgeRegistry/REGISTRIES]: Registry minecraft:item: Fixed minecraft:item id mismatch create:cut_ochrum_bricks: 2293 (init) -> 2295 (map).
[26Dec2025 18:17:01.043] [Render thread/DEBUG] [net.minecraftforge.registries.ForgeRegistry/REGISTRIES]: Registry minecraft:item: Fixed minecraft:item id mismatch create:cut_ochrum_slab: 2287 (init) -> 2289 (map).
[26Dec2025 18:17:01.043] [Render thread/DEBUG] [net.minecraftforge.registries.ForgeRegistry/REGISTRIES]: Registry minecraft:item: Fixed minecraft:item id mismatch create:cut_ochrum_stairs: 2286 (init) -> 2288 (map).
[26Dec2025 18:17:01.043] [Render thread/DEBUG] [net.minecraftforge.registries.ForgeRegistry/REGISTRIES]: Registry minecraft:item: Fixed minecraft:item id mismatch create:cut_ochrum_wall: 2288 (init) -> 2290 (map).
[26Dec2025 18:17:01.043] [Render thread/DEBUG] [net.minecraftforge.registries.ForgeRegistry/REGISTRIES]: Registry minecraft:item: Fixed minecraft:item id mismatch create:cut_scorchia: 2323 (init) -> 2325 (map).
[26Dec2025 18:17:01.043] [Render thread/DEBUG] [net.minecraftforge.registries.ForgeRegistry/REGISTRIES]: Registry minecraft:item: Fixed minecraft:item id mismatch create:cut_scorchia_brick_slab: 2333 (init) -> 2335 (map).
[26Dec2025 18:17:01.043] [Render thread/DEBUG] [net.minecraftforge.registries.ForgeRegistry/REGISTRIES]: Registry minecraft:item: Fixed minecraft:item id mismatch create:cut_scorchia_brick_stairs: 2332 (init) -> 2334 (map).
[26Dec2025 18:17:01.043] [Render thread/DEBUG] [net.minecraftforge.registries.ForgeRegistry/REGISTRIES]: Registry minecraft:item: Fixed minecraft:item id mismatch create:cut_scorchia_brick_wall: 2334 (init) -> 2336 (map).
[26Dec2025 18:17:01.043] [Render thread/DEBUG] [net.minecraftforge.registries.ForgeRegistry/REGISTRIES]: Registry minecraft:item: Fixed minecraft:item id mismatch create:cut_scorchia_bricks: 2331 (init) -> 2333 (map).
[26Dec2025 18:17:01.043] [Render thread/DEBUG] [net.minecraftforge.registries.ForgeRegistry/REGISTRIES]: Registry minecraft:item: Fixed minecraft:item id mismatch create:cut_scorchia_slab: 2325 (init) -> 2327 (map).
[26Dec2025 18:17:01.043] [Render thread/DEBUG] [net.minecraftforge.registries.ForgeRegistry/REGISTRIES]: Registry minecraft:item: Fixed minecraft:item id mismatch create:cut_scorchia_stairs: 2324 (init) -> 2326 (map).
[26Dec2025 18:17:01.043] [Render thread/DEBUG] [net.minecraftforge.registries.ForgeRegistry/REGISTRIES]: Registry minecraft:item: Fixed minecraft:item id mismatch create:cut_scorchia_wall: 2326 (init) -> 2328 (map).
[26Dec2025 18:17:01.043] [Render thread/DEBUG] [net.minecraftforge.registries.ForgeRegistry/REGISTRIES]: Registry minecraft:item: Fixed minecraft:item id mismatch create:cut_scoria: 2304 (init) -> 2306 (map).
[26Dec2025 18:17:01.043] [Render thread/DEBUG] [net.minecraftforge.registries.ForgeRegistry/REGISTRIES]: Registry minecraft:item: Fixed minecraft:item id mismatch create:cut_scoria_brick_slab: 2314 (init) -> 2316 (map).
[26Dec2025 18:17:01.043] [Render thread/DEBUG] [net.minecraftforge.registries.ForgeRegistry/REGISTRIES]: Registry minecraft:item: Fixed minecraft:item id mismatch create:cut_scoria_brick_stairs: 2313 (init) -> 2315 (map).
[26Dec2025 18:17:01.043] [Render thread/DEBUG] [net.minecraftforge.registries.ForgeRegistry/REGISTRIES]: Registry minecraft:item: Fixed minecraft:item id mismatch create:cut_scoria_brick_wall: 2315 (init) -> 2317 (map).
[26Dec2025 18:17:01.044] [Render thread/DEBUG] [net.minecraftforge.registries.ForgeRegistry/REGISTRIES]: Registry minecraft:item: Fixed minecraft:item id mismatch create:cut_scoria_bricks: 2312 (init) -> 2314 (map).
[26Dec2025 18:17:01.044] [Render thread/DEBUG] [net.minecraftforge.registries.ForgeRegistry/REGISTRIES]: Registry minecraft:item: Fixed minecraft:item id mismatch create:cut_scoria_slab: 2306 (init) -> 2308 (map).
[26Dec2025 18:17:01.044] [Render thread/DEBUG] [net.minecraftforge.registries.ForgeRegistry/REGISTRIES]: Registry minecraft:item: Fixed minecraft:item id mismatch create:cut_scoria_stairs: 2305 (init) -> 2307 (map).
[26Dec2025 18:17:01.044] [Render thread/DEBUG] [net.minecraftforge.registries.ForgeRegistry/REGISTRIES]: Registry minecraft:item: Fixed minecraft:item id mismatch create:cut_scoria_wall: 2307 (init) -> 2309 (map).
[26Dec2025 18:17:01.044] [Render thread/DEBUG] [net.minecraftforge.registries.ForgeRegistry/REGISTRIES]: Registry minecraft:item: Fixed minecraft:item id mismatch create:cut_tuff: 2209 (init) -> 2211 (map).
[26Dec2025 18:17:01.044] [Render thread/DEBUG] [net.minecraftforge.registries.ForgeRegistry/REGISTRIES]: Registry minecraft:item: Fixed minecraft:item id mismatch create:cut_tuff_brick_slab: 2219 (init) -> 2221 (map).
[26Dec2025 18:17:01.044] [Render thread/DEBUG] [net.minecraftforge.registries.ForgeRegistry/REGISTRIES]: Registry minecraft:item: Fixed minecraft:item id mismatch create:cut_tuff_brick_stairs: 2218 (init) -> 2220 (map).
[26Dec2025 18:17:01.044] [Render thread/DEBUG] [net.minecraftforge.registries.ForgeRegistry/REGISTRIES]: Registry minecraft:item: Fixed minecraft:item id mismatch create:cut_tuff_brick_wall: 2220 (init) -> 2222 (map).
[26Dec2025 18:17:01.044] [Render thread/DEBUG] [net.minecraftforge.registries.ForgeRegistry/REGISTRIES]: Registry minecraft:item: Fixed minecraft:item id mismatch create:cut_tuff_bricks: 2217 (init) -> 2219 (map).
[26Dec2025 18:17:01.044] [Render thread/DEBUG] [net.minecraftforge.registries.ForgeRegistry/REGISTRIES]: Registry minecraft:item: Fixed minecraft:item id mismatch create:cut_tuff_slab: 2211 (init) -> 2213 (map).
[26Dec2025 18:17:01.044] [Render thread/DEBUG] [net.minecraftforge.registries.ForgeRegistry/REGISTRIES]: Registry minecraft:item: Fixed minecraft:item id mismatch create:cut_tuff_stairs: 2210 (init) -> 2212 (map).
[26Dec2025 18:17:01.044] [Render thread/DEBUG] [net.minecraftforge.registries.ForgeRegistry/REGISTRIES]: Registry minecraft:item: Fixed minecraft:item id mismatch create:cut_tuff_wall: 2212 (init) -> 2214 (map).
[26Dec2025 18:17:01.044] [Render thread/DEBUG] [net.minecraftforge.registries.ForgeRegistry/REGISTRIES]: Registry minecraft:item: Fixed minecraft:item id mismatch create:cut_veridium: 2342 (init) -> 2344 (map).
[26Dec2025 18:17:01.044] [Render thread/DEBUG] [net.minecraftforge.registries.ForgeRegistry/REGISTRIES]: Registry minecraft:item: Fixed minecraft:item id mismatch create:cut_veridium_brick_slab: 2352 (init) -> 2354 (map).
[26Dec2025 18:17:01.044] [Render thread/DEBUG] [net.minecraftforge.registries.ForgeRegistry/REGISTRIES]: Registry minecraft:item: Fixed minecraft:item id mismatch create:cut_veridium_brick_stairs: 2351 (init) -> 2353 (map).
[26Dec2025 18:17:01.044] [Render thread/DEBUG] [net.minecraftforge.registries.ForgeRegistry/REGISTRIES]: Registry minecraft:item: Fixed minecraft:item id mismatch create:cut_veridium_brick_wall: 2353 (init) -> 2355 (map).
[26Dec2025 18:17:01.044] [Render thread/DEBUG] [net.minecraftforge.registries.ForgeRegistry/REGISTRIES]: Registry minecraft:item: Fixed minecraft:item id mismatch create:cut_veridium_bricks: 2350 (init) -> 2352 (map).
[26Dec2025 18:17:01.044] [Render thread/DEBUG] [net.minecraftforge.registries.ForgeRegistry/REGISTRIES]: Registry minecraft:item: Fixed minecraft:item id mismatch create:cut_veridium_slab: 2344 (init) -> 2346 (map).
[26Dec2025 18:17:01.044] [Render thread/DEBUG] [net.minecraftforge.registries.ForgeRegistry/REGISTRIES]: Registry minecraft:item: Fixed minecraft:item id mismatch create:cut_veridium_stairs: 2343 (init) -> 2345 (map).
[26Dec2025 18:17:01.044] [Render thread/DEBUG] [net.minecraftforge.registries.ForgeRegistry/REGISTRIES]: Registry minecraft:item: Fixed minecraft:item id mismatch create:cut_veridium_wall: 2345 (init) -> 2347 (map).
[26Dec2025 18:17:01.044] [Render thread/DEBUG] [net.minecraftforge.registries.ForgeRegistry/REGISTRIES]: Registry minecraft:item: Fixed minecraft:item id mismatch create:cyan_postbox: 1795 (init) -> 1797 (map).
[26Dec2025 18:17:01.044] [Render thread/DEBUG] [net.minecraftforge.registries.ForgeRegistry/REGISTRIES]: Registry minecraft:item: Fixed minecraft:item id mismatch create:cyan_seat: 1987 (init) -> 1989 (map).
[26Dec2025 18:17:01.044] [Render thread/DEBUG] [net.minecraftforge.registries.ForgeRegistry/REGISTRIES]: Registry minecraft:item: Fixed minecraft:item id mismatch create:cyan_table_cloth: 1815 (init) -> 1817 (map).
[26Dec2025 18:17:01.044] [Render thread/DEBUG] [net.minecraftforge.registries.ForgeRegistry/REGISTRIES]: Registry minecraft:item: Fixed minecraft:item id mismatch create:cyan_toolbox: 1958 (init) -> 1960 (map).
[26Dec2025 18:17:01.044] [Render thread/DEBUG] [net.minecraftforge.registries.ForgeRegistry/REGISTRIES]: Registry minecraft:item: Fixed minecraft:item id mismatch create:cyan_valve_handle: 1715 (init) -> 1717 (map).
[26Dec2025 18:17:01.044] [Render thread/DEBUG] [net.minecraftforge.registries.ForgeRegistry/REGISTRIES]: Registry minecraft:item: Fixed minecraft:item id mismatch create:dark_oak_window: 2078 (init) -> 2080 (map).
[26Dec2025 18:17:01.044] [Render thread/DEBUG] [net.minecraftforge.registries.ForgeRegistry/REGISTRIES]: Registry minecraft:item: Fixed minecraft:item id mismatch create:dark_oak_window_pane: 2092 (init) -> 2094 (map).
[26Dec2025 18:17:01.044] [Render thread/DEBUG] [net.minecraftforge.registries.ForgeRegistry/REGISTRIES]: Registry minecraft:item: Fixed minecraft:item id mismatch create:deepslate_pillar: 2208 (init) -> 2210 (map).
[26Dec2025 18:17:01.044] [Render thread/DEBUG] [net.minecraftforge.registries.ForgeRegistry/REGISTRIES]: Registry minecraft:item: Fixed minecraft:item id mismatch create:deepslate_zinc_ore: 2002 (init) -> 2004 (map).
[26Dec2025 18:17:01.044] [Render thread/DEBUG] [net.minecraftforge.registries.ForgeRegistry/REGISTRIES]: Registry minecraft:item: Fixed minecraft:item id mismatch create:deployer: 1749 (init) -> 1751 (map).
[26Dec2025 18:17:01.044] [Render thread/DEBUG] [net.minecraftforge.registries.ForgeRegistry/REGISTRIES]: Registry minecraft:item: Fixed minecraft:item id mismatch create:depot: 1693 (init) -> 1695 (map).
[26Dec2025 18:17:01.044] [Render thread/DEBUG] [net.minecraftforge.registries.ForgeRegistry/REGISTRIES]: Registry minecraft:item: Fixed minecraft:item id mismatch create:desk_bell: 1948 (init) -> 1950 (map).
[26Dec2025 18:17:01.044] [Render thread/DEBUG] [net.minecraftforge.registries.ForgeRegistry/REGISTRIES]: Registry minecraft:item: Fixed minecraft:item id mismatch create:diorite_pillar: 2136 (init) -> 2138 (map).
[26Dec2025 18:17:01.045] [Render thread/DEBUG] [net.minecraftforge.registries.ForgeRegistry/REGISTRIES]: Registry minecraft:item: Fixed minecraft:item id mismatch create:display_board: 1826 (init) -> 1828 (map).
[26Dec2025 18:17:01.045] [Render thread/DEBUG] [net.minecraftforge.registries.ForgeRegistry/REGISTRIES]: Registry minecraft:item: Fixed minecraft:item id mismatch create:display_link: 1825 (init) -> 1827 (map).
[26Dec2025 18:17:01.045] [Render thread/DEBUG] [net.minecraftforge.registries.ForgeRegistry/REGISTRIES]: Registry minecraft:item: Fixed minecraft:item id mismatch create:dough: 1838 (init) -> 1840 (map).
[26Dec2025 18:17:01.045] [Render thread/DEBUG] [net.minecraftforge.registries.ForgeRegistry/REGISTRIES]: Registry minecraft:item: Fixed minecraft:item id mismatch create:dripstone_pillar: 2190 (init) -> 2192 (map).
[26Dec2025 18:17:01.045] [Render thread/DEBUG] [net.minecraftforge.registries.ForgeRegistry/REGISTRIES]: Registry minecraft:item: Fixed minecraft:item id mismatch create:electron_tube: 1848 (init) -> 1850 (map).
[26Dec2025 18:17:01.045] [Render thread/DEBUG] [net.minecraftforge.registries.ForgeRegistry/REGISTRIES]: Registry minecraft:item: Fixed minecraft:item id mismatch create:elevator_contact: 1752 (init) -> 1754 (map).
[26Dec2025 18:17:01.045] [Render thread/DEBUG] [net.minecraftforge.registries.ForgeRegistry/REGISTRIES]: Registry minecraft:item: Fixed minecraft:item id mismatch create:elevator_pulley: 1739 (init) -> 1741 (map).
[26Dec2025 18:17:01.045] [Render thread/DEBUG] [net.minecraftforge.registries.ForgeRegistry/REGISTRIES]: Registry minecraft:item: Fixed minecraft:item id mismatch create:empty_blaze_burner: 1895 (init) -> 1897 (map).
[26Dec2025 18:17:01.045] [Render thread/DEBUG] [net.minecraftforge.registries.ForgeRegistry/REGISTRIES]: Registry minecraft:item: Fixed minecraft:item id mismatch create:empty_schematic: 1943 (init) -> 1945 (map).
[26Dec2025 18:17:01.045] [Render thread/DEBUG] [net.minecraftforge.registries.ForgeRegistry/REGISTRIES]: Registry minecraft:item: Fixed minecraft:item id mismatch create:encased_chain_drive: 1675 (init) -> 1677 (map).
[26Dec2025 18:17:01.045] [Render thread/DEBUG] [net.minecraftforge.registries.ForgeRegistry/REGISTRIES]: Registry minecraft:item: Fixed minecraft:item id mismatch create:encased_fan: 1681 (init) -> 1683 (map).
[26Dec2025 18:17:01.045] [Render thread/DEBUG] [net.minecraftforge.registries.ForgeRegistry/REGISTRIES]: Registry minecraft:item: Fixed minecraft:item id mismatch create:experience_block: 2011 (init) -> 2013 (map).
[26Dec2025 18:17:01.045] [Render thread/DEBUG] [net.minecraftforge.registries.ForgeRegistry/REGISTRIES]: Registry minecraft:item: Fixed minecraft:item id mismatch create:experience_nugget: 1875 (init) -> 1877 (map).
[26Dec2025 18:17:01.045] [Render thread/DEBUG] [net.minecraftforge.registries.ForgeRegistry/REGISTRIES]: Registry minecraft:item: Fixed minecraft:item id mismatch create:exposed_copper_shingle_slab: 2020 (init) -> 2022 (map).
[26Dec2025 18:17:01.045] [Render thread/DEBUG] [net.minecraftforge.registries.ForgeRegistry/REGISTRIES]: Registry minecraft:item: Fixed minecraft:item id mismatch create:exposed_copper_shingle_stairs: 2024 (init) -> 2026 (map).
[26Dec2025 18:17:01.045] [Render thread/DEBUG] [net.minecraftforge.registries.ForgeRegistry/REGISTRIES]: Registry minecraft:item: Fixed minecraft:item id mismatch create:exposed_copper_shingles: 2016 (init) -> 2018 (map).
[26Dec2025 18:17:01.045] [Render thread/DEBUG] [net.minecraftforge.registries.ForgeRegistry/REGISTRIES]: Registry minecraft:item: Fixed minecraft:item id mismatch create:exposed_copper_tile_slab: 2044 (init) -> 2046 (map).
[26Dec2025 18:17:01.045] [Render thread/DEBUG] [net.minecraftforge.registries.ForgeRegistry/REGISTRIES]: Registry minecraft:item: Fixed minecraft:item id mismatch create:exposed_copper_tile_stairs: 2048 (init) -> 2050 (map).
[26Dec2025 18:17:01.045] [Render thread/DEBUG] [net.minecraftforge.registries.ForgeRegistry/REGISTRIES]: Registry minecraft:item: Fixed minecraft:item id mismatch create:exposed_copper_tiles: 2040 (init) -> 2042 (map).
[26Dec2025 18:17:01.045] [Render thread/DEBUG] [net.minecraftforge.registries.ForgeRegistry/REGISTRIES]: Registry minecraft:item: Fixed minecraft:item id mismatch create:extendo_grip: 1920 (init) -> 1922 (map).
[26Dec2025 18:17:01.045] [Render thread/DEBUG] [net.minecraftforge.registries.ForgeRegistry/REGISTRIES]: Registry minecraft:item: Fixed minecraft:item id mismatch create:factory_gauge: 1805 (init) -> 1807 (map).
[26Dec2025 18:17:01.045] [Render thread/DEBUG] [net.minecraftforge.registries.ForgeRegistry/REGISTRIES]: Registry minecraft:item: Fixed minecraft:item id mismatch create:filter: 1938 (init) -> 1940 (map).
[26Dec2025 18:17:01.045] [Render thread/DEBUG] [net.minecraftforge.registries.ForgeRegistry/REGISTRIES]: Registry minecraft:item: Fixed minecraft:item id mismatch create:fluid_pipe: 1701 (init) -> 1703 (map).
[26Dec2025 18:17:01.045] [Render thread/DEBUG] [net.minecraftforge.registries.ForgeRegistry/REGISTRIES]: Registry minecraft:item: Fixed minecraft:item id mismatch create:fluid_tank: 1722 (init) -> 1724 (map).
[26Dec2025 18:17:01.045] [Render thread/DEBUG] [net.minecraftforge.registries.ForgeRegistry/REGISTRIES]: Registry minecraft:item: Fixed minecraft:item id mismatch create:fluid_valve: 1704 (init) -> 1706 (map).
[26Dec2025 18:17:01.045] [Render thread/DEBUG] [net.minecraftforge.registries.ForgeRegistry/REGISTRIES]: Registry minecraft:item: Fixed minecraft:item id mismatch create:flywheel: 1765 (init) -> 1767 (map).
[26Dec2025 18:17:01.045] [Render thread/DEBUG] [net.minecraftforge.registries.ForgeRegistry/REGISTRIES]: Registry minecraft:item: Fixed minecraft:item id mismatch create:framed_glass: 2066 (init) -> 2068 (map).
[26Dec2025 18:17:01.045] [Render thread/DEBUG] [net.minecraftforge.registries.ForgeRegistry/REGISTRIES]: Registry minecraft:item: Fixed minecraft:item id mismatch create:framed_glass_door: 1999 (init) -> 2001 (map).
[26Dec2025 18:17:01.045] [Render thread/DEBUG] [net.minecraftforge.registries.ForgeRegistry/REGISTRIES]: Registry minecraft:item: Fixed minecraft:item id mismatch create:framed_glass_pane: 2070 (init) -> 2072 (map).
[26Dec2025 18:17:01.045] [Render thread/DEBUG] [net.minecraftforge.registries.ForgeRegistry/REGISTRIES]: Registry minecraft:item: Fixed minecraft:item id mismatch create:framed_glass_trapdoor: 2000 (init) -> 2002 (map).
[26Dec2025 18:17:01.045] [Render thread/DEBUG] [net.minecraftforge.registries.ForgeRegistry/REGISTRIES]: Registry minecraft:item: Fixed minecraft:item id mismatch create:furnace_minecart_contraption: 1916 (init) -> 1918 (map).
[26Dec2025 18:17:01.045] [Render thread/DEBUG] [net.minecraftforge.registries.ForgeRegistry/REGISTRIES]: Registry minecraft:item: Fixed minecraft:item id mismatch create:gantry_carriage: 1733 (init) -> 1735 (map).
[26Dec2025 18:17:01.045] [Render thread/DEBUG] [net.minecraftforge.registries.ForgeRegistry/REGISTRIES]: Registry minecraft:item: Fixed minecraft:item id mismatch create:gantry_shaft: 1734 (init) -> 1736 (map).
[26Dec2025 18:17:01.045] [Render thread/DEBUG] [net.minecraftforge.registries.ForgeRegistry/REGISTRIES]: Registry minecraft:item: Fixed minecraft:item id mismatch create:gearbox: 1672 (init) -> 1674 (map).
[26Dec2025 18:17:01.045] [Render thread/DEBUG] [net.minecraftforge.registries.ForgeRegistry/REGISTRIES]: Registry minecraft:item: Fixed minecraft:item id mismatch create:gearshift: 1674 (init) -> 1676 (map).
[26Dec2025 18:17:01.045] [Render thread/DEBUG] [net.minecraftforge.registries.ForgeRegistry/REGISTRIES]: Registry minecraft:item: Fixed minecraft:item id mismatch create:goggles: 1896 (init) -> 1898 (map).
[26Dec2025 18:17:01.045] [Render thread/DEBUG] [net.minecraftforge.registries.ForgeRegistry/REGISTRIES]: Registry minecraft:item: Fixed minecraft:item id mismatch create:golden_sheet: 1879 (init) -> 1881 (map).
[26Dec2025 18:17:01.045] [Render thread/DEBUG] [net.minecraftforge.registries.ForgeRegistry/REGISTRIES]: Registry minecraft:item: Fixed minecraft:item id mismatch create:granite_pillar: 2118 (init) -> 2120 (map).
[26Dec2025 18:17:01.046] [Render thread/DEBUG] [net.minecraftforge.registries.ForgeRegistry/REGISTRIES]: Registry minecraft:item: Fixed minecraft:item id mismatch create:gray_postbox: 1793 (init) -> 1795 (map).
[26Dec2025 18:17:01.046] [Render thread/DEBUG] [net.minecraftforge.registries.ForgeRegistry/REGISTRIES]: Registry minecraft:item: Fixed minecraft:item id mismatch create:gray_seat: 1985 (init) -> 1987 (map).
[26Dec2025 18:17:01.046] [Render thread/DEBUG] [net.minecraftforge.registries.ForgeRegistry/REGISTRIES]: Registry minecraft:item: Fixed minecraft:item id mismatch create:gray_table_cloth: 1813 (init) -> 1815 (map).
[26Dec2025 18:17:01.046] [Render thread/DEBUG] [net.minecraftforge.registries.ForgeRegistry/REGISTRIES]: Registry minecraft:item: Fixed minecraft:item id mismatch create:gray_toolbox: 1956 (init) -> 1958 (map).
[26Dec2025 18:17:01.046] [Render thread/DEBUG] [net.minecraftforge.registries.ForgeRegistry/REGISTRIES]: Registry minecraft:item: Fixed minecraft:item id mismatch create:gray_valve_handle: 1713 (init) -> 1715 (map).
[26Dec2025 18:17:01.046] [Render thread/DEBUG] [net.minecraftforge.registries.ForgeRegistry/REGISTRIES]: Registry minecraft:item: Fixed minecraft:item id mismatch create:green_postbox: 1799 (init) -> 1801 (map).
[26Dec2025 18:17:01.046] [Render thread/DEBUG] [net.minecraftforge.registries.ForgeRegistry/REGISTRIES]: Registry minecraft:item: Fixed minecraft:item id mismatch create:green_seat: 1991 (init) -> 1993 (map).
[26Dec2025 18:17:01.046] [Render thread/DEBUG] [net.minecraftforge.registries.ForgeRegistry/REGISTRIES]: Registry minecraft:item: Fixed minecraft:item id mismatch create:green_table_cloth: 1819 (init) -> 1821 (map).
[26Dec2025 18:17:01.046] [Render thread/DEBUG] [net.minecraftforge.registries.ForgeRegistry/REGISTRIES]: Registry minecraft:item: Fixed minecraft:item id mismatch create:green_toolbox: 1962 (init) -> 1964 (map).
[26Dec2025 18:17:01.046] [Render thread/DEBUG] [net.minecraftforge.registries.ForgeRegistry/REGISTRIES]: Registry minecraft:item: Fixed minecraft:item id mismatch create:green_valve_handle: 1719 (init) -> 1721 (map).
[26Dec2025 18:17:01.046] [Render thread/DEBUG] [net.minecraftforge.registries.ForgeRegistry/REGISTRIES]: Registry minecraft:item: Fixed minecraft:item id mismatch create:hand_crank: 1684 (init) -> 1686 (map).
[26Dec2025 18:17:01.046] [Render thread/DEBUG] [net.minecraftforge.registries.ForgeRegistry/REGISTRIES]: Registry minecraft:item: Fixed minecraft:item id mismatch create:handheld_worldshaper: 1922 (init) -> 1924 (map).
[26Dec2025 18:17:01.046] [Render thread/DEBUG] [net.minecraftforge.registries.ForgeRegistry/REGISTRIES]: Registry minecraft:item: Fixed minecraft:item id mismatch create:haunted_bell: 1947 (init) -> 1949 (map).
[26Dec2025 18:17:01.046] [Render thread/DEBUG] [net.minecraftforge.registries.ForgeRegistry/REGISTRIES]: Registry minecraft:item: Fixed minecraft:item id mismatch create:honey_bucket: 2063 (init) -> 2065 (map).
[26Dec2025 18:17:01.046] [Render thread/DEBUG] [net.minecraftforge.registries.ForgeRegistry/REGISTRIES]: Registry minecraft:item: Fixed minecraft:item id mismatch create:honeyed_apple: 1862 (init) -> 1864 (map).
[26Dec2025 18:17:01.046] [Render thread/DEBUG] [net.minecraftforge.registries.ForgeRegistry/REGISTRIES]: Registry minecraft:item: Fixed minecraft:item id mismatch create:horizontal_framed_glass: 2067 (init) -> 2069 (map).
[26Dec2025 18:17:01.046] [Render thread/DEBUG] [net.minecraftforge.registries.ForgeRegistry/REGISTRIES]: Registry minecraft:item: Fixed minecraft:item id mismatch create:horizontal_framed_glass_pane: 2071 (init) -> 2073 (map).
[26Dec2025 18:17:01.046] [Render thread/DEBUG] [net.minecraftforge.registries.ForgeRegistry/REGISTRIES]: Registry minecraft:item: Fixed minecraft:item id mismatch create:hose_pulley: 1724 (init) -> 1726 (map).
[26Dec2025 18:17:01.046] [Render thread/DEBUG] [net.minecraftforge.registries.ForgeRegistry/REGISTRIES]: Registry minecraft:item: Fixed minecraft:item id mismatch create:incomplete_precision_mechanism: 1852 (init) -> 1854 (map).
[26Dec2025 18:17:01.046] [Render thread/DEBUG] [net.minecraftforge.registries.ForgeRegistry/REGISTRIES]: Registry minecraft:item: Fixed minecraft:item id mismatch create:incomplete_track: 1854 (init) -> 1856 (map).
[26Dec2025 18:17:01.046] [Render thread/DEBUG] [net.minecraftforge.registries.ForgeRegistry/REGISTRIES]: Registry minecraft:item: Fixed minecraft:item id mismatch create:industrial_iron_block: 2006 (init) -> 2008 (map).
[26Dec2025 18:17:01.046] [Render thread/DEBUG] [net.minecraftforge.registries.ForgeRegistry/REGISTRIES]: Registry minecraft:item: Fixed minecraft:item id mismatch create:industrial_iron_window: 2085 (init) -> 2087 (map).
[26Dec2025 18:17:01.046] [Render thread/DEBUG] [net.minecraftforge.registries.ForgeRegistry/REGISTRIES]: Registry minecraft:item: Fixed minecraft:item id mismatch create:industrial_iron_window_pane: 2099 (init) -> 2101 (map).
[26Dec2025 18:17:01.046] [Render thread/DEBUG] [net.minecraftforge.registries.ForgeRegistry/REGISTRIES]: Registry minecraft:item: Fixed minecraft:item id mismatch create:iron_sheet: 1878 (init) -> 1880 (map).
[26Dec2025 18:17:01.046] [Render thread/DEBUG] [net.minecraftforge.registries.ForgeRegistry/REGISTRIES]: Registry minecraft:item: Fixed minecraft:item id mismatch create:item_drain: 1725 (init) -> 1727 (map).
[26Dec2025 18:17:01.046] [Render thread/DEBUG] [net.minecraftforge.registries.ForgeRegistry/REGISTRIES]: Registry minecraft:item: Fixed minecraft:item id mismatch create:item_hatch: 1782 (init) -> 1784 (map).
[26Dec2025 18:17:01.046] [Render thread/DEBUG] [net.minecraftforge.registries.ForgeRegistry/REGISTRIES]: Registry minecraft:item: Fixed minecraft:item id mismatch create:item_vault: 1781 (init) -> 1783 (map).
[26Dec2025 18:17:01.046] [Render thread/DEBUG] [net.minecraftforge.registries.ForgeRegistry/REGISTRIES]: Registry minecraft:item: Fixed minecraft:item id mismatch create:jungle_window: 2076 (init) -> 2078 (map).
[26Dec2025 18:17:01.046] [Render thread/DEBUG] [net.minecraftforge.registries.ForgeRegistry/REGISTRIES]: Registry minecraft:item: Fixed minecraft:item id mismatch create:jungle_window_pane: 2090 (init) -> 2092 (map).
[26Dec2025 18:17:01.046] [Render thread/DEBUG] [net.minecraftforge.registries.ForgeRegistry/REGISTRIES]: Registry minecraft:item: Fixed minecraft:item id mismatch create:large_cogwheel: 1665 (init) -> 1667 (map).
[26Dec2025 18:17:01.046] [Render thread/DEBUG] [net.minecraftforge.registries.ForgeRegistry/REGISTRIES]: Registry minecraft:item: Fixed minecraft:item id mismatch create:large_water_wheel: 1680 (init) -> 1682 (map).
[26Dec2025 18:17:01.046] [Render thread/DEBUG] [net.minecraftforge.registries.ForgeRegistry/REGISTRIES]: Registry minecraft:item: Fixed minecraft:item id mismatch create:layered_andesite: 2153 (init) -> 2155 (map).
[26Dec2025 18:17:01.046] [Render thread/DEBUG] [net.minecraftforge.registries.ForgeRegistry/REGISTRIES]: Registry minecraft:item: Fixed minecraft:item id mismatch create:layered_asurine: 2244 (init) -> 2246 (map).
[26Dec2025 18:17:01.046] [Render thread/DEBUG] [net.minecraftforge.registries.ForgeRegistry/REGISTRIES]: Registry minecraft:item: Fixed minecraft:item id mismatch create:layered_calcite: 2171 (init) -> 2173 (map).
[26Dec2025 18:17:01.046] [Render thread/DEBUG] [net.minecraftforge.registries.ForgeRegistry/REGISTRIES]: Registry minecraft:item: Fixed minecraft:item id mismatch create:layered_crimsite: 2263 (init) -> 2265 (map).
[26Dec2025 18:17:01.047] [Render thread/DEBUG] [net.minecraftforge.registries.ForgeRegistry/REGISTRIES]: Registry minecraft:item: Fixed minecraft:item id mismatch create:layered_deepslate: 2207 (init) -> 2209 (map).
[26Dec2025 18:17:01.047] [Render thread/DEBUG] [net.minecraftforge.registries.ForgeRegistry/REGISTRIES]: Registry minecraft:item: Fixed minecraft:item id mismatch create:layered_diorite: 2135 (init) -> 2137 (map).
[26Dec2025 18:17:01.047] [Render thread/DEBUG] [net.minecraftforge.registries.ForgeRegistry/REGISTRIES]: Registry minecraft:item: Fixed minecraft:item id mismatch create:layered_dripstone: 2189 (init) -> 2191 (map).
[26Dec2025 18:17:01.047] [Render thread/DEBUG] [net.minecraftforge.registries.ForgeRegistry/REGISTRIES]: Registry minecraft:item: Fixed minecraft:item id mismatch create:layered_granite: 2117 (init) -> 2119 (map).
[26Dec2025 18:17:01.047] [Render thread/DEBUG] [net.minecraftforge.registries.ForgeRegistry/REGISTRIES]: Registry minecraft:item: Fixed minecraft:item id mismatch create:layered_limestone: 2282 (init) -> 2284 (map).
[26Dec2025 18:17:01.047] [Render thread/DEBUG] [net.minecraftforge.registries.ForgeRegistry/REGISTRIES]: Registry minecraft:item: Fixed minecraft:item id mismatch create:layered_ochrum: 2301 (init) -> 2303 (map).
[26Dec2025 18:17:01.047] [Render thread/DEBUG] [net.minecraftforge.registries.ForgeRegistry/REGISTRIES]: Registry minecraft:item: Fixed minecraft:item id mismatch create:layered_scorchia: 2339 (init) -> 2341 (map).
[26Dec2025 18:17:01.047] [Render thread/DEBUG] [net.minecraftforge.registries.ForgeRegistry/REGISTRIES]: Registry minecraft:item: Fixed minecraft:item id mismatch create:layered_scoria: 2320 (init) -> 2322 (map).
[26Dec2025 18:17:01.047] [Render thread/DEBUG] [net.minecraftforge.registries.ForgeRegistry/REGISTRIES]: Registry minecraft:item: Fixed minecraft:item id mismatch create:layered_tuff: 2225 (init) -> 2227 (map).
[26Dec2025 18:17:01.047] [Render thread/DEBUG] [net.minecraftforge.registries.ForgeRegistry/REGISTRIES]: Registry minecraft:item: Fixed minecraft:item id mismatch create:layered_veridium: 2358 (init) -> 2360 (map).
[26Dec2025 18:17:01.047] [Render thread/DEBUG] [net.minecraftforge.registries.ForgeRegistry/REGISTRIES]: Registry minecraft:item: Fixed minecraft:item id mismatch create:light_blue_postbox: 1789 (init) -> 1791 (map).
[26Dec2025 18:17:01.047] [Render thread/DEBUG] [net.minecraftforge.registries.ForgeRegistry/REGISTRIES]: Registry minecraft:item: Fixed minecraft:item id mismatch create:light_blue_seat: 1981 (init) -> 1983 (map).
[26Dec2025 18:17:01.047] [Render thread/DEBUG] [net.minecraftforge.registries.ForgeRegistry/REGISTRIES]: Registry minecraft:item: Fixed minecraft:item id mismatch create:light_blue_table_cloth: 1809 (init) -> 1811 (map).
[26Dec2025 18:17:01.047] [Render thread/DEBUG] [net.minecraftforge.registries.ForgeRegistry/REGISTRIES]: Registry minecraft:item: Fixed minecraft:item id mismatch create:light_blue_toolbox: 1952 (init) -> 1954 (map).
[26Dec2025 18:17:01.047] [Render thread/DEBUG] [net.minecraftforge.registries.ForgeRegistry/REGISTRIES]: Registry minecraft:item: Fixed minecraft:item id mismatch create:light_blue_valve_handle: 1709 (init) -> 1711 (map).
[26Dec2025 18:17:01.047] [Render thread/DEBUG] [net.minecraftforge.registries.ForgeRegistry/REGISTRIES]: Registry minecraft:item: Fixed minecraft:item id mismatch create:light_gray_postbox: 1794 (init) -> 1796 (map).
[26Dec2025 18:17:01.047] [Render thread/DEBUG] [net.minecraftforge.registries.ForgeRegistry/REGISTRIES]: Registry minecraft:item: Fixed minecraft:item id mismatch create:light_gray_seat: 1986 (init) -> 1988 (map).
[26Dec2025 18:17:01.047] [Render thread/DEBUG] [net.minecraftforge.registries.ForgeRegistry/REGISTRIES]: Registry minecraft:item: Fixed minecraft:item id mismatch create:light_gray_table_cloth: 1814 (init) -> 1816 (map).
[26Dec2025 18:17:01.047] [Render thread/DEBUG] [net.minecraftforge.registries.ForgeRegistry/REGISTRIES]: Registry minecraft:item: Fixed minecraft:item id mismatch create:light_gray_toolbox: 1957 (init) -> 1959 (map).
[26Dec2025 18:17:01.047] [Render thread/DEBUG] [net.minecraftforge.registries.ForgeRegistry/REGISTRIES]: Registry minecraft:item: Fixed minecraft:item id mismatch create:light_gray_valve_handle: 1714 (init) -> 1716 (map).
[26Dec2025 18:17:01.047] [Render thread/DEBUG] [net.minecraftforge.registries.ForgeRegistry/REGISTRIES]: Registry minecraft:item: Fixed minecraft:item id mismatch create:lime_postbox: 1791 (init) -> 1793 (map).
[26Dec2025 18:17:01.047] [Render thread/DEBUG] [net.minecraftforge.registries.ForgeRegistry/REGISTRIES]: Registry minecraft:item: Fixed minecraft:item id mismatch create:lime_seat: 1983 (init) -> 1985 (map).
[26Dec2025 18:17:01.047] [Render thread/DEBUG] [net.minecraftforge.registries.ForgeRegistry/REGISTRIES]: Registry minecraft:item: Fixed minecraft:item id mismatch create:lime_table_cloth: 1811 (init) -> 1813 (map).
[26Dec2025 18:17:01.047] [Render thread/DEBUG] [net.minecraftforge.registries.ForgeRegistry/REGISTRIES]: Registry minecraft:item: Fixed minecraft:item id mismatch create:lime_toolbox: 1954 (init) -> 1956 (map).
[26Dec2025 18:17:01.047] [Render thread/DEBUG] [net.minecraftforge.registries.ForgeRegistry/REGISTRIES]: Registry minecraft:item: Fixed minecraft:item id mismatch create:lime_valve_handle: 1711 (init) -> 1713 (map).
[26Dec2025 18:17:01.047] [Render thread/DEBUG] [net.minecraftforge.registries.ForgeRegistry/REGISTRIES]: Registry minecraft:item: Fixed minecraft:item id mismatch create:limestone: 2265 (init) -> 2267 (map).
[26Dec2025 18:17:01.047] [Render thread/DEBUG] [net.minecraftforge.registries.ForgeRegistry/REGISTRIES]: Registry minecraft:item: Fixed minecraft:item id mismatch create:limestone_pillar: 2283 (init) -> 2285 (map).
[26Dec2025 18:17:01.047] [Render thread/DEBUG] [net.minecraftforge.registries.ForgeRegistry/REGISTRIES]: Registry minecraft:item: Fixed minecraft:item id mismatch create:linear_chassis: 1742 (init) -> 1744 (map).
[26Dec2025 18:17:01.047] [Render thread/DEBUG] [net.minecraftforge.registries.ForgeRegistry/REGISTRIES]: Registry minecraft:item: Fixed minecraft:item id mismatch create:linked_controller: 1918 (init) -> 1920 (map).
[26Dec2025 18:17:01.047] [Render thread/DEBUG] [net.minecraftforge.registries.ForgeRegistry/REGISTRIES]: Registry minecraft:item: Fixed minecraft:item id mismatch create:magenta_postbox: 1788 (init) -> 1790 (map).
[26Dec2025 18:17:01.047] [Render thread/DEBUG] [net.minecraftforge.registries.ForgeRegistry/REGISTRIES]: Registry minecraft:item: Fixed minecraft:item id mismatch create:magenta_seat: 1980 (init) -> 1982 (map).
[26Dec2025 18:17:01.047] [Render thread/DEBUG] [net.minecraftforge.registries.ForgeRegistry/REGISTRIES]: Registry minecraft:item: Fixed minecraft:item id mismatch create:magenta_table_cloth: 1808 (init) -> 1810 (map).
[26Dec2025 18:17:01.047] [Render thread/DEBUG] [net.minecraftforge.registries.ForgeRegistry/REGISTRIES]: Registry minecraft:item: Fixed minecraft:item id mismatch create:magenta_toolbox: 1951 (init) -> 1953 (map).
[26Dec2025 18:17:01.047] [Render thread/DEBUG] [net.minecraftforge.registries.ForgeRegistry/REGISTRIES]: Registry minecraft:item: Fixed minecraft:item id mismatch create:magenta_valve_handle: 1708 (init) -> 1710 (map).
[26Dec2025 18:17:01.047] [Render thread/DEBUG] [net.minecraftforge.registries.ForgeRegistry/REGISTRIES]: Registry minecraft:item: Fixed minecraft:item id mismatch create:mangrove_window: 2079 (init) -> 2081 (map).
[26Dec2025 18:17:01.047] [Render thread/DEBUG] [net.minecraftforge.registries.ForgeRegistry/REGISTRIES]: Registry minecraft:item: Fixed minecraft:item id mismatch create:mangrove_window_pane: 2093 (init) -> 2095 (map).
[26Dec2025 18:17:01.047] [Render thread/DEBUG] [net.minecraftforge.registries.ForgeRegistry/REGISTRIES]: Registry minecraft:item: Fixed minecraft:item id mismatch create:mechanical_arm: 1767 (init) -> 1769 (map).
[26Dec2025 18:17:01.047] [Render thread/DEBUG] [net.minecraftforge.registries.ForgeRegistry/REGISTRIES]: Registry minecraft:item: Fixed minecraft:item id mismatch create:mechanical_bearing: 1736 (init) -> 1738 (map).
[26Dec2025 18:17:01.047] [Render thread/DEBUG] [net.minecraftforge.registries.ForgeRegistry/REGISTRIES]: Registry minecraft:item: Fixed minecraft:item id mismatch create:mechanical_crafter: 1763 (init) -> 1765 (map).
[26Dec2025 18:17:01.047] [Render thread/DEBUG] [net.minecraftforge.registries.ForgeRegistry/REGISTRIES]: Registry minecraft:item: Fixed minecraft:item id mismatch create:mechanical_drill: 1747 (init) -> 1749 (map).
[26Dec2025 18:17:01.047] [Render thread/DEBUG] [net.minecraftforge.registries.ForgeRegistry/REGISTRIES]: Registry minecraft:item: Fixed minecraft:item id mismatch create:mechanical_harvester: 1753 (init) -> 1755 (map).
[26Dec2025 18:17:01.047] [Render thread/DEBUG] [net.minecraftforge.registries.ForgeRegistry/REGISTRIES]: Registry minecraft:item: Fixed minecraft:item id mismatch create:mechanical_mixer: 1690 (init) -> 1692 (map).
[26Dec2025 18:17:01.047] [Render thread/DEBUG] [net.minecraftforge.registries.ForgeRegistry/REGISTRIES]: Registry minecraft:item: Fixed minecraft:item id mismatch create:mechanical_piston: 1730 (init) -> 1732 (map).
[26Dec2025 18:17:01.047] [Render thread/DEBUG] [net.minecraftforge.registries.ForgeRegistry/REGISTRIES]: Registry minecraft:item: Fixed minecraft:item id mismatch create:mechanical_plough: 1754 (init) -> 1756 (map).
[26Dec2025 18:17:01.047] [Render thread/DEBUG] [net.minecraftforge.registries.ForgeRegistry/REGISTRIES]: Registry minecraft:item: Fixed minecraft:item id mismatch create:mechanical_press: 1689 (init) -> 1691 (map).
[26Dec2025 18:17:01.047] [Render thread/DEBUG] [net.minecraftforge.registries.ForgeRegistry/REGISTRIES]: Registry minecraft:item: Fixed minecraft:item id mismatch create:mechanical_pump: 1702 (init) -> 1704 (map).
[26Dec2025 18:17:01.047] [Render thread/DEBUG] [net.minecraftforge.registries.ForgeRegistry/REGISTRIES]: Registry minecraft:item: Fixed minecraft:item id mismatch create:mechanical_roller: 1755 (init) -> 1757 (map).
[26Dec2025 18:17:01.047] [Render thread/DEBUG] [net.minecraftforge.registries.ForgeRegistry/REGISTRIES]: Registry minecraft:item: Fixed minecraft:item id mismatch create:mechanical_saw: 1748 (init) -> 1750 (map).
[26Dec2025 18:17:01.047] [Render thread/DEBUG] [net.minecraftforge.registries.ForgeRegistry/REGISTRIES]: Registry minecraft:item: Fixed minecraft:item id mismatch create:metal_bracket: 1700 (init) -> 1702 (map).
[26Dec2025 18:17:01.047] [Render thread/DEBUG] [net.minecraftforge.registries.ForgeRegistry/REGISTRIES]: Registry minecraft:item: Fixed minecraft:item id mismatch create:metal_girder: 1975 (init) -> 1977 (map).
[26Dec2025 18:17:01.047] [Render thread/DEBUG] [net.minecraftforge.registries.ForgeRegistry/REGISTRIES]: Registry minecraft:item: Fixed minecraft:item id mismatch create:millstone: 1687 (init) -> 1689 (map).
[26Dec2025 18:17:01.047] [Render thread/DEBUG] [net.minecraftforge.registries.ForgeRegistry/REGISTRIES]: Registry minecraft:item: Fixed minecraft:item id mismatch create:minecart_contraption: 1915 (init) -> 1917 (map).
[26Dec2025 18:17:01.047] [Render thread/DEBUG] [net.minecraftforge.registries.ForgeRegistry/REGISTRIES]: Registry minecraft:item: Fixed minecraft:item id mismatch create:minecart_coupling: 1898 (init) -> 1900 (map).
[26Dec2025 18:17:01.047] [Render thread/DEBUG] [net.minecraftforge.registries.ForgeRegistry/REGISTRIES]: Registry minecraft:item: Fixed minecraft:item id mismatch create:mysterious_cuckoo_clock: 1686 (init) -> 1688 (map).
[26Dec2025 18:17:01.047] [Render thread/DEBUG] [net.minecraftforge.registries.ForgeRegistry/REGISTRIES]: Registry minecraft:item: Fixed minecraft:item id mismatch create:netherite_backtank: 1903 (init) -> 1905 (map).
[26Dec2025 18:17:01.047] [Render thread/DEBUG] [net.minecraftforge.registries.ForgeRegistry/REGISTRIES]: Registry minecraft:item: Fixed minecraft:item id mismatch create:netherite_backtank_placeable: 1901 (init) -> 1903 (map).
[26Dec2025 18:17:01.047] [Render thread/DEBUG] [net.minecraftforge.registries.ForgeRegistry/REGISTRIES]: Registry minecraft:item: Fixed minecraft:item id mismatch create:netherite_diving_boots: 1907 (init) -> 1909 (map).
[26Dec2025 18:17:01.047] [Render thread/DEBUG] [net.minecraftforge.registries.ForgeRegistry/REGISTRIES]: Registry minecraft:item: Fixed minecraft:item id mismatch create:netherite_diving_helmet: 1905 (init) -> 1907 (map).
[26Dec2025 18:17:01.047] [Render thread/DEBUG] [net.minecraftforge.registries.ForgeRegistry/REGISTRIES]: Registry minecraft:item: Fixed minecraft:item id mismatch create:nixie_tube: 1827 (init) -> 1829 (map).
[26Dec2025 18:17:01.047] [Render thread/DEBUG] [net.minecraftforge.registries.ForgeRegistry/REGISTRIES]: Registry minecraft:item: Fixed minecraft:item id mismatch create:nozzle: 1682 (init) -> 1684 (map).
[26Dec2025 18:17:01.048] [Render thread/DEBUG] [net.minecraftforge.registries.ForgeRegistry/REGISTRIES]: Registry minecraft:item: Fixed minecraft:item id mismatch create:oak_window: 2073 (init) -> 2075 (map).
[26Dec2025 18:17:01.048] [Render thread/DEBUG] [net.minecraftforge.registries.ForgeRegistry/REGISTRIES]: Registry minecraft:item: Fixed minecraft:item id mismatch create:oak_window_pane: 2087 (init) -> 2089 (map).
[26Dec2025 18:17:01.048] [Render thread/DEBUG] [net.minecraftforge.registries.ForgeRegistry/REGISTRIES]: Registry minecraft:item: Fixed minecraft:item id mismatch create:ochrum: 2284 (init) -> 2286 (map).
[26Dec2025 18:17:01.048] [Render thread/DEBUG] [net.minecraftforge.registries.ForgeRegistry/REGISTRIES]: Registry minecraft:item: Fixed minecraft:item id mismatch create:ochrum_pillar: 2302 (init) -> 2304 (map).
[26Dec2025 18:17:01.048] [Render thread/DEBUG] [net.minecraftforge.registries.ForgeRegistry/REGISTRIES]: Registry minecraft:item: Fixed minecraft:item id mismatch create:orange_postbox: 1787 (init) -> 1789 (map).
[26Dec2025 18:17:01.048] [Render thread/DEBUG] [net.minecraftforge.registries.ForgeRegistry/REGISTRIES]: Registry minecraft:item: Fixed minecraft:item id mismatch create:orange_seat: 1979 (init) -> 1981 (map).
[26Dec2025 18:17:01.048] [Render thread/DEBUG] [net.minecraftforge.registries.ForgeRegistry/REGISTRIES]: Registry minecraft:item: Fixed minecraft:item id mismatch create:orange_table_cloth: 1807 (init) -> 1809 (map).
[26Dec2025 18:17:01.048] [Render thread/DEBUG] [net.minecraftforge.registries.ForgeRegistry/REGISTRIES]: Registry minecraft:item: Fixed minecraft:item id mismatch create:orange_toolbox: 1950 (init) -> 1952 (map).
[26Dec2025 18:17:01.048] [Render thread/DEBUG] [net.minecraftforge.registries.ForgeRegistry/REGISTRIES]: Registry minecraft:item: Fixed minecraft:item id mismatch create:orange_valve_handle: 1707 (init) -> 1709 (map).
[26Dec2025 18:17:01.048] [Render thread/DEBUG] [net.minecraftforge.registries.ForgeRegistry/REGISTRIES]: Registry minecraft:item: Fixed minecraft:item id mismatch create:ornate_iron_window: 2084 (init) -> 2086 (map).
[26Dec2025 18:17:01.048] [Render thread/DEBUG] [net.minecraftforge.registries.ForgeRegistry/REGISTRIES]: Registry minecraft:item: Fixed minecraft:item id mismatch create:ornate_iron_window_pane: 2098 (init) -> 2100 (map).
[26Dec2025 18:17:01.048] [Render thread/DEBUG] [net.minecraftforge.registries.ForgeRegistry/REGISTRIES]: Registry minecraft:item: Fixed minecraft:item id mismatch create:oxidized_copper_shingle_slab: 2022 (init) -> 2024 (map).
[26Dec2025 18:17:01.048] [Render thread/DEBUG] [net.minecraftforge.registries.ForgeRegistry/REGISTRIES]: Registry minecraft:item: Fixed minecraft:item id mismatch create:oxidized_copper_shingle_stairs: 2026 (init) -> 2028 (map).
[26Dec2025 18:17:01.048] [Render thread/DEBUG] [net.minecraftforge.registries.ForgeRegistry/REGISTRIES]: Registry minecraft:item: Fixed minecraft:item id mismatch create:oxidized_copper_shingles: 2018 (init) -> 2020 (map).
[26Dec2025 18:17:01.048] [Render thread/DEBUG] [net.minecraftforge.registries.ForgeRegistry/REGISTRIES]: Registry minecraft:item: Fixed minecraft:item id mismatch create:oxidized_copper_tile_slab: 2046 (init) -> 2048 (map).
[26Dec2025 18:17:01.048] [Render thread/DEBUG] [net.minecraftforge.registries.ForgeRegistry/REGISTRIES]: Registry minecraft:item: Fixed minecraft:item id mismatch create:oxidized_copper_tile_stairs: 2050 (init) -> 2052 (map).
[26Dec2025 18:17:01.048] [Render thread/DEBUG] [net.minecraftforge.registries.ForgeRegistry/REGISTRIES]: Registry minecraft:item: Fixed minecraft:item id mismatch create:oxidized_copper_tiles: 2042 (init) -> 2044 (map).
[26Dec2025 18:17:01.048] [Render thread/DEBUG] [net.minecraftforge.registries.ForgeRegistry/REGISTRIES]: Registry minecraft:item: Fixed minecraft:item id mismatch create:package_filter: 1940 (init) -> 1942 (map).
[26Dec2025 18:17:01.048] [Render thread/DEBUG] [net.minecraftforge.registries.ForgeRegistry/REGISTRIES]: Registry minecraft:item: Fixed minecraft:item id mismatch create:package_frogport: 1785 (init) -> 1787 (map).
[26Dec2025 18:17:01.048] [Render thread/DEBUG] [net.minecraftforge.registries.ForgeRegistry/REGISTRIES]: Registry minecraft:item: Fixed minecraft:item id mismatch create:packager: 1783 (init) -> 1785 (map).
[26Dec2025 18:17:01.048] [Render thread/DEBUG] [net.minecraftforge.registries.ForgeRegistry/REGISTRIES]: Registry minecraft:item: Fixed minecraft:item id mismatch create:peculiar_bell: 1946 (init) -> 1948 (map).
[26Dec2025 18:17:01.048] [Render thread/DEBUG] [net.minecraftforge.registries.ForgeRegistry/REGISTRIES]: Registry minecraft:item: Fixed minecraft:item id mismatch create:pink_postbox: 1792 (init) -> 1794 (map).
[26Dec2025 18:17:01.048] [Render thread/DEBUG] [net.minecraftforge.registries.ForgeRegistry/REGISTRIES]: Registry minecraft:item: Fixed minecraft:item id mismatch create:pink_seat: 1984 (init) -> 1986 (map).
[26Dec2025 18:17:01.048] [Render thread/DEBUG] [net.minecraftforge.registries.ForgeRegistry/REGISTRIES]: Registry minecraft:item: Fixed minecraft:item id mismatch create:pink_table_cloth: 1812 (init) -> 1814 (map).
[26Dec2025 18:17:01.048] [Render thread/DEBUG] [net.minecraftforge.registries.ForgeRegistry/REGISTRIES]: Registry minecraft:item: Fixed minecraft:item id mismatch create:pink_toolbox: 1955 (init) -> 1957 (map).
[26Dec2025 18:17:01.048] [Render thread/DEBUG] [net.minecraftforge.registries.ForgeRegistry/REGISTRIES]: Registry minecraft:item: Fixed minecraft:item id mismatch create:pink_valve_handle: 1712 (init) -> 1714 (map).
[26Dec2025 18:17:01.048] [Render thread/DEBUG] [net.minecraftforge.registries.ForgeRegistry/REGISTRIES]: Registry minecraft:item: Fixed minecraft:item id mismatch create:piston_extension_pole: 1732 (init) -> 1734 (map).
[26Dec2025 18:17:01.048] [Render thread/DEBUG] [net.minecraftforge.registries.ForgeRegistry/REGISTRIES]: Registry minecraft:item: Fixed minecraft:item id mismatch create:placard: 1831 (init) -> 1833 (map).
[26Dec2025 18:17:01.048] [Render thread/DEBUG] [net.minecraftforge.registries.ForgeRegistry/REGISTRIES]: Registry minecraft:item: Fixed minecraft:item id mismatch create:polished_cut_andesite: 2141 (init) -> 2143 (map).
[26Dec2025 18:17:01.048] [Render thread/DEBUG] [net.minecraftforge.registries.ForgeRegistry/REGISTRIES]: Registry minecraft:item: Fixed minecraft:item id mismatch create:polished_cut_andesite_slab: 2143 (init) -> 2145 (map).
[26Dec2025 18:17:01.048] [Render thread/DEBUG] [net.minecraftforge.registries.ForgeRegistry/REGISTRIES]: Registry minecraft:item: Fixed minecraft:item id mismatch create:polished_cut_andesite_stairs: 2142 (init) -> 2144 (map).
[26Dec2025 18:17:01.048] [Render thread/DEBUG] [net.minecraftforge.registries.ForgeRegistry/REGISTRIES]: Registry minecraft:item: Fixed minecraft:item id mismatch create:polished_cut_andesite_wall: 2144 (init) -> 2146 (map).
[26Dec2025 18:17:01.048] [Render thread/DEBUG] [net.minecraftforge.registries.ForgeRegistry/REGISTRIES]: Registry minecraft:item: Fixed minecraft:item id mismatch create:polished_cut_asurine: 2232 (init) -> 2234 (map).
[26Dec2025 18:17:01.049] [Render thread/DEBUG] [net.minecraftforge.registries.ForgeRegistry/REGISTRIES]: Registry minecraft:item: Fixed minecraft:item id mismatch create:polished_cut_asurine_slab: 2234 (init) -> 2236 (map).
[26Dec2025 18:17:01.049] [Render thread/DEBUG] [net.minecraftforge.registries.ForgeRegistry/REGISTRIES]: Registry minecraft:item: Fixed minecraft:item id mismatch create:polished_cut_asurine_stairs: 2233 (init) -> 2235 (map).
[26Dec2025 18:17:01.049] [Render thread/DEBUG] [net.minecraftforge.registries.ForgeRegistry/REGISTRIES]: Registry minecraft:item: Fixed minecraft:item id mismatch create:polished_cut_asurine_wall: 2235 (init) -> 2237 (map).
[26Dec2025 18:17:01.049] [Render thread/DEBUG] [net.minecraftforge.registries.ForgeRegistry/REGISTRIES]: Registry minecraft:item: Fixed minecraft:item id mismatch create:polished_cut_calcite: 2159 (init) -> 2161 (map).
[26Dec2025 18:17:01.049] [Render thread/DEBUG] [net.minecraftforge.registries.ForgeRegistry/REGISTRIES]: Registry minecraft:item: Fixed minecraft:item id mismatch create:polished_cut_calcite_slab: 2161 (init) -> 2163 (map).
[26Dec2025 18:17:01.049] [Render thread/DEBUG] [net.minecraftforge.registries.ForgeRegistry/REGISTRIES]: Registry minecraft:item: Fixed minecraft:item id mismatch create:polished_cut_calcite_stairs: 2160 (init) -> 2162 (map).
[26Dec2025 18:17:01.049] [Render thread/DEBUG] [net.minecraftforge.registries.ForgeRegistry/REGISTRIES]: Registry minecraft:item: Fixed minecraft:item id mismatch create:polished_cut_calcite_wall: 2162 (init) -> 2164 (map).
[26Dec2025 18:17:01.049] [Render thread/DEBUG] [net.minecraftforge.registries.ForgeRegistry/REGISTRIES]: Registry minecraft:item: Fixed minecraft:item id mismatch create:polished_cut_crimsite: 2251 (init) -> 2253 (map).
[26Dec2025 18:17:01.049] [Render thread/DEBUG] [net.minecraftforge.registries.ForgeRegistry/REGISTRIES]: Registry minecraft:item: Fixed minecraft:item id mismatch create:polished_cut_crimsite_slab: 2253 (init) -> 2255 (map).
[26Dec2025 18:17:01.049] [Render thread/DEBUG] [net.minecraftforge.registries.ForgeRegistry/REGISTRIES]: Registry minecraft:item: Fixed minecraft:item id mismatch create:polished_cut_crimsite_stairs: 2252 (init) -> 2254 (map).
[26Dec2025 18:17:01.049] [Render thread/DEBUG] [net.minecraftforge.registries.ForgeRegistry/REGISTRIES]: Registry minecraft:item: Fixed minecraft:item id mismatch create:polished_cut_crimsite_wall: 2254 (init) -> 2256 (map).
[26Dec2025 18:17:01.049] [Render thread/DEBUG] [net.minecraftforge.registries.ForgeRegistry/REGISTRIES]: Registry minecraft:item: Fixed minecraft:item id mismatch create:polished_cut_deepslate: 2195 (init) -> 2197 (map).
[26Dec2025 18:17:01.049] [Render thread/DEBUG] [net.minecraftforge.registries.ForgeRegistry/REGISTRIES]: Registry minecraft:item: Fixed minecraft:item id mismatch create:polished_cut_deepslate_slab: 2197 (init) -> 2199 (map).
[26Dec2025 18:17:01.049] [Render thread/DEBUG] [net.minecraftforge.registries.ForgeRegistry/REGISTRIES]: Registry minecraft:item: Fixed minecraft:item id mismatch create:polished_cut_deepslate_stairs: 2196 (init) -> 2198 (map).
[26Dec2025 18:17:01.049] [Render thread/DEBUG] [net.minecraftforge.registries.ForgeRegistry/REGISTRIES]: Registry minecraft:item: Fixed minecraft:item id mismatch create:polished_cut_deepslate_wall: 2198 (init) -> 2200 (map).
[26Dec2025 18:17:01.049] [Render thread/DEBUG] [net.minecraftforge.registries.ForgeRegistry/REGISTRIES]: Registry minecraft:item: Fixed minecraft:item id mismatch create:polished_cut_diorite: 2123 (init) -> 2125 (map).
[26Dec2025 18:17:01.049] [Render thread/DEBUG] [net.minecraftforge.registries.ForgeRegistry/REGISTRIES]: Registry minecraft:item: Fixed minecraft:item id mismatch create:polished_cut_diorite_slab: 2125 (init) -> 2127 (map).
[26Dec2025 18:17:01.049] [Render thread/DEBUG] [net.minecraftforge.registries.ForgeRegistry/REGISTRIES]: Registry minecraft:item: Fixed minecraft:item id mismatch create:polished_cut_diorite_stairs: 2124 (init) -> 2126 (map).
[26Dec2025 18:17:01.049] [Render thread/DEBUG] [net.minecraftforge.registries.ForgeRegistry/REGISTRIES]: Registry minecraft:item: Fixed minecraft:item id mismatch create:polished_cut_diorite_wall: 2126 (init) -> 2128 (map).
[26Dec2025 18:17:01.049] [Render thread/DEBUG] [net.minecraftforge.registries.ForgeRegistry/REGISTRIES]: Registry minecraft:item: Fixed minecraft:item id mismatch create:polished_cut_dripstone: 2177 (init) -> 2179 (map).
[26Dec2025 18:17:01.049] [Render thread/DEBUG] [net.minecraftforge.registries.ForgeRegistry/REGISTRIES]: Registry minecraft:item: Fixed minecraft:item id mismatch create:polished_cut_dripstone_slab: 2179 (init) -> 2181 (map).
[26Dec2025 18:17:01.049] [Render thread/DEBUG] [net.minecraftforge.registries.ForgeRegistry/REGISTRIES]: Registry minecraft:item: Fixed minecraft:item id mismatch create:polished_cut_dripstone_stairs: 2178 (init) -> 2180 (map).
[26Dec2025 18:17:01.049] [Render thread/DEBUG] [net.minecraftforge.registries.ForgeRegistry/REGISTRIES]: Registry minecraft:item: Fixed minecraft:item id mismatch create:polished_cut_dripstone_wall: 2180 (init) -> 2182 (map).
[26Dec2025 18:17:01.049] [Render thread/DEBUG] [net.minecraftforge.registries.ForgeRegistry/REGISTRIES]: Registry minecraft:item: Fixed minecraft:item id mismatch create:polished_cut_granite: 2105 (init) -> 2107 (map).
[26Dec2025 18:17:01.049] [Render thread/DEBUG] [net.minecraftforge.registries.ForgeRegistry/REGISTRIES]: Registry minecraft:item: Fixed minecraft:item id mismatch create:polished_cut_granite_slab: 2107 (init) -> 2109 (map).
[26Dec2025 18:17:01.049] [Render thread/DEBUG] [net.minecraftforge.registries.ForgeRegistry/REGISTRIES]: Registry minecraft:item: Fixed minecraft:item id mismatch create:polished_cut_granite_stairs: 2106 (init) -> 2108 (map).
[26Dec2025 18:17:01.049] [Render thread/DEBUG] [net.minecraftforge.registries.ForgeRegistry/REGISTRIES]: Registry minecraft:item: Fixed minecraft:item id mismatch create:polished_cut_granite_wall: 2108 (init) -> 2110 (map).
[26Dec2025 18:17:01.049] [Render thread/DEBUG] [net.minecraftforge.registries.ForgeRegistry/REGISTRIES]: Registry minecraft:item: Fixed minecraft:item id mismatch create:polished_cut_limestone: 2270 (init) -> 2272 (map).
[26Dec2025 18:17:01.049] [Render thread/DEBUG] [net.minecraftforge.registries.ForgeRegistry/REGISTRIES]: Registry minecraft:item: Fixed minecraft:item id mismatch create:polished_cut_limestone_slab: 2272 (init) -> 2274 (map).
[26Dec2025 18:17:01.049] [Render thread/DEBUG] [net.minecraftforge.registries.ForgeRegistry/REGISTRIES]: Registry minecraft:item: Fixed minecraft:item id mismatch create:polished_cut_limestone_stairs: 2271 (init) -> 2273 (map).
[26Dec2025 18:17:01.049] [Render thread/DEBUG] [net.minecraftforge.registries.ForgeRegistry/REGISTRIES]: Registry minecraft:item: Fixed minecraft:item id mismatch create:polished_cut_limestone_wall: 2273 (init) -> 2275 (map).
[26Dec2025 18:17:01.049] [Render thread/DEBUG] [net.minecraftforge.registries.ForgeRegistry/REGISTRIES]: Registry minecraft:item: Fixed minecraft:item id mismatch create:polished_cut_ochrum: 2289 (init) -> 2291 (map).
[26Dec2025 18:17:01.049] [Render thread/DEBUG] [net.minecraftforge.registries.ForgeRegistry/REGISTRIES]: Registry minecraft:item: Fixed minecraft:item id mismatch create:polished_cut_ochrum_slab: 2291 (init) -> 2293 (map).
[26Dec2025 18:17:01.049] [Render thread/DEBUG] [net.minecraftforge.registries.ForgeRegistry/REGISTRIES]: Registry minecraft:item: Fixed minecraft:item id mismatch create:polished_cut_ochrum_stairs: 2290 (init) -> 2292 (map).
[26Dec2025 18:17:01.049] [Render thread/DEBUG] [net.minecraftforge.registries.ForgeRegistry/REGISTRIES]: Registry minecraft:item: Fixed minecraft:item id mismatch create:polished_cut_ochrum_wall: 2292 (init) -> 2294 (map).
[26Dec2025 18:17:01.049] [Render thread/DEBUG] [net.minecraftforge.registries.ForgeRegistry/REGISTRIES]: Registry minecraft:item: Fixed minecraft:item id mismatch create:polished_cut_scorchia: 2327 (init) -> 2329 (map).
[26Dec2025 18:17:01.049] [Render thread/DEBUG] [net.minecraftforge.registries.ForgeRegistry/REGISTRIES]: Registry minecraft:item: Fixed minecraft:item id mismatch create:polished_cut_scorchia_slab: 2329 (init) -> 2331 (map).
[26Dec2025 18:17:01.049] [Render thread/DEBUG] [net.minecraftforge.registries.ForgeRegistry/REGISTRIES]: Registry minecraft:item: Fixed minecraft:item id mismatch create:polished_cut_scorchia_stairs: 2328 (init) -> 2330 (map).
[26Dec2025 18:17:01.049] [Render thread/DEBUG] [net.minecraftforge.registries.ForgeRegistry/REGISTRIES]: Registry minecraft:item: Fixed minecraft:item id mismatch create:polished_cut_scorchia_wall: 2330 (init) -> 2332 (map).
[26Dec2025 18:17:01.049] [Render thread/DEBUG] [net.minecraftforge.registries.ForgeRegistry/REGISTRIES]: Registry minecraft:item: Fixed minecraft:item id mismatch create:polished_cut_scoria: 2308 (init) -> 2310 (map).
[26Dec2025 18:17:01.049] [Render thread/DEBUG] [net.minecraftforge.registries.ForgeRegistry/REGISTRIES]: Registry minecraft:item: Fixed minecraft:item id mismatch create:polished_cut_scoria_slab: 2310 (init) -> 2312 (map).
[26Dec2025 18:17:01.049] [Render thread/DEBUG] [net.minecraftforge.registries.ForgeRegistry/REGISTRIES]: Registry minecraft:item: Fixed minecraft:item id mismatch create:polished_cut_scoria_stairs: 2309 (init) -> 2311 (map).
[26Dec2025 18:17:01.049] [Render thread/DEBUG] [net.minecraftforge.registries.ForgeRegistry/REGISTRIES]: Registry minecraft:item: Fixed minecraft:item id mismatch create:polished_cut_scoria_wall: 2311 (init) -> 2313 (map).
[26Dec2025 18:17:01.049] [Render thread/DEBUG] [net.minecraftforge.registries.ForgeRegistry/REGISTRIES]: Registry minecraft:item: Fixed minecraft:item id mismatch create:polished_cut_tuff: 2213 (init) -> 2215 (map).
[26Dec2025 18:17:01.049] [Render thread/DEBUG] [net.minecraftforge.registries.ForgeRegistry/REGISTRIES]: Registry minecraft:item: Fixed minecraft:item id mismatch create:polished_cut_tuff_slab: 2215 (init) -> 2217 (map).
[26Dec2025 18:17:01.049] [Render thread/DEBUG] [net.minecraftforge.registries.ForgeRegistry/REGISTRIES]: Registry minecraft:item: Fixed minecraft:item id mismatch create:polished_cut_tuff_stairs: 2214 (init) -> 2216 (map).
[26Dec2025 18:17:01.049] [Render thread/DEBUG] [net.minecraftforge.registries.ForgeRegistry/REGISTRIES]: Registry minecraft:item: Fixed minecraft:item id mismatch create:polished_cut_tuff_wall: 2216 (init) -> 2218 (map).
[26Dec2025 18:17:01.049] [Render thread/DEBUG] [net.minecraftforge.registries.ForgeRegistry/REGISTRIES]: Registry minecraft:item: Fixed minecraft:item id mismatch create:polished_cut_veridium: 2346 (init) -> 2348 (map).
[26Dec2025 18:17:01.049] [Render thread/DEBUG] [net.minecraftforge.registries.ForgeRegistry/REGISTRIES]: Registry minecraft:item: Fixed minecraft:item id mismatch create:polished_cut_veridium_slab: 2348 (init) -> 2350 (map).
[26Dec2025 18:17:01.049] [Render thread/DEBUG] [net.minecraftforge.registries.ForgeRegistry/REGISTRIES]: Registry minecraft:item: Fixed minecraft:item id mismatch create:polished_cut_veridium_stairs: 2347 (init) -> 2349 (map).
[26Dec2025 18:17:01.049] [Render thread/DEBUG] [net.minecraftforge.registries.ForgeRegistry/REGISTRIES]: Registry minecraft:item: Fixed minecraft:item id mismatch create:polished_cut_veridium_wall: 2349 (init) -> 2351 (map).
[26Dec2025 18:17:01.049] [Render thread/DEBUG] [net.minecraftforge.registries.ForgeRegistry/REGISTRIES]: Registry minecraft:item: Fixed minecraft:item id mismatch create:polished_rose_quartz: 1841 (init) -> 1843 (map).
[26Dec2025 18:17:01.049] [Render thread/DEBUG] [net.minecraftforge.registries.ForgeRegistry/REGISTRIES]: Registry minecraft:item: Fixed minecraft:item id mismatch create:portable_fluid_interface: 1727 (init) -> 1729 (map).
[26Dec2025 18:17:01.049] [Render thread/DEBUG] [net.minecraftforge.registries.ForgeRegistry/REGISTRIES]: Registry minecraft:item: Fixed minecraft:item id mismatch create:portable_storage_interface: 1750 (init) -> 1752 (map).
[26Dec2025 18:17:01.049] [Render thread/DEBUG] [net.minecraftforge.registries.ForgeRegistry/REGISTRIES]: Registry minecraft:item: Fixed minecraft:item id mismatch create:potato_cannon: 1919 (init) -> 1921 (map).
[26Dec2025 18:17:01.049] [Render thread/DEBUG] [net.minecraftforge.registries.ForgeRegistry/REGISTRIES]: Registry minecraft:item: Fixed minecraft:item id mismatch create:powdered_obsidian: 1842 (init) -> 1844 (map).
[26Dec2025 18:17:01.049] [Render thread/DEBUG] [net.minecraftforge.registries.ForgeRegistry/REGISTRIES]: Registry minecraft:item: Fixed minecraft:item id mismatch create:powered_latch: 1835 (init) -> 1837 (map).
[26Dec2025 18:17:01.049] [Render thread/DEBUG] [net.minecraftforge.registries.ForgeRegistry/REGISTRIES]: Registry minecraft:item: Fixed minecraft:item id mismatch create:powered_toggle_latch: 1836 (init) -> 1838 (map).
[26Dec2025 18:17:01.051] [Render thread/DEBUG] [net.minecraftforge.registries.ForgeRegistry/REGISTRIES]: Registry minecraft:item: Fixed minecraft:item id mismatch create:precision_mechanism: 1855 (init) -> 1857 (map).
[26Dec2025 18:17:01.051] [Render thread/DEBUG] [net.minecraftforge.registries.ForgeRegistry/REGISTRIES]: Registry minecraft:item: Fixed minecraft:item id mismatch create:propeller: 1844 (init) -> 1846 (map).
[26Dec2025 18:17:01.051] [Render thread/DEBUG] [net.minecraftforge.registries.ForgeRegistry/REGISTRIES]: Registry minecraft:item: Fixed minecraft:item id mismatch create:pulp: 1850 (init) -> 1852 (map).
[26Dec2025 18:17:01.051] [Render thread/DEBUG] [net.minecraftforge.registries.ForgeRegistry/REGISTRIES]: Registry minecraft:item: Fixed minecraft:item id mismatch create:pulse_extender: 1833 (init) -> 1835 (map).
[26Dec2025 18:17:01.051] [Render thread/DEBUG] [net.minecraftforge.registries.ForgeRegistry/REGISTRIES]: Registry minecraft:item: Fixed minecraft:item id mismatch create:pulse_repeater: 1832 (init) -> 1834 (map).
[26Dec2025 18:17:01.051] [Render thread/DEBUG] [net.minecraftforge.registries.ForgeRegistry/REGISTRIES]: Registry minecraft:item: Fixed minecraft:item id mismatch create:pulse_timer: 1834 (init) -> 1836 (map).
[26Dec2025 18:17:01.051] [Render thread/DEBUG] [net.minecraftforge.registries.ForgeRegistry/REGISTRIES]: Registry minecraft:item: Fixed minecraft:item id mismatch create:purple_postbox: 1796 (init) -> 1798 (map).
[26Dec2025 18:17:01.051] [Render thread/DEBUG] [net.minecraftforge.registries.ForgeRegistry/REGISTRIES]: Registry minecraft:item: Fixed minecraft:item id mismatch create:purple_seat: 1988 (init) -> 1990 (map).
[26Dec2025 18:17:01.051] [Render thread/DEBUG] [net.minecraftforge.registries.ForgeRegistry/REGISTRIES]: Registry minecraft:item: Fixed minecraft:item id mismatch create:purple_table_cloth: 1816 (init) -> 1818 (map).
[26Dec2025 18:17:01.051] [Render thread/DEBUG] [net.minecraftforge.registries.ForgeRegistry/REGISTRIES]: Registry minecraft:item: Fixed minecraft:item id mismatch create:purple_toolbox: 1959 (init) -> 1961 (map).
[26Dec2025 18:17:01.051] [Render thread/DEBUG] [net.minecraftforge.registries.ForgeRegistry/REGISTRIES]: Registry minecraft:item: Fixed minecraft:item id mismatch create:purple_valve_handle: 1716 (init) -> 1718 (map).
[26Dec2025 18:17:01.051] [Render thread/DEBUG] [net.minecraftforge.registries.ForgeRegistry/REGISTRIES]: Registry minecraft:item: Fixed minecraft:item id mismatch create:radial_chassis: 1744 (init) -> 1746 (map).
[26Dec2025 18:17:01.051] [Render thread/DEBUG] [net.minecraftforge.registries.ForgeRegistry/REGISTRIES]: Registry minecraft:item: Fixed minecraft:item id mismatch create:railway_casing: 1769 (init) -> 1771 (map).
[26Dec2025 18:17:01.051] [Render thread/DEBUG] [net.minecraftforge.registries.ForgeRegistry/REGISTRIES]: Registry minecraft:item: Fixed minecraft:item id mismatch create:rare_creeper_package: 1928 (init) -> 1930 (map).
[26Dec2025 18:17:01.051] [Render thread/DEBUG] [net.minecraftforge.registries.ForgeRegistry/REGISTRIES]: Registry minecraft:item: Fixed minecraft:item id mismatch create:rare_darcy_package: 1929 (init) -> 1931 (map).
[26Dec2025 18:17:01.051] [Render thread/DEBUG] [net.minecraftforge.registries.ForgeRegistry/REGISTRIES]: Registry minecraft:item: Fixed minecraft:item id mismatch create:rare_evan_package: 1930 (init) -> 1932 (map).
[26Dec2025 18:17:01.051] [Render thread/DEBUG] [net.minecraftforge.registries.ForgeRegistry/REGISTRIES]: Registry minecraft:item: Fixed minecraft:item id mismatch create:rare_jinx_package: 1931 (init) -> 1933 (map).
[26Dec2025 18:17:01.051] [Render thread/DEBUG] [net.minecraftforge.registries.ForgeRegistry/REGISTRIES]: Registry minecraft:item: Fixed minecraft:item id mismatch create:rare_kryppers_package: 1932 (init) -> 1934 (map).
[26Dec2025 18:17:01.051] [Render thread/DEBUG] [net.minecraftforge.registries.ForgeRegistry/REGISTRIES]: Registry minecraft:item: Fixed minecraft:item id mismatch create:rare_simi_package: 1933 (init) -> 1935 (map).
[26Dec2025 18:17:01.051] [Render thread/DEBUG] [net.minecraftforge.registries.ForgeRegistry/REGISTRIES]: Registry minecraft:item: Fixed minecraft:item id mismatch create:rare_starlotte_package: 1934 (init) -> 1936 (map).
[26Dec2025 18:17:01.051] [Render thread/DEBUG] [net.minecraftforge.registries.ForgeRegistry/REGISTRIES]: Registry minecraft:item: Fixed minecraft:item id mismatch create:rare_thunder_package: 1935 (init) -> 1937 (map).
[26Dec2025 18:17:01.051] [Render thread/DEBUG] [net.minecraftforge.registries.ForgeRegistry/REGISTRIES]: Registry minecraft:item: Fixed minecraft:item id mismatch create:rare_up_package: 1936 (init) -> 1938 (map).
[26Dec2025 18:17:01.051] [Render thread/DEBUG] [net.minecraftforge.registries.ForgeRegistry/REGISTRIES]: Registry minecraft:item: Fixed minecraft:item id mismatch create:rare_vector_package: 1937 (init) -> 1939 (map).
[26Dec2025 18:17:01.051] [Render thread/DEBUG] [net.minecraftforge.registries.ForgeRegistry/REGISTRIES]: Registry minecraft:item: Fixed minecraft:item id mismatch create:raw_zinc: 1865 (init) -> 1867 (map).
[26Dec2025 18:17:01.051] [Render thread/DEBUG] [net.minecraftforge.registries.ForgeRegistry/REGISTRIES]: Registry minecraft:item: Fixed minecraft:item id mismatch create:raw_zinc_block: 2003 (init) -> 2005 (map).
[26Dec2025 18:17:01.051] [Render thread/DEBUG] [net.minecraftforge.registries.ForgeRegistry/REGISTRIES]: Registry minecraft:item: Fixed minecraft:item id mismatch create:red_postbox: 1800 (init) -> 1802 (map).
[26Dec2025 18:17:01.051] [Render thread/DEBUG] [net.minecraftforge.registries.ForgeRegistry/REGISTRIES]: Registry minecraft:item: Fixed minecraft:item id mismatch create:red_sand_paper: 1913 (init) -> 1915 (map).
[26Dec2025 18:17:01.051] [Render thread/DEBUG] [net.minecraftforge.registries.ForgeRegistry/REGISTRIES]: Registry minecraft:item: Fixed minecraft:item id mismatch create:red_seat: 1992 (init) -> 1994 (map).
[26Dec2025 18:17:01.051] [Render thread/DEBUG] [net.minecraftforge.registries.ForgeRegistry/REGISTRIES]: Registry minecraft:item: Fixed minecraft:item id mismatch create:red_table_cloth: 1820 (init) -> 1822 (map).
[26Dec2025 18:17:01.051] [Render thread/DEBUG] [net.minecraftforge.registries.ForgeRegistry/REGISTRIES]: Registry minecraft:item: Fixed minecraft:item id mismatch create:red_toolbox: 1963 (init) -> 1965 (map).
[26Dec2025 18:17:01.051] [Render thread/DEBUG] [net.minecraftforge.registries.ForgeRegistry/REGISTRIES]: Registry minecraft:item: Fixed minecraft:item id mismatch create:red_valve_handle: 1720 (init) -> 1722 (map).
[26Dec2025 18:17:01.051] [Render thread/DEBUG] [net.minecraftforge.registries.ForgeRegistry/REGISTRIES]: Registry minecraft:item: Fixed minecraft:item id mismatch create:redstone_contact: 1751 (init) -> 1753 (map).
[26Dec2025 18:17:01.051] [Render thread/DEBUG] [net.minecraftforge.registries.ForgeRegistry/REGISTRIES]: Registry minecraft:item: Fixed minecraft:item id mismatch create:redstone_link: 1829 (init) -> 1831 (map).
[26Dec2025 18:17:01.051] [Render thread/DEBUG] [net.minecraftforge.registries.ForgeRegistry/REGISTRIES]: Registry minecraft:item: Fixed minecraft:item id mismatch create:redstone_requester: 1804 (init) -> 1806 (map).
[26Dec2025 18:17:01.051] [Render thread/DEBUG] [net.minecraftforge.registries.ForgeRegistry/REGISTRIES]: Registry minecraft:item: Fixed minecraft:item id mismatch create:refined_radiance: 1871 (init) -> 1873 (map).
[26Dec2025 18:17:01.051] [Render thread/DEBUG] [net.minecraftforge.registries.ForgeRegistry/REGISTRIES]: Registry minecraft:item: Fixed minecraft:item id mismatch create:refined_radiance_casing: 1762 (init) -> 1764 (map).
[26Dec2025 18:17:01.051] [Render thread/DEBUG] [net.minecraftforge.registries.ForgeRegistry/REGISTRIES]: Registry minecraft:item: Fixed minecraft:item id mismatch create:repackager: 1784 (init) -> 1786 (map).
[26Dec2025 18:17:01.051] [Render thread/DEBUG] [net.minecraftforge.registries.ForgeRegistry/REGISTRIES]: Registry minecraft:item: Fixed minecraft:item id mismatch create:rope_pulley: 1738 (init) -> 1740 (map).
[26Dec2025 18:17:01.051] [Render thread/DEBUG] [net.minecraftforge.registries.ForgeRegistry/REGISTRIES]: Registry minecraft:item: Fixed minecraft:item id mismatch create:rose_quartz: 1840 (init) -> 1842 (map).
[26Dec2025 18:17:01.051] [Render thread/DEBUG] [net.minecraftforge.registries.ForgeRegistry/REGISTRIES]: Registry minecraft:item: Fixed minecraft:item id mismatch create:rose_quartz_block: 2012 (init) -> 2014 (map).
[26Dec2025 18:17:01.052] [Render thread/DEBUG] [net.minecraftforge.registries.ForgeRegistry/REGISTRIES]: Registry minecraft:item: Fixed minecraft:item id mismatch create:rose_quartz_lamp: 1828 (init) -> 1830 (map).
[26Dec2025 18:17:01.052] [Render thread/DEBUG] [net.minecraftforge.registries.ForgeRegistry/REGISTRIES]: Registry minecraft:item: Fixed minecraft:item id mismatch create:rose_quartz_tiles: 2013 (init) -> 2015 (map).
[26Dec2025 18:17:01.052] [Render thread/DEBUG] [net.minecraftforge.registries.ForgeRegistry/REGISTRIES]: Registry minecraft:item: Fixed minecraft:item id mismatch create:rotation_speed_controller: 1766 (init) -> 1768 (map).
[26Dec2025 18:17:01.052] [Render thread/DEBUG] [net.minecraftforge.registries.ForgeRegistry/REGISTRIES]: Registry minecraft:item: Fixed minecraft:item id mismatch create:sail_frame: 1756 (init) -> 1758 (map).
[26Dec2025 18:17:01.052] [Render thread/DEBUG] [net.minecraftforge.registries.ForgeRegistry/REGISTRIES]: Registry minecraft:item: Fixed minecraft:item id mismatch create:sand_paper: 1912 (init) -> 1914 (map).
[26Dec2025 18:17:01.052] [Render thread/DEBUG] [net.minecraftforge.registries.ForgeRegistry/REGISTRIES]: Registry minecraft:item: Fixed minecraft:item id mismatch create:schedule: 1941 (init) -> 1943 (map).
[26Dec2025 18:17:01.052] [Render thread/DEBUG] [net.minecraftforge.registries.ForgeRegistry/REGISTRIES]: Registry minecraft:item: Fixed minecraft:item id mismatch create:schematic: 1945 (init) -> 1947 (map).
[26Dec2025 18:17:01.052] [Render thread/DEBUG] [net.minecraftforge.registries.ForgeRegistry/REGISTRIES]: Registry minecraft:item: Fixed minecraft:item id mismatch create:schematic_and_quill: 1944 (init) -> 1946 (map).
[26Dec2025 18:17:01.052] [Render thread/DEBUG] [net.minecraftforge.registries.ForgeRegistry/REGISTRIES]: Registry minecraft:item: Fixed minecraft:item id mismatch create:schematic_table: 1662 (init) -> 1664 (map).
[26Dec2025 18:17:01.052] [Render thread/DEBUG] [net.minecraftforge.registries.ForgeRegistry/REGISTRIES]: Registry minecraft:item: Fixed minecraft:item id mismatch create:schematicannon: 1661 (init) -> 1663 (map).
[26Dec2025 18:17:01.052] [Render thread/DEBUG] [net.minecraftforge.registries.ForgeRegistry/REGISTRIES]: Registry minecraft:item: Fixed minecraft:item id mismatch create:scorchia: 2322 (init) -> 2324 (map).
[26Dec2025 18:17:01.052] [Render thread/DEBUG] [net.minecraftforge.registries.ForgeRegistry/REGISTRIES]: Registry minecraft:item: Fixed minecraft:item id mismatch create:scorchia_pillar: 2340 (init) -> 2342 (map).
[26Dec2025 18:17:01.052] [Render thread/DEBUG] [net.minecraftforge.registries.ForgeRegistry/REGISTRIES]: Registry minecraft:item: Fixed minecraft:item id mismatch create:scoria: 2303 (init) -> 2305 (map).
[26Dec2025 18:17:01.052] [Render thread/DEBUG] [net.minecraftforge.registries.ForgeRegistry/REGISTRIES]: Registry minecraft:item: Fixed minecraft:item id mismatch create:scoria_pillar: 2321 (init) -> 2323 (map).
[26Dec2025 18:17:01.052] [Render thread/DEBUG] [net.minecraftforge.registries.ForgeRegistry/REGISTRIES]: Registry minecraft:item: Fixed minecraft:item id mismatch create:secondary_linear_chassis: 1743 (init) -> 1745 (map).
[26Dec2025 18:17:01.052] [Render thread/DEBUG] [net.minecraftforge.registries.ForgeRegistry/REGISTRIES]: Registry minecraft:item: Fixed minecraft:item id mismatch create:sequenced_gearshift: 1764 (init) -> 1766 (map).
[26Dec2025 18:17:01.052] [Render thread/DEBUG] [net.minecraftforge.registries.ForgeRegistry/REGISTRIES]: Registry minecraft:item: Fixed minecraft:item id mismatch create:shadow_steel: 1870 (init) -> 1872 (map).
[26Dec2025 18:17:01.052] [Render thread/DEBUG] [net.minecraftforge.registries.ForgeRegistry/REGISTRIES]: Registry minecraft:item: Fixed minecraft:item id mismatch create:shadow_steel_casing: 1761 (init) -> 1763 (map).
[26Dec2025 18:17:01.052] [Render thread/DEBUG] [net.minecraftforge.registries.ForgeRegistry/REGISTRIES]: Registry minecraft:item: Fixed minecraft:item id mismatch create:shaft: 1663 (init) -> 1665 (map).
[26Dec2025 18:17:01.052] [Render thread/DEBUG] [net.minecraftforge.registries.ForgeRegistry/REGISTRIES]: Registry minecraft:item: Fixed minecraft:item id mismatch create:shopping_list: 1942 (init) -> 1944 (map).
[26Dec2025 18:17:01.052] [Render thread/DEBUG] [net.minecraftforge.registries.ForgeRegistry/REGISTRIES]: Registry minecraft:item: Fixed minecraft:item id mismatch create:small_andesite_brick_slab: 2151 (init) -> 2153 (map).
[26Dec2025 18:17:01.052] [Render thread/DEBUG] [net.minecraftforge.registries.ForgeRegistry/REGISTRIES]: Registry minecraft:item: Fixed minecraft:item id mismatch create:small_andesite_brick_stairs: 2150 (init) -> 2152 (map).
[26Dec2025 18:17:01.052] [Render thread/DEBUG] [net.minecraftforge.registries.ForgeRegistry/REGISTRIES]: Registry minecraft:item: Fixed minecraft:item id mismatch create:small_andesite_brick_wall: 2152 (init) -> 2154 (map).
[26Dec2025 18:17:01.052] [Render thread/DEBUG] [net.minecraftforge.registries.ForgeRegistry/REGISTRIES]: Registry minecraft:item: Fixed minecraft:item id mismatch create:small_andesite_bricks: 2149 (init) -> 2151 (map).
[26Dec2025 18:17:01.052] [Render thread/DEBUG] [net.minecraftforge.registries.ForgeRegistry/REGISTRIES]: Registry minecraft:item: Fixed minecraft:item id mismatch create:small_asurine_brick_slab: 2242 (init) -> 2244 (map).
[26Dec2025 18:17:01.052] [Render thread/DEBUG] [net.minecraftforge.registries.ForgeRegistry/REGISTRIES]: Registry minecraft:item: Fixed minecraft:item id mismatch create:small_asurine_brick_stairs: 2241 (init) -> 2243 (map).
[26Dec2025 18:17:01.052] [Render thread/DEBUG] [net.minecraftforge.registries.ForgeRegistry/REGISTRIES]: Registry minecraft:item: Fixed minecraft:item id mismatch create:small_asurine_brick_wall: 2243 (init) -> 2245 (map).
[26Dec2025 18:17:01.052] [Render thread/DEBUG] [net.minecraftforge.registries.ForgeRegistry/REGISTRIES]: Registry minecraft:item: Fixed minecraft:item id mismatch create:small_asurine_bricks: 2240 (init) -> 2242 (map).
[26Dec2025 18:17:01.052] [Render thread/DEBUG] [net.minecraftforge.registries.ForgeRegistry/REGISTRIES]: Registry minecraft:item: Fixed minecraft:item id mismatch create:small_calcite_brick_slab: 2169 (init) -> 2171 (map).
[26Dec2025 18:17:01.052] [Render thread/DEBUG] [net.minecraftforge.registries.ForgeRegistry/REGISTRIES]: Registry minecraft:item: Fixed minecraft:item id mismatch create:small_calcite_brick_stairs: 2168 (init) -> 2170 (map).
[26Dec2025 18:17:01.052] [Render thread/DEBUG] [net.minecraftforge.registries.ForgeRegistry/REGISTRIES]: Registry minecraft:item: Fixed minecraft:item id mismatch create:small_calcite_brick_wall: 2170 (init) -> 2172 (map).
[26Dec2025 18:17:01.053] [Render thread/DEBUG] [net.minecraftforge.registries.ForgeRegistry/REGISTRIES]: Registry minecraft:item: Fixed minecraft:item id mismatch create:small_calcite_bricks: 2167 (init) -> 2169 (map).
[26Dec2025 18:17:01.053] [Render thread/DEBUG] [net.minecraftforge.registries.ForgeRegistry/REGISTRIES]: Registry minecraft:item: Fixed minecraft:item id mismatch create:small_crimsite_brick_slab: 2261 (init) -> 2263 (map).
[26Dec2025 18:17:01.053] [Render thread/DEBUG] [net.minecraftforge.registries.ForgeRegistry/REGISTRIES]: Registry minecraft:item: Fixed minecraft:item id mismatch create:small_crimsite_brick_stairs: 2260 (init) -> 2262 (map).
[26Dec2025 18:17:01.053] [Render thread/DEBUG] [net.minecraftforge.registries.ForgeRegistry/REGISTRIES]: Registry minecraft:item: Fixed minecraft:item id mismatch create:small_crimsite_brick_wall: 2262 (init) -> 2264 (map).
[26Dec2025 18:17:01.053] [Render thread/DEBUG] [net.minecraftforge.registries.ForgeRegistry/REGISTRIES]: Registry minecraft:item: Fixed minecraft:item id mismatch create:small_crimsite_bricks: 2259 (init) -> 2261 (map).
[26Dec2025 18:17:01.053] [Render thread/DEBUG] [net.minecraftforge.registries.ForgeRegistry/REGISTRIES]: Registry minecraft:item: Fixed minecraft:item id mismatch create:small_deepslate_brick_slab: 2205 (init) -> 2207 (map).
[26Dec2025 18:17:01.053] [Render thread/DEBUG] [net.minecraftforge.registries.ForgeRegistry/REGISTRIES]: Registry minecraft:item: Fixed minecraft:item id mismatch create:small_deepslate_brick_stairs: 2204 (init) -> 2206 (map).
[26Dec2025 18:17:01.053] [Render thread/DEBUG] [net.minecraftforge.registries.ForgeRegistry/REGISTRIES]: Registry minecraft:item: Fixed minecraft:item id mismatch create:small_deepslate_brick_wall: 2206 (init) -> 2208 (map).
[26Dec2025 18:17:01.053] [Render thread/DEBUG] [net.minecraftforge.registries.ForgeRegistry/REGISTRIES]: Registry minecraft:item: Fixed minecraft:item id mismatch create:small_deepslate_bricks: 2203 (init) -> 2205 (map).
[26Dec2025 18:17:01.053] [Render thread/DEBUG] [net.minecraftforge.registries.ForgeRegistry/REGISTRIES]: Registry minecraft:item: Fixed minecraft:item id mismatch create:small_diorite_brick_slab: 2133 (init) -> 2135 (map).
[26Dec2025 18:17:01.053] [Render thread/DEBUG] [net.minecraftforge.registries.ForgeRegistry/REGISTRIES]: Registry minecraft:item: Fixed minecraft:item id mismatch create:small_diorite_brick_stairs: 2132 (init) -> 2134 (map).
[26Dec2025 18:17:01.053] [Render thread/DEBUG] [net.minecraftforge.registries.ForgeRegistry/REGISTRIES]: Registry minecraft:item: Fixed minecraft:item id mismatch create:small_diorite_brick_wall: 2134 (init) -> 2136 (map).
[26Dec2025 18:17:01.053] [Render thread/DEBUG] [net.minecraftforge.registries.ForgeRegistry/REGISTRIES]: Registry minecraft:item: Fixed minecraft:item id mismatch create:small_diorite_bricks: 2131 (init) -> 2133 (map).
[26Dec2025 18:17:01.053] [Render thread/DEBUG] [net.minecraftforge.registries.ForgeRegistry/REGISTRIES]: Registry minecraft:item: Fixed minecraft:item id mismatch create:small_dripstone_brick_slab: 2187 (init) -> 2189 (map).
[26Dec2025 18:17:01.053] [Render thread/DEBUG] [net.minecraftforge.registries.ForgeRegistry/REGISTRIES]: Registry minecraft:item: Fixed minecraft:item id mismatch create:small_dripstone_brick_stairs: 2186 (init) -> 2188 (map).
[26Dec2025 18:17:01.053] [Render thread/DEBUG] [net.minecraftforge.registries.ForgeRegistry/REGISTRIES]: Registry minecraft:item: Fixed minecraft:item id mismatch create:small_dripstone_brick_wall: 2188 (init) -> 2190 (map).
[26Dec2025 18:17:01.053] [Render thread/DEBUG] [net.minecraftforge.registries.ForgeRegistry/REGISTRIES]: Registry minecraft:item: Fixed minecraft:item id mismatch create:small_dripstone_bricks: 2185 (init) -> 2187 (map).
[26Dec2025 18:17:01.053] [Render thread/DEBUG] [net.minecraftforge.registries.ForgeRegistry/REGISTRIES]: Registry minecraft:item: Fixed minecraft:item id mismatch create:small_granite_brick_slab: 2115 (init) -> 2117 (map).
[26Dec2025 18:17:01.053] [Render thread/DEBUG] [net.minecraftforge.registries.ForgeRegistry/REGISTRIES]: Registry minecraft:item: Fixed minecraft:item id mismatch create:small_granite_brick_stairs: 2114 (init) -> 2116 (map).
[26Dec2025 18:17:01.053] [Render thread/DEBUG] [net.minecraftforge.registries.ForgeRegistry/REGISTRIES]: Registry minecraft:item: Fixed minecraft:item id mismatch create:small_granite_brick_wall: 2116 (init) -> 2118 (map).
[26Dec2025 18:17:01.053] [Render thread/DEBUG] [net.minecraftforge.registries.ForgeRegistry/REGISTRIES]: Registry minecraft:item: Fixed minecraft:item id mismatch create:small_granite_bricks: 2113 (init) -> 2115 (map).
[26Dec2025 18:17:01.053] [Render thread/DEBUG] [net.minecraftforge.registries.ForgeRegistry/REGISTRIES]: Registry minecraft:item: Fixed minecraft:item id mismatch create:small_limestone_brick_slab: 2280 (init) -> 2282 (map).
[26Dec2025 18:17:01.053] [Render thread/DEBUG] [net.minecraftforge.registries.ForgeRegistry/REGISTRIES]: Registry minecraft:item: Fixed minecraft:item id mismatch create:small_limestone_brick_stairs: 2279 (init) -> 2281 (map).
[26Dec2025 18:17:01.053] [Render thread/DEBUG] [net.minecraftforge.registries.ForgeRegistry/REGISTRIES]: Registry minecraft:item: Fixed minecraft:item id mismatch create:small_limestone_brick_wall: 2281 (init) -> 2283 (map).
[26Dec2025 18:17:01.053] [Render thread/DEBUG] [net.minecraftforge.registries.ForgeRegistry/REGISTRIES]: Registry minecraft:item: Fixed minecraft:item id mismatch create:small_limestone_bricks: 2278 (init) -> 2280 (map).
[26Dec2025 18:17:01.053] [Render thread/DEBUG] [net.minecraftforge.registries.ForgeRegistry/REGISTRIES]: Registry minecraft:item: Fixed minecraft:item id mismatch create:small_ochrum_brick_slab: 2299 (init) -> 2301 (map).
[26Dec2025 18:17:01.053] [Render thread/DEBUG] [net.minecraftforge.registries.ForgeRegistry/REGISTRIES]: Registry minecraft:item: Fixed minecraft:item id mismatch create:small_ochrum_brick_stairs: 2298 (init) -> 2300 (map).
[26Dec2025 18:17:01.053] [Render thread/DEBUG] [net.minecraftforge.registries.ForgeRegistry/REGISTRIES]: Registry minecraft:item: Fixed minecraft:item id mismatch create:small_ochrum_brick_wall: 2300 (init) -> 2302 (map).
[26Dec2025 18:17:01.053] [Render thread/DEBUG] [net.minecraftforge.registries.ForgeRegistry/REGISTRIES]: Registry minecraft:item: Fixed minecraft:item id mismatch create:small_ochrum_bricks: 2297 (init) -> 2299 (map).
[26Dec2025 18:17:01.053] [Render thread/DEBUG] [net.minecraftforge.registries.ForgeRegistry/REGISTRIES]: Registry minecraft:item: Fixed minecraft:item id mismatch create:small_rose_quartz_tiles: 2014 (init) -> 2016 (map).
[26Dec2025 18:17:01.053] [Render thread/DEBUG] [net.minecraftforge.registries.ForgeRegistry/REGISTRIES]: Registry minecraft:item: Fixed minecraft:item id mismatch create:small_scorchia_brick_slab: 2337 (init) -> 2339 (map).
[26Dec2025 18:17:01.053] [Render thread/DEBUG] [net.minecraftforge.registries.ForgeRegistry/REGISTRIES]: Registry minecraft:item: Fixed minecraft:item id mismatch create:small_scorchia_brick_stairs: 2336 (init) -> 2338 (map).
[26Dec2025 18:17:01.053] [Render thread/DEBUG] [net.minecraftforge.registries.ForgeRegistry/REGISTRIES]: Registry minecraft:item: Fixed minecraft:item id mismatch create:small_scorchia_brick_wall: 2338 (init) -> 2340 (map).
[26Dec2025 18:17:01.053] [Render thread/DEBUG] [net.minecraftforge.registries.ForgeRegistry/REGISTRIES]: Registry minecraft:item: Fixed minecraft:item id mismatch create:small_scorchia_bricks: 2335 (init) -> 2337 (map).
[26Dec2025 18:17:01.053] [Render thread/DEBUG] [net.minecraftforge.registries.ForgeRegistry/REGISTRIES]: Registry minecraft:item: Fixed minecraft:item id mismatch create:small_scoria_brick_slab: 2318 (init) -> 2320 (map).
[26Dec2025 18:17:01.053] [Render thread/DEBUG] [net.minecraftforge.registries.ForgeRegistry/REGISTRIES]: Registry minecraft:item: Fixed minecraft:item id mismatch create:small_scoria_brick_stairs: 2317 (init) -> 2319 (map).
[26Dec2025 18:17:01.053] [Render thread/DEBUG] [net.minecraftforge.registries.ForgeRegistry/REGISTRIES]: Registry minecraft:item: Fixed minecraft:item id mismatch create:small_scoria_brick_wall: 2319 (init) -> 2321 (map).
[26Dec2025 18:17:01.053] [Render thread/DEBUG] [net.minecraftforge.registries.ForgeRegistry/REGISTRIES]: Registry minecraft:item: Fixed minecraft:item id mismatch create:small_scoria_bricks: 2316 (init) -> 2318 (map).
[26Dec2025 18:17:01.053] [Render thread/DEBUG] [net.minecraftforge.registries.ForgeRegistry/REGISTRIES]: Registry minecraft:item: Fixed minecraft:item id mismatch create:small_tuff_brick_slab: 2223 (init) -> 2225 (map).
[26Dec2025 18:17:01.053] [Render thread/DEBUG] [net.minecraftforge.registries.ForgeRegistry/REGISTRIES]: Registry minecraft:item: Fixed minecraft:item id mismatch create:small_tuff_brick_stairs: 2222 (init) -> 2224 (map).
[26Dec2025 18:17:01.054] [Render thread/DEBUG] [net.minecraftforge.registries.ForgeRegistry/REGISTRIES]: Registry minecraft:item: Fixed minecraft:item id mismatch create:small_tuff_brick_wall: 2224 (init) -> 2226 (map).
[26Dec2025 18:17:01.054] [Render thread/DEBUG] [net.minecraftforge.registries.ForgeRegistry/REGISTRIES]: Registry minecraft:item: Fixed minecraft:item id mismatch create:small_tuff_bricks: 2221 (init) -> 2223 (map).
[26Dec2025 18:17:01.054] [Render thread/DEBUG] [net.minecraftforge.registries.ForgeRegistry/REGISTRIES]: Registry minecraft:item: Fixed minecraft:item id mismatch create:small_veridium_brick_slab: 2356 (init) -> 2358 (map).
[26Dec2025 18:17:01.054] [Render thread/DEBUG] [net.minecraftforge.registries.ForgeRegistry/REGISTRIES]: Registry minecraft:item: Fixed minecraft:item id mismatch create:small_veridium_brick_stairs: 2355 (init) -> 2357 (map).
[26Dec2025 18:17:01.054] [Render thread/DEBUG] [net.minecraftforge.registries.ForgeRegistry/REGISTRIES]: Registry minecraft:item: Fixed minecraft:item id mismatch create:small_veridium_brick_wall: 2357 (init) -> 2359 (map).
[26Dec2025 18:17:01.054] [Render thread/DEBUG] [net.minecraftforge.registries.ForgeRegistry/REGISTRIES]: Registry minecraft:item: Fixed minecraft:item id mismatch create:small_veridium_bricks: 2354 (init) -> 2356 (map).
[26Dec2025 18:17:01.054] [Render thread/DEBUG] [net.minecraftforge.registries.ForgeRegistry/REGISTRIES]: Registry minecraft:item: Fixed minecraft:item id mismatch create:smart_chute: 1696 (init) -> 1698 (map).
[26Dec2025 18:17:01.054] [Render thread/DEBUG] [net.minecraftforge.registries.ForgeRegistry/REGISTRIES]: Registry minecraft:item: Fixed minecraft:item id mismatch create:smart_fluid_pipe: 1703 (init) -> 1705 (map).
[26Dec2025 18:17:01.054] [Render thread/DEBUG] [net.minecraftforge.registries.ForgeRegistry/REGISTRIES]: Registry minecraft:item: Fixed minecraft:item id mismatch create:speedometer: 1697 (init) -> 1699 (map).
[26Dec2025 18:17:01.054] [Render thread/DEBUG] [net.minecraftforge.registries.ForgeRegistry/REGISTRIES]: Registry minecraft:item: Fixed minecraft:item id mismatch create:spout: 1726 (init) -> 1728 (map).
[26Dec2025 18:17:01.054] [Render thread/DEBUG] [net.minecraftforge.registries.ForgeRegistry/REGISTRIES]: Registry minecraft:item: Fixed minecraft:item id mismatch create:spruce_window: 2074 (init) -> 2076 (map).
[26Dec2025 18:17:01.054] [Render thread/DEBUG] [net.minecraftforge.registries.ForgeRegistry/REGISTRIES]: Registry minecraft:item: Fixed minecraft:item id mismatch create:spruce_window_pane: 2088 (init) -> 2090 (map).
[26Dec2025 18:17:01.054] [Render thread/DEBUG] [net.minecraftforge.registries.ForgeRegistry/REGISTRIES]: Registry minecraft:item: Fixed minecraft:item id mismatch create:steam_engine: 1728 (init) -> 1730 (map).
[26Dec2025 18:17:01.054] [Render thread/DEBUG] [net.minecraftforge.registries.ForgeRegistry/REGISTRIES]: Registry minecraft:item: Fixed minecraft:item id mismatch create:steam_whistle: 1729 (init) -> 1731 (map).
[26Dec2025 18:17:01.054] [Render thread/DEBUG] [net.minecraftforge.registries.ForgeRegistry/REGISTRIES]: Registry minecraft:item: Fixed minecraft:item id mismatch create:sticker: 1745 (init) -> 1747 (map).
[26Dec2025 18:17:01.054] [Render thread/DEBUG] [net.minecraftforge.registries.ForgeRegistry/REGISTRIES]: Registry minecraft:item: Fixed minecraft:item id mismatch create:sticky_mechanical_piston: 1731 (init) -> 1733 (map).
[26Dec2025 18:17:01.054] [Render thread/DEBUG] [net.minecraftforge.registries.ForgeRegistry/REGISTRIES]: Registry minecraft:item: Fixed minecraft:item id mismatch create:stock_link: 1802 (init) -> 1804 (map).
[26Dec2025 18:17:01.054] [Render thread/DEBUG] [net.minecraftforge.registries.ForgeRegistry/REGISTRIES]: Registry minecraft:item: Fixed minecraft:item id mismatch create:stock_ticker: 1803 (init) -> 1805 (map).
[26Dec2025 18:17:01.054] [Render thread/DEBUG] [net.minecraftforge.registries.ForgeRegistry/REGISTRIES]: Registry minecraft:item: Fixed minecraft:item id mismatch create:stockpile_switch: 1779 (init) -> 1781 (map).
[26Dec2025 18:17:01.054] [Render thread/DEBUG] [net.minecraftforge.registries.ForgeRegistry/REGISTRIES]: Registry minecraft:item: Fixed minecraft:item id mismatch create:stressometer: 1698 (init) -> 1700 (map).
[26Dec2025 18:17:01.054] [Render thread/DEBUG] [net.minecraftforge.registries.ForgeRegistry/REGISTRIES]: Registry minecraft:item: Fixed minecraft:item id mismatch create:sturdy_sheet: 1843 (init) -> 1845 (map).
[26Dec2025 18:17:01.054] [Render thread/DEBUG] [net.minecraftforge.registries.ForgeRegistry/REGISTRIES]: Registry minecraft:item: Fixed minecraft:item id mismatch create:super_glue: 1897 (init) -> 1899 (map).
[26Dec2025 18:17:01.054] [Render thread/DEBUG] [net.minecraftforge.registries.ForgeRegistry/REGISTRIES]: Registry minecraft:item: Fixed minecraft:item id mismatch create:sweet_roll: 1860 (init) -> 1862 (map).
[26Dec2025 18:17:01.054] [Render thread/DEBUG] [net.minecraftforge.registries.ForgeRegistry/REGISTRIES]: Registry minecraft:item: Fixed minecraft:item id mismatch create:tiled_glass: 2065 (init) -> 2067 (map).
[26Dec2025 18:17:01.054] [Render thread/DEBUG] [net.minecraftforge.registries.ForgeRegistry/REGISTRIES]: Registry minecraft:item: Fixed minecraft:item id mismatch create:tiled_glass_pane: 2069 (init) -> 2071 (map).
[26Dec2025 18:17:01.054] [Render thread/DEBUG] [net.minecraftforge.registries.ForgeRegistry/REGISTRIES]: Registry minecraft:item: Fixed minecraft:item id mismatch create:track: 1768 (init) -> 1770 (map).
[26Dec2025 18:17:01.054] [Render thread/DEBUG] [net.minecraftforge.registries.ForgeRegistry/REGISTRIES]: Registry minecraft:item: Fixed minecraft:item id mismatch create:track_observer: 1772 (init) -> 1774 (map).
[26Dec2025 18:17:01.054] [Render thread/DEBUG] [net.minecraftforge.registries.ForgeRegistry/REGISTRIES]: Registry minecraft:item: Fixed minecraft:item id mismatch create:track_signal: 1771 (init) -> 1773 (map).
[26Dec2025 18:17:01.054] [Render thread/DEBUG] [net.minecraftforge.registries.ForgeRegistry/REGISTRIES]: Registry minecraft:item: Fixed minecraft:item id mismatch create:track_station: 1770 (init) -> 1772 (map).
[26Dec2025 18:17:01.054] [Render thread/DEBUG] [net.minecraftforge.registries.ForgeRegistry/REGISTRIES]: Registry minecraft:item: Fixed minecraft:item id mismatch create:train_door: 1997 (init) -> 1999 (map).
[26Dec2025 18:17:01.054] [Render thread/DEBUG] [net.minecraftforge.registries.ForgeRegistry/REGISTRIES]: Registry minecraft:item: Fixed minecraft:item id mismatch create:train_trapdoor: 1998 (init) -> 2000 (map).
[26Dec2025 18:17:01.054] [Render thread/DEBUG] [net.minecraftforge.registries.ForgeRegistry/REGISTRIES]: Registry minecraft:item: Fixed minecraft:item id mismatch create:transmitter: 1849 (init) -> 1851 (map).
[26Dec2025 18:17:01.054] [Render thread/DEBUG] [net.minecraftforge.registries.ForgeRegistry/REGISTRIES]: Registry minecraft:item: Fixed minecraft:item id mismatch create:tree_fertilizer: 1923 (init) -> 1925 (map).
[26Dec2025 18:17:01.054] [Render thread/DEBUG] [net.minecraftforge.registries.ForgeRegistry/REGISTRIES]: Registry minecraft:item: Fixed minecraft:item id mismatch create:tuff_pillar: 2226 (init) -> 2228 (map).
[26Dec2025 18:17:01.054] [Render thread/DEBUG] [net.minecraftforge.registries.ForgeRegistry/REGISTRIES]: Registry minecraft:item: Fixed minecraft:item id mismatch create:turntable: 1683 (init) -> 1685 (map).
[26Dec2025 18:17:01.054] [Render thread/DEBUG] [net.minecraftforge.registries.ForgeRegistry/REGISTRIES]: Registry minecraft:item: Fixed minecraft:item id mismatch create:unprocessed_obsidian_sheet: 1853 (init) -> 1855 (map).
[26Dec2025 18:17:01.054] [Render thread/DEBUG] [net.minecraftforge.registries.ForgeRegistry/REGISTRIES]: Registry minecraft:item: Fixed minecraft:item id mismatch create:veridium: 2341 (init) -> 2343 (map).
[26Dec2025 18:17:01.054] [Render thread/DEBUG] [net.minecraftforge.registries.ForgeRegistry/REGISTRIES]: Registry minecraft:item: Fixed minecraft:item id mismatch create:veridium_pillar: 2359 (init) -> 2361 (map).
[26Dec2025 18:17:01.054] [Render thread/DEBUG] [net.minecraftforge.registries.ForgeRegistry/REGISTRIES]: Registry minecraft:item: Fixed minecraft:item id mismatch create:vertical_framed_glass: 2068 (init) -> 2070 (map).
[26Dec2025 18:17:01.054] [Render thread/DEBUG] [net.minecraftforge.registries.ForgeRegistry/REGISTRIES]: Registry minecraft:item: Fixed minecraft:item id mismatch create:vertical_framed_glass_pane: 2072 (init) -> 2074 (map).
[26Dec2025 18:17:01.055] [Render thread/DEBUG] [net.minecraftforge.registries.ForgeRegistry/REGISTRIES]: Registry minecraft:item: Fixed minecraft:item id mismatch create:vertical_gearbox: 1894 (init) -> 1896 (map).
[26Dec2025 18:17:01.055] [Render thread/DEBUG] [net.minecraftforge.registries.ForgeRegistry/REGISTRIES]: Registry minecraft:item: Fixed minecraft:item id mismatch create:wand_of_symmetry: 1921 (init) -> 1923 (map).
[26Dec2025 18:17:01.055] [Render thread/DEBUG] [net.minecraftforge.registries.ForgeRegistry/REGISTRIES]: Registry minecraft:item: Fixed minecraft:item id mismatch create:warped_window: 2081 (init) -> 2083 (map).
[26Dec2025 18:17:01.055] [Render thread/DEBUG] [net.minecraftforge.registries.ForgeRegistry/REGISTRIES]: Registry minecraft:item: Fixed minecraft:item id mismatch create:warped_window_pane: 2095 (init) -> 2097 (map).
[26Dec2025 18:17:01.055] [Render thread/DEBUG] [net.minecraftforge.registries.ForgeRegistry/REGISTRIES]: Registry minecraft:item: Fixed minecraft:item id mismatch create:water_wheel: 1679 (init) -> 1681 (map).
[26Dec2025 18:17:01.055] [Render thread/DEBUG] [net.minecraftforge.registries.ForgeRegistry/REGISTRIES]: Registry minecraft:item: Fixed minecraft:item id mismatch create:waxed_copper_shingle_slab: 2031 (init) -> 2033 (map).
[26Dec2025 18:17:01.055] [Render thread/DEBUG] [net.minecraftforge.registries.ForgeRegistry/REGISTRIES]: Registry minecraft:item: Fixed minecraft:item id mismatch create:waxed_copper_shingle_stairs: 2035 (init) -> 2037 (map).
[26Dec2025 18:17:01.055] [Render thread/DEBUG] [net.minecraftforge.registries.ForgeRegistry/REGISTRIES]: Registry minecraft:item: Fixed minecraft:item id mismatch create:waxed_copper_shingles: 2027 (init) -> 2029 (map).
[26Dec2025 18:17:01.055] [Render thread/DEBUG] [net.minecraftforge.registries.ForgeRegistry/REGISTRIES]: Registry minecraft:item: Fixed minecraft:item id mismatch create:waxed_copper_tile_slab: 2055 (init) -> 2057 (map).
[26Dec2025 18:17:01.055] [Render thread/DEBUG] [net.minecraftforge.registries.ForgeRegistry/REGISTRIES]: Registry minecraft:item: Fixed minecraft:item id mismatch create:waxed_copper_tile_stairs: 2059 (init) -> 2061 (map).
[26Dec2025 18:17:01.055] [Render thread/DEBUG] [net.minecraftforge.registries.ForgeRegistry/REGISTRIES]: Registry minecraft:item: Fixed minecraft:item id mismatch create:waxed_copper_tiles: 2051 (init) -> 2053 (map).
[26Dec2025 18:17:01.055] [Render thread/DEBUG] [net.minecraftforge.registries.ForgeRegistry/REGISTRIES]: Registry minecraft:item: Fixed minecraft:item id mismatch create:waxed_exposed_copper_shingle_slab: 2032 (init) -> 2034 (map).
[26Dec2025 18:17:01.055] [Render thread/DEBUG] [net.minecraftforge.registries.ForgeRegistry/REGISTRIES]: Registry minecraft:item: Fixed minecraft:item id mismatch create:waxed_exposed_copper_shingle_stairs: 2036 (init) -> 2038 (map).
[26Dec2025 18:17:01.055] [Render thread/DEBUG] [net.minecraftforge.registries.ForgeRegistry/REGISTRIES]: Registry minecraft:item: Fixed minecraft:item id mismatch create:waxed_exposed_copper_shingles: 2028 (init) -> 2030 (map).
[26Dec2025 18:17:01.055] [Render thread/DEBUG] [net.minecraftforge.registries.ForgeRegistry/REGISTRIES]: Registry minecraft:item: Fixed minecraft:item id mismatch create:waxed_exposed_copper_tile_slab: 2056 (init) -> 2058 (map).
[26Dec2025 18:17:01.055] [Render thread/DEBUG] [net.minecraftforge.registries.ForgeRegistry/REGISTRIES]: Registry minecraft:item: Fixed minecraft:item id mismatch create:waxed_exposed_copper_tile_stairs: 2060 (init) -> 2062 (map).
[26Dec2025 18:17:01.055] [Render thread/DEBUG] [net.minecraftforge.registries.ForgeRegistry/REGISTRIES]: Registry minecraft:item: Fixed minecraft:item id mismatch create:waxed_exposed_copper_tiles: 2052 (init) -> 2054 (map).
[26Dec2025 18:17:01.055] [Render thread/DEBUG] [net.minecraftforge.registries.ForgeRegistry/REGISTRIES]: Registry minecraft:item: Fixed minecraft:item id mismatch create:waxed_oxidized_copper_shingle_slab: 2034 (init) -> 2036 (map).
[26Dec2025 18:17:01.055] [Render thread/DEBUG] [net.minecraftforge.registries.ForgeRegistry/REGISTRIES]: Registry minecraft:item: Fixed minecraft:item id mismatch create:waxed_oxidized_copper_shingle_stairs: 2038 (init) -> 2040 (map).
[26Dec2025 18:17:01.055] [Render thread/DEBUG] [net.minecraftforge.registries.ForgeRegistry/REGISTRIES]: Registry minecraft:item: Fixed minecraft:item id mismatch create:waxed_oxidized_copper_shingles: 2030 (init) -> 2032 (map).
[26Dec2025 18:17:01.055] [Render thread/DEBUG] [net.minecraftforge.registries.ForgeRegistry/REGISTRIES]: Registry minecraft:item: Fixed minecraft:item id mismatch create:waxed_oxidized_copper_tile_slab: 2058 (init) -> 2060 (map).
[26Dec2025 18:17:01.055] [Render thread/DEBUG] [net.minecraftforge.registries.ForgeRegistry/REGISTRIES]: Registry minecraft:item: Fixed minecraft:item id mismatch create:waxed_oxidized_copper_tile_stairs: 2062 (init) -> 2064 (map).
[26Dec2025 18:17:01.055] [Render thread/DEBUG] [net.minecraftforge.registries.ForgeRegistry/REGISTRIES]: Registry minecraft:item: Fixed minecraft:item id mismatch create:waxed_oxidized_copper_tiles: 2054 (init) -> 2056 (map).
[26Dec2025 18:17:01.055] [Render thread/DEBUG] [net.minecraftforge.registries.ForgeRegistry/REGISTRIES]: Registry minecraft:item: Fixed minecraft:item id mismatch create:waxed_weathered_copper_shingle_slab: 2033 (init) -> 2035 (map).
[26Dec2025 18:17:01.055] [Render thread/DEBUG] [net.minecraftforge.registries.ForgeRegistry/REGISTRIES]: Registry minecraft:item: Fixed minecraft:item id mismatch create:waxed_weathered_copper_shingle_stairs: 2037 (init) -> 2039 (map).
[26Dec2025 18:17:01.055] [Render thread/DEBUG] [net.minecraftforge.registries.ForgeRegistry/REGISTRIES]: Registry minecraft:item: Fixed minecraft:item id mismatch create:waxed_weathered_copper_shingles: 2029 (init) -> 2031 (map).
[26Dec2025 18:17:01.055] [Render thread/DEBUG] [net.minecraftforge.registries.ForgeRegistry/REGISTRIES]: Registry minecraft:item: Fixed minecraft:item id mismatch create:waxed_weathered_copper_tile_slab: 2057 (init) -> 2059 (map).
[26Dec2025 18:17:01.055] [Render thread/DEBUG] [net.minecraftforge.registries.ForgeRegistry/REGISTRIES]: Registry minecraft:item: Fixed minecraft:item id mismatch create:waxed_weathered_copper_tile_stairs: 2061 (init) -> 2063 (map).
[26Dec2025 18:17:01.055] [Render thread/DEBUG] [net.minecraftforge.registries.ForgeRegistry/REGISTRIES]: Registry minecraft:item: Fixed minecraft:item id mismatch create:waxed_weathered_copper_tiles: 2053 (init) -> 2055 (map).
[26Dec2025 18:17:01.055] [Render thread/DEBUG] [net.minecraftforge.registries.ForgeRegistry/REGISTRIES]: Registry minecraft:item: Fixed minecraft:item id mismatch create:weathered_copper_shingle_slab: 2021 (init) -> 2023 (map).
[26Dec2025 18:17:01.055] [Render thread/DEBUG] [net.minecraftforge.registries.ForgeRegistry/REGISTRIES]: Registry minecraft:item: Fixed minecraft:item id mismatch create:weathered_copper_shingle_stairs: 2025 (init) -> 2027 (map).
[26Dec2025 18:17:01.055] [Render thread/DEBUG] [net.minecraftforge.registries.ForgeRegistry/REGISTRIES]: Registry minecraft:item: Fixed minecraft:item id mismatch create:weathered_copper_shingles: 2017 (init) -> 2019 (map).
[26Dec2025 18:17:01.055] [Render thread/DEBUG] [net.minecraftforge.registries.ForgeRegistry/REGISTRIES]: Registry minecraft:item: Fixed minecraft:item id mismatch create:weathered_copper_tile_slab: 2045 (init) -> 2047 (map).
[26Dec2025 18:17:01.055] [Render thread/DEBUG] [net.minecraftforge.registries.ForgeRegistry/REGISTRIES]: Registry minecraft:item: Fixed minecraft:item id mismatch create:weathered_copper_tile_stairs: 2049 (init) -> 2051 (map).
[26Dec2025 18:17:01.055] [Render thread/DEBUG] [net.minecraftforge.registries.ForgeRegistry/REGISTRIES]: Registry minecraft:item: Fixed minecraft:item id mismatch create:weathered_copper_tiles: 2041 (init) -> 2043 (map).
[26Dec2025 18:17:01.055] [Render thread/DEBUG] [net.minecraftforge.registries.ForgeRegistry/REGISTRIES]: Registry minecraft:item: Fixed minecraft:item id mismatch create:weathered_iron_block: 2007 (init) -> 2009 (map).
[26Dec2025 18:17:01.055] [Render thread/DEBUG] [net.minecraftforge.registries.ForgeRegistry/REGISTRIES]: Registry minecraft:item: Fixed minecraft:item id mismatch create:weathered_iron_window: 2086 (init) -> 2088 (map).
[26Dec2025 18:17:01.055] [Render thread/DEBUG] [net.minecraftforge.registries.ForgeRegistry/REGISTRIES]: Registry minecraft:item: Fixed minecraft:item id mismatch create:weathered_iron_window_pane: 2100 (init) -> 2102 (map).
[26Dec2025 18:17:01.055] [Render thread/DEBUG] [net.minecraftforge.registries.ForgeRegistry/REGISTRIES]: Registry minecraft:item: Fixed minecraft:item id mismatch create:weighted_ejector: 1694 (init) -> 1696 (map).
[26Dec2025 18:17:01.055] [Render thread/DEBUG] [net.minecraftforge.registries.ForgeRegistry/REGISTRIES]: Registry minecraft:item: Fixed minecraft:item id mismatch create:wheat_flour: 1837 (init) -> 1839 (map).
[26Dec2025 18:17:01.055] [Render thread/DEBUG] [net.minecraftforge.registries.ForgeRegistry/REGISTRIES]: Registry minecraft:item: Fixed minecraft:item id mismatch create:whisk: 1845 (init) -> 1847 (map).
[26Dec2025 18:17:01.055] [Render thread/DEBUG] [net.minecraftforge.registries.ForgeRegistry/REGISTRIES]: Registry minecraft:item: Fixed minecraft:item id mismatch create:white_postbox: 1786 (init) -> 1788 (map).
[26Dec2025 18:17:01.055] [Render thread/DEBUG] [net.minecraftforge.registries.ForgeRegistry/REGISTRIES]: Registry minecraft:item: Fixed minecraft:item id mismatch create:white_sail: 1757 (init) -> 1759 (map).
[26Dec2025 18:17:01.056] [Render thread/DEBUG] [net.minecraftforge.registries.ForgeRegistry/REGISTRIES]: Registry minecraft:item: Fixed minecraft:item id mismatch create:white_seat: 1978 (init) -> 1980 (map).
[26Dec2025 18:17:01.056] [Render thread/DEBUG] [net.minecraftforge.registries.ForgeRegistry/REGISTRIES]: Registry minecraft:item: Fixed minecraft:item id mismatch create:white_table_cloth: 1806 (init) -> 1808 (map).
[26Dec2025 18:17:01.056] [Render thread/DEBUG] [net.minecraftforge.registries.ForgeRegistry/REGISTRIES]: Registry minecraft:item: Fixed minecraft:item id mismatch create:white_toolbox: 1949 (init) -> 1951 (map).
[26Dec2025 18:17:01.056] [Render thread/DEBUG] [net.minecraftforge.registries.ForgeRegistry/REGISTRIES]: Registry minecraft:item: Fixed minecraft:item id mismatch create:white_valve_handle: 1706 (init) -> 1708 (map).
[26Dec2025 18:17:01.056] [Render thread/DEBUG] [net.minecraftforge.registries.ForgeRegistry/REGISTRIES]: Registry minecraft:item: Fixed minecraft:item id mismatch create:windmill_bearing: 1735 (init) -> 1737 (map).
[26Dec2025 18:17:01.056] [Render thread/DEBUG] [net.minecraftforge.registries.ForgeRegistry/REGISTRIES]: Registry minecraft:item: Fixed minecraft:item id mismatch create:wooden_bracket: 1699 (init) -> 1701 (map).
[26Dec2025 18:17:01.056] [Render thread/DEBUG] [net.minecraftforge.registries.ForgeRegistry/REGISTRIES]: Registry minecraft:item: Fixed minecraft:item id mismatch create:wrench: 1914 (init) -> 1916 (map).
[26Dec2025 18:17:01.056] [Render thread/DEBUG] [net.minecraftforge.registries.ForgeRegistry/REGISTRIES]: Registry minecraft:item: Fixed minecraft:item id mismatch create:yellow_postbox: 1790 (init) -> 1792 (map).
[26Dec2025 18:17:01.056] [Render thread/DEBUG] [net.minecraftforge.registries.ForgeRegistry/REGISTRIES]: Registry minecraft:item: Fixed minecraft:item id mismatch create:yellow_seat: 1982 (init) -> 1984 (map).
[26Dec2025 18:17:01.056] [Render thread/DEBUG] [net.minecraftforge.registries.ForgeRegistry/REGISTRIES]: Registry minecraft:item: Fixed minecraft:item id mismatch create:yellow_table_cloth: 1810 (init) -> 1812 (map).
[26Dec2025 18:17:01.056] [Render thread/DEBUG] [net.minecraftforge.registries.ForgeRegistry/REGISTRIES]: Registry minecraft:item: Fixed minecraft:item id mismatch create:yellow_toolbox: 1953 (init) -> 1955 (map).
[26Dec2025 18:17:01.056] [Render thread/DEBUG] [net.minecraftforge.registries.ForgeRegistry/REGISTRIES]: Registry minecraft:item: Fixed minecraft:item id mismatch create:yellow_valve_handle: 1710 (init) -> 1712 (map).
[26Dec2025 18:17:01.056] [Render thread/DEBUG] [net.minecraftforge.registries.ForgeRegistry/REGISTRIES]: Registry minecraft:item: Fixed minecraft:item id mismatch create:zinc_block: 2004 (init) -> 2006 (map).
[26Dec2025 18:17:01.056] [Render thread/DEBUG] [net.minecraftforge.registries.ForgeRegistry/REGISTRIES]: Registry minecraft:item: Fixed minecraft:item id mismatch create:zinc_ingot: 1867 (init) -> 1869 (map).
[26Dec2025 18:17:01.056] [Render thread/DEBUG] [net.minecraftforge.registries.ForgeRegistry/REGISTRIES]: Registry minecraft:item: Fixed minecraft:item id mismatch create:zinc_nugget: 1873 (init) -> 1875 (map).
[26Dec2025 18:17:01.056] [Render thread/DEBUG] [net.minecraftforge.registries.ForgeRegistry/REGISTRIES]: Registry minecraft:item: Fixed minecraft:item id mismatch create:zinc_ore: 2001 (init) -> 2003 (map).
[26Dec2025 18:17:01.056] [Render thread/DEBUG] [net.minecraftforge.registries.ForgeRegistry/REGISTRIES]: Registry minecraft:item: Fixed minecraft:item id mismatch create_dd:2_blade_fan: 1473 (init) -> 1475 (map).
[26Dec2025 18:17:01.056] [Render thread/DEBUG] [net.minecraftforge.registries.ForgeRegistry/REGISTRIES]: Registry minecraft:item: Fixed minecraft:item id mismatch create_dd:4_blade_fan: 1474 (init) -> 1476 (map).
[26Dec2025 18:17:01.056] [Render thread/DEBUG] [net.minecraftforge.registries.ForgeRegistry/REGISTRIES]: Registry minecraft:item: Fixed minecraft:item id mismatch create_dd:8_blade_fan: 1475 (init) -> 1477 (map).
[26Dec2025 18:17:01.056] [Render thread/DEBUG] [net.minecraftforge.registries.ForgeRegistry/REGISTRIES]: Registry minecraft:item: Fixed minecraft:item id mismatch create_dd:abstruse_mechanism: 1511 (init) -> 1513 (map).
[26Dec2025 18:17:01.056] [Render thread/DEBUG] [net.minecraftforge.registries.ForgeRegistry/REGISTRIES]: Registry minecraft:item: Fixed minecraft:item id mismatch create_dd:accelerator_motor: 1306 (init) -> 1308 (map).
[26Dec2025 18:17:01.056] [Render thread/DEBUG] [net.minecraftforge.registries.ForgeRegistry/REGISTRIES]: Registry minecraft:item: Fixed minecraft:item id mismatch create_dd:aethersite: 1585 (init) -> 1587 (map).
[26Dec2025 18:17:01.056] [Render thread/DEBUG] [net.minecraftforge.registries.ForgeRegistry/REGISTRIES]: Registry minecraft:item: Fixed minecraft:item id mismatch create_dd:aethersite_asphalt_block: 1420 (init) -> 1422 (map).
[26Dec2025 18:17:01.056] [Render thread/DEBUG] [net.minecraftforge.registries.ForgeRegistry/REGISTRIES]: Registry minecraft:item: Fixed minecraft:item id mismatch create_dd:aethersite_mossy_bricks: 1438 (init) -> 1440 (map).
[26Dec2025 18:17:01.056] [Render thread/DEBUG] [net.minecraftforge.registries.ForgeRegistry/REGISTRIES]: Registry minecraft:item: Fixed minecraft:item id mismatch create_dd:aethersite_pillar: 1603 (init) -> 1605 (map).
[26Dec2025 18:17:01.056] [Render thread/DEBUG] [net.minecraftforge.registries.ForgeRegistry/REGISTRIES]: Registry minecraft:item: Fixed minecraft:item id mismatch create_dd:andesite_alloy_polished_block: 1462 (init) -> 1464 (map).
[26Dec2025 18:17:01.056] [Render thread/DEBUG] [net.minecraftforge.registries.ForgeRegistry/REGISTRIES]: Registry minecraft:item: Fixed minecraft:item id mismatch create_dd:andesite_alloy_polished_slab: 1464 (init) -> 1466 (map).
[26Dec2025 18:17:01.056] [Render thread/DEBUG] [net.minecraftforge.registries.ForgeRegistry/REGISTRIES]: Registry minecraft:item: Fixed minecraft:item id mismatch create_dd:andesite_alloy_polished_stairs: 1463 (init) -> 1465 (map).
[26Dec2025 18:17:01.056] [Render thread/DEBUG] [net.minecraftforge.registries.ForgeRegistry/REGISTRIES]: Registry minecraft:item: Fixed minecraft:item id mismatch create_dd:andesite_alloy_tiled_block: 1465 (init) -> 1467 (map).
[26Dec2025 18:17:01.056] [Render thread/DEBUG] [net.minecraftforge.registries.ForgeRegistry/REGISTRIES]: Registry minecraft:item: Fixed minecraft:item id mismatch create_dd:andesite_alloy_tiled_slab: 1467 (init) -> 1469 (map).
[26Dec2025 18:17:01.056] [Render thread/DEBUG] [net.minecraftforge.registries.ForgeRegistry/REGISTRIES]: Registry minecraft:item: Fixed minecraft:item id mismatch create_dd:andesite_alloy_tiled_stairs: 1466 (init) -> 1468 (map).
[26Dec2025 18:17:01.056] [Render thread/DEBUG] [net.minecraftforge.registries.ForgeRegistry/REGISTRIES]: Registry minecraft:item: Fixed minecraft:item id mismatch create_dd:andesite_asphalt_block: 1408 (init) -> 1410 (map).
[26Dec2025 18:17:01.056] [Render thread/DEBUG] [net.minecraftforge.registries.ForgeRegistry/REGISTRIES]: Registry minecraft:item: Fixed minecraft:item id mismatch create_dd:andesite_mossy_bricks: 1426 (init) -> 1428 (map).
[26Dec2025 18:17:01.056] [Render thread/DEBUG] [net.minecraftforge.registries.ForgeRegistry/REGISTRIES]: Registry minecraft:item: Fixed minecraft:item id mismatch create_dd:andesite_sheet: 1494 (init) -> 1496 (map).
[26Dec2025 18:17:01.056] [Render thread/DEBUG] [net.minecraftforge.registries.ForgeRegistry/REGISTRIES]: Registry minecraft:item: Fixed minecraft:item id mismatch create_dd:asphalt_block: 1403 (init) -> 1405 (map).
[26Dec2025 18:17:01.056] [Render thread/DEBUG] [net.minecraftforge.registries.ForgeRegistry/REGISTRIES]: Registry minecraft:item: Fixed minecraft:item id mismatch create_dd:asurine_asphalt_block: 1409 (init) -> 1411 (map).
[26Dec2025 18:17:01.057] [Render thread/DEBUG] [net.minecraftforge.registries.ForgeRegistry/REGISTRIES]: Registry minecraft:item: Fixed minecraft:item id mismatch create_dd:asurine_cobble: 1469 (init) -> 1471 (map).
[26Dec2025 18:17:01.057] [Render thread/DEBUG] [net.minecraftforge.registries.ForgeRegistry/REGISTRIES]: Registry minecraft:item: Fixed minecraft:item id mismatch create_dd:asurine_mossy_bricks: 1427 (init) -> 1429 (map).
[26Dec2025 18:17:01.057] [Render thread/DEBUG] [net.minecraftforge.registries.ForgeRegistry/REGISTRIES]: Registry minecraft:item: Fixed minecraft:item id mismatch create_dd:blasting_sail: 1311 (init) -> 1313 (map).
[26Dec2025 18:17:01.057] [Render thread/DEBUG] [net.minecraftforge.registries.ForgeRegistry/REGISTRIES]: Registry minecraft:item: Fixed minecraft:item id mismatch create_dd:blaze_gold: 1552 (init) -> 1554 (map).
[26Dec2025 18:17:01.057] [Render thread/DEBUG] [net.minecraftforge.registries.ForgeRegistry/REGISTRIES]: Registry minecraft:item: Fixed minecraft:item id mismatch create_dd:blaze_gold_block: 1271 (init) -> 1273 (map).
[26Dec2025 18:17:01.057] [Render thread/DEBUG] [net.minecraftforge.registries.ForgeRegistry/REGISTRIES]: Registry minecraft:item: Fixed minecraft:item id mismatch create_dd:blaze_gold_casing: 1289 (init) -> 1291 (map).
[26Dec2025 18:17:01.057] [Render thread/DEBUG] [net.minecraftforge.registries.ForgeRegistry/REGISTRIES]: Registry minecraft:item: Fixed minecraft:item id mismatch create_dd:blaze_gold_scaffolding: 1329 (init) -> 1331 (map).
[26Dec2025 18:17:01.057] [Render thread/DEBUG] [net.minecraftforge.registries.ForgeRegistry/REGISTRIES]: Registry minecraft:item: Fixed minecraft:item id mismatch create_dd:blaze_gold_sheet: 1553 (init) -> 1555 (map).
[26Dec2025 18:17:01.057] [Render thread/DEBUG] [net.minecraftforge.registries.ForgeRegistry/REGISTRIES]: Registry minecraft:item: Fixed minecraft:item id mismatch create_dd:blueprint_block: 1346 (init) -> 1348 (map).
[26Dec2025 18:17:01.057] [Render thread/DEBUG] [net.minecraftforge.registries.ForgeRegistry/REGISTRIES]: Registry minecraft:item: Fixed minecraft:item id mismatch create_dd:blueprint_carpet: 1347 (init) -> 1349 (map).
[26Dec2025 18:17:01.057] [Render thread/DEBUG] [net.minecraftforge.registries.ForgeRegistry/REGISTRIES]: Registry minecraft:item: Fixed minecraft:item id mismatch create_dd:brick_casing: 1279 (init) -> 1281 (map).
[26Dec2025 18:17:01.057] [Render thread/DEBUG] [net.minecraftforge.registries.ForgeRegistry/REGISTRIES]: Registry minecraft:item: Fixed minecraft:item id mismatch create_dd:bronze_block: 1257 (init) -> 1259 (map).
[26Dec2025 18:17:01.057] [Render thread/DEBUG] [net.minecraftforge.registries.ForgeRegistry/REGISTRIES]: Registry minecraft:item: Fixed minecraft:item id mismatch create_dd:bronze_casing: 1275 (init) -> 1277 (map).
[26Dec2025 18:17:01.057] [Render thread/DEBUG] [net.minecraftforge.registries.ForgeRegistry/REGISTRIES]: Registry minecraft:item: Fixed minecraft:item id mismatch create_dd:bronze_drill: 1297 (init) -> 1299 (map).
[26Dec2025 18:17:01.057] [Render thread/DEBUG] [net.minecraftforge.registries.ForgeRegistry/REGISTRIES]: Registry minecraft:item: Fixed minecraft:item id mismatch create_dd:bronze_ingot: 1477 (init) -> 1479 (map).
[26Dec2025 18:17:01.057] [Render thread/DEBUG] [net.minecraftforge.registries.ForgeRegistry/REGISTRIES]: Registry minecraft:item: Fixed minecraft:item id mismatch create_dd:bronze_nugget: 1482 (init) -> 1484 (map).
[26Dec2025 18:17:01.057] [Render thread/DEBUG] [net.minecraftforge.registries.ForgeRegistry/REGISTRIES]: Registry minecraft:item: Fixed minecraft:item id mismatch create_dd:bronze_polished_block: 1444 (init) -> 1446 (map).
[26Dec2025 18:17:01.057] [Render thread/DEBUG] [net.minecraftforge.registries.ForgeRegistry/REGISTRIES]: Registry minecraft:item: Fixed minecraft:item id mismatch create_dd:bronze_polished_slab: 1446 (init) -> 1448 (map).
[26Dec2025 18:17:01.057] [Render thread/DEBUG] [net.minecraftforge.registries.ForgeRegistry/REGISTRIES]: Registry minecraft:item: Fixed minecraft:item id mismatch create_dd:bronze_polished_stairs: 1445 (init) -> 1447 (map).
[26Dec2025 18:17:01.057] [Render thread/DEBUG] [net.minecraftforge.registries.ForgeRegistry/REGISTRIES]: Registry minecraft:item: Fixed minecraft:item id mismatch create_dd:bronze_saw: 1296 (init) -> 1298 (map).
[26Dec2025 18:17:01.057] [Render thread/DEBUG] [net.minecraftforge.registries.ForgeRegistry/REGISTRIES]: Registry minecraft:item: Fixed minecraft:item id mismatch create_dd:bronze_scaffolding: 1324 (init) -> 1326 (map).
[26Dec2025 18:17:01.057] [Render thread/DEBUG] [net.minecraftforge.registries.ForgeRegistry/REGISTRIES]: Registry minecraft:item: Fixed minecraft:item id mismatch create_dd:bronze_sheet: 1487 (init) -> 1489 (map).
[26Dec2025 18:17:01.057] [Render thread/DEBUG] [net.minecraftforge.registries.ForgeRegistry/REGISTRIES]: Registry minecraft:item: Fixed minecraft:item id mismatch create_dd:bronze_tiled_block: 1447 (init) -> 1449 (map).
[26Dec2025 18:17:01.057] [Render thread/DEBUG] [net.minecraftforge.registries.ForgeRegistry/REGISTRIES]: Registry minecraft:item: Fixed minecraft:item id mismatch create_dd:bronze_tiled_slab: 1449 (init) -> 1451 (map).
[26Dec2025 18:17:01.057] [Render thread/DEBUG] [net.minecraftforge.registries.ForgeRegistry/REGISTRIES]: Registry minecraft:item: Fixed minecraft:item id mismatch create_dd:bronze_tiled_stairs: 1448 (init) -> 1450 (map).
[26Dec2025 18:17:01.057] [Render thread/DEBUG] [net.minecraftforge.registries.ForgeRegistry/REGISTRIES]: Registry minecraft:item: Fixed minecraft:item id mismatch create_dd:calcite_asphalt_block: 1410 (init) -> 1412 (map).
[26Dec2025 18:17:01.057] [Render thread/DEBUG] [net.minecraftforge.registries.ForgeRegistry/REGISTRIES]: Registry minecraft:item: Fixed minecraft:item id mismatch create_dd:calcite_mossy_bricks: 1428 (init) -> 1430 (map).
[26Dec2025 18:17:01.057] [Render thread/DEBUG] [net.minecraftforge.registries.ForgeRegistry/REGISTRIES]: Registry minecraft:item: Fixed minecraft:item id mismatch create_dd:calculation_mechanism: 1499 (init) -> 1501 (map).
[26Dec2025 18:17:01.057] [Render thread/DEBUG] [net.minecraftforge.registries.ForgeRegistry/REGISTRIES]: Registry minecraft:item: Fixed minecraft:item id mismatch create_dd:caramel_bucket: 1578 (init) -> 1580 (map).
[26Dec2025 18:17:01.057] [Render thread/DEBUG] [net.minecraftforge.registries.ForgeRegistry/REGISTRIES]: Registry minecraft:item: Fixed minecraft:item id mismatch create_dd:caramel_milkshake: 1560 (init) -> 1562 (map).
[26Dec2025 18:17:01.057] [Render thread/DEBUG] [net.minecraftforge.registries.ForgeRegistry/REGISTRIES]: Registry minecraft:item: Fixed minecraft:item id mismatch create_dd:caramel_milkshake_bucket: 1579 (init) -> 1581 (map).
[26Dec2025 18:17:01.057] [Render thread/DEBUG] [net.minecraftforge.registries.ForgeRegistry/REGISTRIES]: Registry minecraft:item: Fixed minecraft:item id mismatch create_dd:chocolate_milkshake: 1561 (init) -> 1563 (map).
[26Dec2025 18:17:01.057] [Render thread/DEBUG] [net.minecraftforge.registries.ForgeRegistry/REGISTRIES]: Registry minecraft:item: Fixed minecraft:item id mismatch create_dd:chocolate_milkshake_bucket: 1581 (init) -> 1583 (map).
[26Dec2025 18:17:01.057] [Render thread/DEBUG] [net.minecraftforge.registries.ForgeRegistry/REGISTRIES]: Registry minecraft:item: Fixed minecraft:item id mismatch create_dd:chromatic_block: 1267 (init) -> 1269 (map).
[26Dec2025 18:17:01.057] [Render thread/DEBUG] [net.minecraftforge.registries.ForgeRegistry/REGISTRIES]: Registry minecraft:item: Fixed minecraft:item id mismatch create_dd:chromatic_compound: 1544 (init) -> 1546 (map).
[26Dec2025 18:17:01.057] [Render thread/DEBUG] [net.minecraftforge.registries.ForgeRegistry/REGISTRIES]: Registry minecraft:item: Fixed minecraft:item id mismatch create_dd:chromatic_waste_bucket: 1582 (init) -> 1584 (map).
[26Dec2025 18:17:01.057] [Render thread/DEBUG] [net.minecraftforge.registries.ForgeRegistry/REGISTRIES]: Registry minecraft:item: Fixed minecraft:item id mismatch create_dd:coal_piece: 1543 (init) -> 1545 (map).
[26Dec2025 18:17:01.057] [Render thread/DEBUG] [net.minecraftforge.registries.ForgeRegistry/REGISTRIES]: Registry minecraft:item: Fixed minecraft:item id mismatch create_dd:cog_crank: 1307 (init) -> 1309 (map).
[26Dec2025 18:17:01.057] [Render thread/DEBUG] [net.minecraftforge.registries.ForgeRegistry/REGISTRIES]: Registry minecraft:item: Fixed minecraft:item id mismatch create_dd:compound_base: 1506 (init) -> 1508 (map).
[26Dec2025 18:17:01.057] [Render thread/DEBUG] [net.minecraftforge.registries.ForgeRegistry/REGISTRIES]: Registry minecraft:item: Fixed minecraft:item id mismatch create_dd:condense_milk_bucket: 1570 (init) -> 1572 (map).
[26Dec2025 18:17:01.058] [Render thread/DEBUG] [net.minecraftforge.registries.ForgeRegistry/REGISTRIES]: Registry minecraft:item: Fixed minecraft:item id mismatch create_dd:copycat_block: 1332 (init) -> 1334 (map).
[26Dec2025 18:17:01.058] [Render thread/DEBUG] [net.minecraftforge.registries.ForgeRegistry/REGISTRIES]: Registry minecraft:item: Fixed minecraft:item id mismatch create_dd:copycat_slab: 1333 (init) -> 1335 (map).
[26Dec2025 18:17:01.058] [Render thread/DEBUG] [net.minecraftforge.registries.ForgeRegistry/REGISTRIES]: Registry minecraft:item: Fixed minecraft:item id mismatch create_dd:crafting_inductive_mechanism1: 1566 (init) -> 1568 (map).
[26Dec2025 18:17:01.058] [Render thread/DEBUG] [net.minecraftforge.registries.ForgeRegistry/REGISTRIES]: Registry minecraft:item: Fixed minecraft:item id mismatch create_dd:crafting_inductive_mechanism2: 1568 (init) -> 1570 (map).
[26Dec2025 18:17:01.058] [Render thread/DEBUG] [net.minecraftforge.registries.ForgeRegistry/REGISTRIES]: Registry minecraft:item: Fixed minecraft:item id mismatch create_dd:crafting_kinetic_mechanism1: 1567 (init) -> 1569 (map).
[26Dec2025 18:17:01.058] [Render thread/DEBUG] [net.minecraftforge.registries.ForgeRegistry/REGISTRIES]: Registry minecraft:item: Fixed minecraft:item id mismatch create_dd:crafting_kinetic_mechanism2: 1569 (init) -> 1571 (map).
[26Dec2025 18:17:01.058] [Render thread/DEBUG] [net.minecraftforge.registries.ForgeRegistry/REGISTRIES]: Registry minecraft:item: Fixed minecraft:item id mismatch create_dd:cream_bucket: 1571 (init) -> 1573 (map).
[26Dec2025 18:17:01.058] [Render thread/DEBUG] [net.minecraftforge.registries.ForgeRegistry/REGISTRIES]: Registry minecraft:item: Fixed minecraft:item id mismatch create_dd:crimsite_asphalt_block: 1411 (init) -> 1413 (map).
[26Dec2025 18:17:01.058] [Render thread/DEBUG] [net.minecraftforge.registries.ForgeRegistry/REGISTRIES]: Registry minecraft:item: Fixed minecraft:item id mismatch create_dd:crimsite_cobble: 1470 (init) -> 1472 (map).
[26Dec2025 18:17:01.058] [Render thread/DEBUG] [net.minecraftforge.registries.ForgeRegistry/REGISTRIES]: Registry minecraft:item: Fixed minecraft:item id mismatch create_dd:crimsite_mossy_bricks: 1429 (init) -> 1431 (map).
[26Dec2025 18:17:01.058] [Render thread/DEBUG] [net.minecraftforge.registries.ForgeRegistry/REGISTRIES]: Registry minecraft:item: Fixed minecraft:item id mismatch create_dd:crystallized_sap: 1507 (init) -> 1509 (map).
[26Dec2025 18:17:01.058] [Render thread/DEBUG] [net.minecraftforge.registries.ForgeRegistry/REGISTRIES]: Registry minecraft:item: Fixed minecraft:item id mismatch create_dd:cut_aethersite: 1586 (init) -> 1588 (map).
[26Dec2025 18:17:01.058] [Render thread/DEBUG] [net.minecraftforge.registries.ForgeRegistry/REGISTRIES]: Registry minecraft:item: Fixed minecraft:item id mismatch create_dd:cut_aethersite_brick_slab: 1596 (init) -> 1598 (map).
[26Dec2025 18:17:01.058] [Render thread/DEBUG] [net.minecraftforge.registries.ForgeRegistry/REGISTRIES]: Registry minecraft:item: Fixed minecraft:item id mismatch create_dd:cut_aethersite_brick_stairs: 1595 (init) -> 1597 (map).
[26Dec2025 18:17:01.058] [Render thread/DEBUG] [net.minecraftforge.registries.ForgeRegistry/REGISTRIES]: Registry minecraft:item: Fixed minecraft:item id mismatch create_dd:cut_aethersite_brick_wall: 1597 (init) -> 1599 (map).
[26Dec2025 18:17:01.058] [Render thread/DEBUG] [net.minecraftforge.registries.ForgeRegistry/REGISTRIES]: Registry minecraft:item: Fixed minecraft:item id mismatch create_dd:cut_aethersite_bricks: 1594 (init) -> 1596 (map).
[26Dec2025 18:17:01.058] [Render thread/DEBUG] [net.minecraftforge.registries.ForgeRegistry/REGISTRIES]: Registry minecraft:item: Fixed minecraft:item id mismatch create_dd:cut_aethersite_slab: 1588 (init) -> 1590 (map).
[26Dec2025 18:17:01.058] [Render thread/DEBUG] [net.minecraftforge.registries.ForgeRegistry/REGISTRIES]: Registry minecraft:item: Fixed minecraft:item id mismatch create_dd:cut_aethersite_stairs: 1587 (init) -> 1589 (map).
[26Dec2025 18:17:01.058] [Render thread/DEBUG] [net.minecraftforge.registries.ForgeRegistry/REGISTRIES]: Registry minecraft:item: Fixed minecraft:item id mismatch create_dd:cut_aethersite_wall: 1589 (init) -> 1591 (map).
[26Dec2025 18:17:01.058] [Render thread/DEBUG] [net.minecraftforge.registries.ForgeRegistry/REGISTRIES]: Registry minecraft:item: Fixed minecraft:item id mismatch create_dd:cut_gabbro: 1643 (init) -> 1645 (map).
[26Dec2025 18:17:01.058] [Render thread/DEBUG] [net.minecraftforge.registries.ForgeRegistry/REGISTRIES]: Registry minecraft:item: Fixed minecraft:item id mismatch create_dd:cut_gabbro_brick_slab: 1653 (init) -> 1655 (map).
[26Dec2025 18:17:01.058] [Render thread/DEBUG] [net.minecraftforge.registries.ForgeRegistry/REGISTRIES]: Registry minecraft:item: Fixed minecraft:item id mismatch create_dd:cut_gabbro_brick_stairs: 1652 (init) -> 1654 (map).
[26Dec2025 18:17:01.058] [Render thread/DEBUG] [net.minecraftforge.registries.ForgeRegistry/REGISTRIES]: Registry minecraft:item: Fixed minecraft:item id mismatch create_dd:cut_gabbro_brick_wall: 1654 (init) -> 1656 (map).
[26Dec2025 18:17:01.058] [Render thread/DEBUG] [net.minecraftforge.registries.ForgeRegistry/REGISTRIES]: Registry minecraft:item: Fixed minecraft:item id mismatch create_dd:cut_gabbro_bricks: 1651 (init) -> 1653 (map).
[26Dec2025 18:17:01.058] [Render thread/DEBUG] [net.minecraftforge.registries.ForgeRegistry/REGISTRIES]: Registry minecraft:item: Fixed minecraft:item id mismatch create_dd:cut_gabbro_slab: 1645 (init) -> 1647 (map).
[26Dec2025 18:17:01.058] [Render thread/DEBUG] [net.minecraftforge.registries.ForgeRegistry/REGISTRIES]: Registry minecraft:item: Fixed minecraft:item id mismatch create_dd:cut_gabbro_stairs: 1644 (init) -> 1646 (map).
[26Dec2025 18:17:01.058] [Render thread/DEBUG] [net.minecraftforge.registries.ForgeRegistry/REGISTRIES]: Registry minecraft:item: Fixed minecraft:item id mismatch create_dd:cut_gabbro_wall: 1646 (init) -> 1648 (map).
[26Dec2025 18:17:01.058] [Render thread/DEBUG] [net.minecraftforge.registries.ForgeRegistry/REGISTRIES]: Registry minecraft:item: Fixed minecraft:item id mismatch create_dd:cut_potassic: 1605 (init) -> 1607 (map).
[26Dec2025 18:17:01.058] [Render thread/DEBUG] [net.minecraftforge.registries.ForgeRegistry/REGISTRIES]: Registry minecraft:item: Fixed minecraft:item id mismatch create_dd:cut_potassic_brick_slab: 1615 (init) -> 1617 (map).
[26Dec2025 18:17:01.058] [Render thread/DEBUG] [net.minecraftforge.registries.ForgeRegistry/REGISTRIES]: Registry minecraft:item: Fixed minecraft:item id mismatch create_dd:cut_potassic_brick_stairs: 1614 (init) -> 1616 (map).
[26Dec2025 18:17:01.058] [Render thread/DEBUG] [net.minecraftforge.registries.ForgeRegistry/REGISTRIES]: Registry minecraft:item: Fixed minecraft:item id mismatch create_dd:cut_potassic_brick_wall: 1616 (init) -> 1618 (map).
[26Dec2025 18:17:01.058] [Render thread/DEBUG] [net.minecraftforge.registries.ForgeRegistry/REGISTRIES]: Registry minecraft:item: Fixed minecraft:item id mismatch create_dd:cut_potassic_bricks: 1613 (init) -> 1615 (map).
[26Dec2025 18:17:01.058] [Render thread/DEBUG] [net.minecraftforge.registries.ForgeRegistry/REGISTRIES]: Registry minecraft:item: Fixed minecraft:item id mismatch create_dd:cut_potassic_slab: 1607 (init) -> 1609 (map).
[26Dec2025 18:17:01.059] [Render thread/DEBUG] [net.minecraftforge.registries.ForgeRegistry/REGISTRIES]: Registry minecraft:item: Fixed minecraft:item id mismatch create_dd:cut_potassic_stairs: 1606 (init) -> 1608 (map).
[26Dec2025 18:17:01.059] [Render thread/DEBUG] [net.minecraftforge.registries.ForgeRegistry/REGISTRIES]: Registry minecraft:item: Fixed minecraft:item id mismatch create_dd:cut_potassic_wall: 1608 (init) -> 1610 (map).
[26Dec2025 18:17:01.059] [Render thread/DEBUG] [net.minecraftforge.registries.ForgeRegistry/REGISTRIES]: Registry minecraft:item: Fixed minecraft:item id mismatch create_dd:cut_weathered_limestone: 1624 (init) -> 1626 (map).
[26Dec2025 18:17:01.059] [Render thread/DEBUG] [net.minecraftforge.registries.ForgeRegistry/REGISTRIES]: Registry minecraft:item: Fixed minecraft:item id mismatch create_dd:cut_weathered_limestone_brick_slab: 1634 (init) -> 1636 (map).
[26Dec2025 18:17:01.059] [Render thread/DEBUG] [net.minecraftforge.registries.ForgeRegistry/REGISTRIES]: Registry minecraft:item: Fixed minecraft:item id mismatch create_dd:cut_weathered_limestone_brick_stairs: 1633 (init) -> 1635 (map).
[26Dec2025 18:17:01.059] [Render thread/DEBUG] [net.minecraftforge.registries.ForgeRegistry/REGISTRIES]: Registry minecraft:item: Fixed minecraft:item id mismatch create_dd:cut_weathered_limestone_brick_wall: 1635 (init) -> 1637 (map).
[26Dec2025 18:17:01.059] [Render thread/DEBUG] [net.minecraftforge.registries.ForgeRegistry/REGISTRIES]: Registry minecraft:item: Fixed minecraft:item id mismatch create_dd:cut_weathered_limestone_bricks: 1632 (init) -> 1634 (map).
[26Dec2025 18:17:01.059] [Render thread/DEBUG] [net.minecraftforge.registries.ForgeRegistry/REGISTRIES]: Registry minecraft:item: Fixed minecraft:item id mismatch create_dd:cut_weathered_limestone_slab: 1626 (init) -> 1628 (map).
[26Dec2025 18:17:01.059] [Render thread/DEBUG] [net.minecraftforge.registries.ForgeRegistry/REGISTRIES]: Registry minecraft:item: Fixed minecraft:item id mismatch create_dd:cut_weathered_limestone_stairs: 1625 (init) -> 1627 (map).
[26Dec2025 18:17:01.059] [Render thread/DEBUG] [net.minecraftforge.registries.ForgeRegistry/REGISTRIES]: Registry minecraft:item: Fixed minecraft:item id mismatch create_dd:cut_weathered_limestone_wall: 1627 (init) -> 1629 (map).
[26Dec2025 18:17:01.059] [Render thread/DEBUG] [net.minecraftforge.registries.ForgeRegistry/REGISTRIES]: Registry minecraft:item: Fixed minecraft:item id mismatch create_dd:deepslate_asphalt_block: 1412 (init) -> 1414 (map).
[26Dec2025 18:17:01.059] [Render thread/DEBUG] [net.minecraftforge.registries.ForgeRegistry/REGISTRIES]: Registry minecraft:item: Fixed minecraft:item id mismatch create_dd:deepslate_mossy_bricks: 1430 (init) -> 1432 (map).
[26Dec2025 18:17:01.059] [Render thread/DEBUG] [net.minecraftforge.registries.ForgeRegistry/REGISTRIES]: Registry minecraft:item: Fixed minecraft:item id mismatch create_dd:deepslate_tin_ore: 1261 (init) -> 1263 (map).
[26Dec2025 18:17:01.059] [Render thread/DEBUG] [net.minecraftforge.registries.ForgeRegistry/REGISTRIES]: Registry minecraft:item: Fixed minecraft:item id mismatch create_dd:deforester_saw: 1557 (init) -> 1559 (map).
[26Dec2025 18:17:01.059] [Render thread/DEBUG] [net.minecraftforge.registries.ForgeRegistry/REGISTRIES]: Registry minecraft:item: Fixed minecraft:item id mismatch create_dd:diamond_shard: 1505 (init) -> 1507 (map).
[26Dec2025 18:17:01.059] [Render thread/DEBUG] [net.minecraftforge.registries.ForgeRegistry/REGISTRIES]: Registry minecraft:item: Fixed minecraft:item id mismatch create_dd:diorite_asphalt_block: 1413 (init) -> 1415 (map).
[26Dec2025 18:17:01.059] [Render thread/DEBUG] [net.minecraftforge.registries.ForgeRegistry/REGISTRIES]: Registry minecraft:item: Fixed minecraft:item id mismatch create_dd:diorite_mossy_bricks: 1431 (init) -> 1433 (map).
[26Dec2025 18:17:01.059] [Render thread/DEBUG] [net.minecraftforge.registries.ForgeRegistry/REGISTRIES]: Registry minecraft:item: Fixed minecraft:item id mismatch create_dd:dripstone_asphalt_block: 1414 (init) -> 1416 (map).
[26Dec2025 18:17:01.059] [Render thread/DEBUG] [net.minecraftforge.registries.ForgeRegistry/REGISTRIES]: Registry minecraft:item: Fixed minecraft:item id mismatch create_dd:dripstone_mossy_bricks: 1432 (init) -> 1434 (map).
[26Dec2025 18:17:01.059] [Render thread/DEBUG] [net.minecraftforge.registries.ForgeRegistry/REGISTRIES]: Registry minecraft:item: Fixed minecraft:item id mismatch create_dd:ember_alloy: 1491 (init) -> 1493 (map).
[26Dec2025 18:17:01.059] [Render thread/DEBUG] [net.minecraftforge.registries.ForgeRegistry/REGISTRIES]: Registry minecraft:item: Fixed minecraft:item id mismatch create_dd:ember_alloy_block: 1266 (init) -> 1268 (map).
[26Dec2025 18:17:01.059] [Render thread/DEBUG] [net.minecraftforge.registries.ForgeRegistry/REGISTRIES]: Registry minecraft:item: Fixed minecraft:item id mismatch create_dd:experience_ingot: 1558 (init) -> 1560 (map).
[26Dec2025 18:17:01.059] [Render thread/DEBUG] [net.minecraftforge.registries.ForgeRegistry/REGISTRIES]: Registry minecraft:item: Fixed minecraft:item id mismatch create_dd:experience_mass: 1559 (init) -> 1561 (map).
[26Dec2025 18:17:01.059] [Render thread/DEBUG] [net.minecraftforge.registries.ForgeRegistry/REGISTRIES]: Registry minecraft:item: Fixed minecraft:item id mismatch create_dd:fallen_stargaze_singularity: 1549 (init) -> 1551 (map).
[26Dec2025 18:17:01.059] [Render thread/DEBUG] [net.minecraftforge.registries.ForgeRegistry/REGISTRIES]: Registry minecraft:item: Fixed minecraft:item id mismatch create_dd:flywheel: 1300 (init) -> 1302 (map).
[26Dec2025 18:17:01.059] [Render thread/DEBUG] [net.minecraftforge.registries.ForgeRegistry/REGISTRIES]: Registry minecraft:item: Fixed minecraft:item id mismatch create_dd:forest_ravager: 1556 (init) -> 1558 (map).
[26Dec2025 18:17:01.059] [Render thread/DEBUG] [net.minecraftforge.registries.ForgeRegistry/REGISTRIES]: Registry minecraft:item: Fixed minecraft:item id mismatch create_dd:framed_split_glass: 1342 (init) -> 1344 (map).
[26Dec2025 18:17:01.059] [Render thread/DEBUG] [net.minecraftforge.registries.ForgeRegistry/REGISTRIES]: Registry minecraft:item: Fixed minecraft:item id mismatch create_dd:framed_split_glass_pane: 1343 (init) -> 1345 (map).
[26Dec2025 18:17:01.059] [Render thread/DEBUG] [net.minecraftforge.registries.ForgeRegistry/REGISTRIES]: Registry minecraft:item: Fixed minecraft:item id mismatch create_dd:freezing_sail: 1313 (init) -> 1315 (map).
[26Dec2025 18:17:01.059] [Render thread/DEBUG] [net.minecraftforge.registries.ForgeRegistry/REGISTRIES]: Registry minecraft:item: Fixed minecraft:item id mismatch create_dd:frozen_nugget: 1510 (init) -> 1512 (map).
[26Dec2025 18:17:01.059] [Render thread/DEBUG] [net.minecraftforge.registries.ForgeRegistry/REGISTRIES]: Registry minecraft:item: Fixed minecraft:item id mismatch create_dd:furnace_engine: 1299 (init) -> 1301 (map).
[26Dec2025 18:17:01.059] [Render thread/DEBUG] [net.minecraftforge.registries.ForgeRegistry/REGISTRIES]: Registry minecraft:item: Fixed minecraft:item id mismatch create_dd:gabbro: 1642 (init) -> 1644 (map).
[26Dec2025 18:17:01.059] [Render thread/DEBUG] [net.minecraftforge.registries.ForgeRegistry/REGISTRIES]: Registry minecraft:item: Fixed minecraft:item id mismatch create_dd:gabbro_asphalt_block: 1415 (init) -> 1417 (map).
[26Dec2025 18:17:01.059] [Render thread/DEBUG] [net.minecraftforge.registries.ForgeRegistry/REGISTRIES]: Registry minecraft:item: Fixed minecraft:item id mismatch create_dd:gabbro_mossy_bricks: 1433 (init) -> 1435 (map).
[26Dec2025 18:17:01.059] [Render thread/DEBUG] [net.minecraftforge.registries.ForgeRegistry/REGISTRIES]: Registry minecraft:item: Fixed minecraft:item id mismatch create_dd:gabbro_pillar: 1660 (init) -> 1662 (map).
[26Dec2025 18:17:01.059] [Render thread/DEBUG] [net.minecraftforge.registries.ForgeRegistry/REGISTRIES]: Registry minecraft:item: Fixed minecraft:item id mismatch create_dd:glowberry_bucket: 1576 (init) -> 1578 (map).
[26Dec2025 18:17:01.059] [Render thread/DEBUG] [net.minecraftforge.registries.ForgeRegistry/REGISTRIES]: Registry minecraft:item: Fixed minecraft:item id mismatch create_dd:glowberry_milkshake: 1562 (init) -> 1564 (map).
[26Dec2025 18:17:01.059] [Render thread/DEBUG] [net.minecraftforge.registries.ForgeRegistry/REGISTRIES]: Registry minecraft:item: Fixed minecraft:item id mismatch create_dd:glowberry_milkshake_bucket: 1577 (init) -> 1579 (map).
[26Dec2025 18:17:01.059] [Render thread/DEBUG] [net.minecraftforge.registries.ForgeRegistry/REGISTRIES]: Registry minecraft:item: Fixed minecraft:item id mismatch create_dd:granite_asphalt_block: 1416 (init) -> 1418 (map).
[26Dec2025 18:17:01.059] [Render thread/DEBUG] [net.minecraftforge.registries.ForgeRegistry/REGISTRIES]: Registry minecraft:item: Fixed minecraft:item id mismatch create_dd:granite_mossy_bricks: 1434 (init) -> 1436 (map).
[26Dec2025 18:17:01.059] [Render thread/DEBUG] [net.minecraftforge.registries.ForgeRegistry/REGISTRIES]: Registry minecraft:item: Fixed minecraft:item id mismatch create_dd:haunting_sail: 1309 (init) -> 1311 (map).
[26Dec2025 18:17:01.059] [Render thread/DEBUG] [net.minecraftforge.registries.ForgeRegistry/REGISTRIES]: Registry minecraft:item: Fixed minecraft:item id mismatch create_dd:hazard_block: 1404 (init) -> 1406 (map).
[26Dec2025 18:17:01.059] [Render thread/DEBUG] [net.minecraftforge.registries.ForgeRegistry/REGISTRIES]: Registry minecraft:item: Fixed minecraft:item id mismatch create_dd:hazard_block_r: 1406 (init) -> 1408 (map).
[26Dec2025 18:17:01.059] [Render thread/DEBUG] [net.minecraftforge.registries.ForgeRegistry/REGISTRIES]: Registry minecraft:item: Fixed minecraft:item id mismatch create_dd:horizontal_framed_split_glass: 1340 (init) -> 1342 (map).
[26Dec2025 18:17:01.059] [Render thread/DEBUG] [net.minecraftforge.registries.ForgeRegistry/REGISTRIES]: Registry minecraft:item: Fixed minecraft:item id mismatch create_dd:horizontal_framed_split_glass_pane: 1341 (init) -> 1343 (map).
[26Dec2025 18:17:01.060] [Render thread/DEBUG] [net.minecraftforge.registries.ForgeRegistry/REGISTRIES]: Registry minecraft:item: Fixed minecraft:item id mismatch create_dd:horizontal_hazard_block: 1405 (init) -> 1407 (map).
[26Dec2025 18:17:01.060] [Render thread/DEBUG] [net.minecraftforge.registries.ForgeRegistry/REGISTRIES]: Registry minecraft:item: Fixed minecraft:item id mismatch create_dd:horizontal_hazard_block_r: 1407 (init) -> 1409 (map).
[26Dec2025 18:17:01.060] [Render thread/DEBUG] [net.minecraftforge.registries.ForgeRegistry/REGISTRIES]: Registry minecraft:item: Fixed minecraft:item id mismatch create_dd:hot_chocolate: 1565 (init) -> 1567 (map).
[26Dec2025 18:17:01.060] [Render thread/DEBUG] [net.minecraftforge.registries.ForgeRegistry/REGISTRIES]: Registry minecraft:item: Fixed minecraft:item id mismatch create_dd:hot_chocolate_bucket: 1580 (init) -> 1582 (map).
[26Dec2025 18:17:01.060] [Render thread/DEBUG] [net.minecraftforge.registries.ForgeRegistry/REGISTRIES]: Registry minecraft:item: Fixed minecraft:item id mismatch create_dd:hydraulic_casing: 1282 (init) -> 1284 (map).
[26Dec2025 18:17:01.060] [Render thread/DEBUG] [net.minecraftforge.registries.ForgeRegistry/REGISTRIES]: Registry minecraft:item: Fixed minecraft:item id mismatch create_dd:hydraulic_press: 1304 (init) -> 1306 (map).
[26Dec2025 18:17:01.060] [Render thread/DEBUG] [net.minecraftforge.registries.ForgeRegistry/REGISTRIES]: Registry minecraft:item: Fixed minecraft:item id mismatch create_dd:hydraulic_scaffolding: 1317 (init) -> 1319 (map).
[26Dec2025 18:17:01.060] [Render thread/DEBUG] [net.minecraftforge.registries.ForgeRegistry/REGISTRIES]: Registry minecraft:item: Fixed minecraft:item id mismatch create_dd:incomplete_abstruse_mechanism: 1515 (init) -> 1517 (map).
[26Dec2025 18:17:01.060] [Render thread/DEBUG] [net.minecraftforge.registries.ForgeRegistry/REGISTRIES]: Registry minecraft:item: Fixed minecraft:item id mismatch create_dd:incomplete_calculation_mechanism: 1516 (init) -> 1518 (map).
[26Dec2025 18:17:01.060] [Render thread/DEBUG] [net.minecraftforge.registries.ForgeRegistry/REGISTRIES]: Registry minecraft:item: Fixed minecraft:item id mismatch create_dd:incomplete_inductive_mechanism: 1517 (init) -> 1519 (map).
[26Dec2025 18:17:01.060] [Render thread/DEBUG] [net.minecraftforge.registries.ForgeRegistry/REGISTRIES]: Registry minecraft:item: Fixed minecraft:item id mismatch create_dd:incomplete_infernal_mechanism: 1518 (init) -> 1520 (map).
[26Dec2025 18:17:01.060] [Render thread/DEBUG] [net.minecraftforge.registries.ForgeRegistry/REGISTRIES]: Registry minecraft:item: Fixed minecraft:item id mismatch create_dd:incomplete_integrated_circuit: 1513 (init) -> 1515 (map).
[26Dec2025 18:17:01.060] [Render thread/DEBUG] [net.minecraftforge.registries.ForgeRegistry/REGISTRIES]: Registry minecraft:item: Fixed minecraft:item id mismatch create_dd:incomplete_integrated_mechanism: 1514 (init) -> 1516 (map).
[26Dec2025 18:17:01.060] [Render thread/DEBUG] [net.minecraftforge.registries.ForgeRegistry/REGISTRIES]: Registry minecraft:item: Fixed minecraft:item id mismatch create_dd:incomplete_sealed_mechanism: 1519 (init) -> 1521 (map).
[26Dec2025 18:17:01.060] [Render thread/DEBUG] [net.minecraftforge.registries.ForgeRegistry/REGISTRIES]: Registry minecraft:item: Fixed minecraft:item id mismatch create_dd:incomplete_stargaze_singularity: 1512 (init) -> 1514 (map).
[26Dec2025 18:17:01.060] [Render thread/DEBUG] [net.minecraftforge.registries.ForgeRegistry/REGISTRIES]: Registry minecraft:item: Fixed minecraft:item id mismatch create_dd:inductive_mechanism: 1500 (init) -> 1502 (map).
[26Dec2025 18:17:01.060] [Render thread/DEBUG] [net.minecraftforge.registries.ForgeRegistry/REGISTRIES]: Registry minecraft:item: Fixed minecraft:item id mismatch create_dd:industrial_casing: 1283 (init) -> 1285 (map).
[26Dec2025 18:17:01.060] [Render thread/DEBUG] [net.minecraftforge.registries.ForgeRegistry/REGISTRIES]: Registry minecraft:item: Fixed minecraft:item id mismatch create_dd:industrial_fan: 1298 (init) -> 1300 (map).
[26Dec2025 18:17:01.060] [Render thread/DEBUG] [net.minecraftforge.registries.ForgeRegistry/REGISTRIES]: Registry minecraft:item: Fixed minecraft:item id mismatch create_dd:industrial_iron_block: 1259 (init) -> 1261 (map).
[26Dec2025 18:17:01.060] [Render thread/DEBUG] [net.minecraftforge.registries.ForgeRegistry/REGISTRIES]: Registry minecraft:item: Fixed minecraft:item id mismatch create_dd:industrial_iron_ingot: 1480 (init) -> 1482 (map).
[26Dec2025 18:17:01.060] [Render thread/DEBUG] [net.minecraftforge.registries.ForgeRegistry/REGISTRIES]: Registry minecraft:item: Fixed minecraft:item id mismatch create_dd:industrial_iron_nugget: 1485 (init) -> 1487 (map).
[26Dec2025 18:17:01.060] [Render thread/DEBUG] [net.minecraftforge.registries.ForgeRegistry/REGISTRIES]: Registry minecraft:item: Fixed minecraft:item id mismatch create_dd:industrial_iron_sheet: 1489 (init) -> 1491 (map).
[26Dec2025 18:17:01.060] [Render thread/DEBUG] [net.minecraftforge.registries.ForgeRegistry/REGISTRIES]: Registry minecraft:item: Fixed minecraft:item id mismatch create_dd:industrial_scaffolding: 1319 (init) -> 1321 (map).
[26Dec2025 18:17:01.060] [Render thread/DEBUG] [net.minecraftforge.registries.ForgeRegistry/REGISTRIES]: Registry minecraft:item: Fixed minecraft:item id mismatch create_dd:infaandesite: 1523 (init) -> 1525 (map).
[26Dec2025 18:17:01.060] [Render thread/DEBUG] [net.minecraftforge.registries.ForgeRegistry/REGISTRIES]: Registry minecraft:item: Fixed minecraft:item id mismatch create_dd:infacalcite: 1525 (init) -> 1527 (map).
[26Dec2025 18:17:01.060] [Render thread/DEBUG] [net.minecraftforge.registries.ForgeRegistry/REGISTRIES]: Registry minecraft:item: Fixed minecraft:item id mismatch create_dd:infacoarse_dirt: 1529 (init) -> 1531 (map).
[26Dec2025 18:17:01.060] [Render thread/DEBUG] [net.minecraftforge.registries.ForgeRegistry/REGISTRIES]: Registry minecraft:item: Fixed minecraft:item id mismatch create_dd:infacobbled_deepslate: 1524 (init) -> 1526 (map).
[26Dec2025 18:17:01.060] [Render thread/DEBUG] [net.minecraftforge.registries.ForgeRegistry/REGISTRIES]: Registry minecraft:item: Fixed minecraft:item id mismatch create_dd:infacobblestone: 1531 (init) -> 1533 (map).
[26Dec2025 18:17:01.060] [Render thread/DEBUG] [net.minecraftforge.registries.ForgeRegistry/REGISTRIES]: Registry minecraft:item: Fixed minecraft:item id mismatch create_dd:infadiorite: 1522 (init) -> 1524 (map).
[26Dec2025 18:17:01.060] [Render thread/DEBUG] [net.minecraftforge.registries.ForgeRegistry/REGISTRIES]: Registry minecraft:item: Fixed minecraft:item id mismatch create_dd:infadirt: 1528 (init) -> 1530 (map).
[26Dec2025 18:17:01.060] [Render thread/DEBUG] [net.minecraftforge.registries.ForgeRegistry/REGISTRIES]: Registry minecraft:item: Fixed minecraft:item id mismatch create_dd:infadripstone_block: 1527 (init) -> 1529 (map).
[26Dec2025 18:17:01.060] [Render thread/DEBUG] [net.minecraftforge.registries.ForgeRegistry/REGISTRIES]: Registry minecraft:item: Fixed minecraft:item id mismatch create_dd:infaend_stone: 1539 (init) -> 1541 (map).
[26Dec2025 18:17:01.060] [Render thread/DEBUG] [net.minecraftforge.registries.ForgeRegistry/REGISTRIES]: Registry minecraft:item: Fixed minecraft:item id mismatch create_dd:infagranite: 1521 (init) -> 1523 (map).
[26Dec2025 18:17:01.060] [Render thread/DEBUG] [net.minecraftforge.registries.ForgeRegistry/REGISTRIES]: Registry minecraft:item: Fixed minecraft:item id mismatch create_dd:infagravel: 1534 (init) -> 1536 (map).
[26Dec2025 18:17:01.060] [Render thread/DEBUG] [net.minecraftforge.registries.ForgeRegistry/REGISTRIES]: Registry minecraft:item: Fixed minecraft:item id mismatch create_dd:infaice: 1536 (init) -> 1538 (map).
[26Dec2025 18:17:01.060] [Render thread/DEBUG] [net.minecraftforge.registries.ForgeRegistry/REGISTRIES]: Registry minecraft:item: Fixed minecraft:item id mismatch create_dd:infamagma_block: 1541 (init) -> 1543 (map).
[26Dec2025 18:17:01.060] [Render thread/DEBUG] [net.minecraftforge.registries.ForgeRegistry/REGISTRIES]: Registry minecraft:item: Fixed minecraft:item id mismatch create_dd:infamoss_block: 1542 (init) -> 1544 (map).
[26Dec2025 18:17:01.060] [Render thread/DEBUG] [net.minecraftforge.registries.ForgeRegistry/REGISTRIES]: Registry minecraft:item: Fixed minecraft:item id mismatch create_dd:infamud: 1530 (init) -> 1532 (map).
[26Dec2025 18:17:01.060] [Render thread/DEBUG] [net.minecraftforge.registries.ForgeRegistry/REGISTRIES]: Registry minecraft:item: Fixed minecraft:item id mismatch create_dd:infanetherrack: 1540 (init) -> 1542 (map).
[26Dec2025 18:17:01.060] [Render thread/DEBUG] [net.minecraftforge.registries.ForgeRegistry/REGISTRIES]: Registry minecraft:item: Fixed minecraft:item id mismatch create_dd:infaobsidian: 1535 (init) -> 1537 (map).
[26Dec2025 18:17:01.060] [Render thread/DEBUG] [net.minecraftforge.registries.ForgeRegistry/REGISTRIES]: Registry minecraft:item: Fixed minecraft:item id mismatch create_dd:infared_sand: 1533 (init) -> 1535 (map).
[26Dec2025 18:17:01.060] [Render thread/DEBUG] [net.minecraftforge.registries.ForgeRegistry/REGISTRIES]: Registry minecraft:item: Fixed minecraft:item id mismatch create_dd:infasand: 1532 (init) -> 1534 (map).
[26Dec2025 18:17:01.061] [Render thread/DEBUG] [net.minecraftforge.registries.ForgeRegistry/REGISTRIES]: Registry minecraft:item: Fixed minecraft:item id mismatch create_dd:infasnow_block: 1537 (init) -> 1539 (map).
[26Dec2025 18:17:01.061] [Render thread/DEBUG] [net.minecraftforge.registries.ForgeRegistry/REGISTRIES]: Registry minecraft:item: Fixed minecraft:item id mismatch create_dd:infasoul_sand: 1538 (init) -> 1540 (map).
[26Dec2025 18:17:01.061] [Render thread/DEBUG] [net.minecraftforge.registries.ForgeRegistry/REGISTRIES]: Registry minecraft:item: Fixed minecraft:item id mismatch create_dd:infastone: 1520 (init) -> 1522 (map).
[26Dec2025 18:17:01.061] [Render thread/DEBUG] [net.minecraftforge.registries.ForgeRegistry/REGISTRIES]: Registry minecraft:item: Fixed minecraft:item id mismatch create_dd:infatuff: 1526 (init) -> 1528 (map).
[26Dec2025 18:17:01.061] [Render thread/DEBUG] [net.minecraftforge.registries.ForgeRegistry/REGISTRIES]: Registry minecraft:item: Fixed minecraft:item id mismatch create_dd:infernal_mechanism: 1501 (init) -> 1503 (map).
[26Dec2025 18:17:01.061] [Render thread/DEBUG] [net.minecraftforge.registries.ForgeRegistry/REGISTRIES]: Registry minecraft:item: Fixed minecraft:item id mismatch create_dd:integrated_circuit: 1497 (init) -> 1499 (map).
[26Dec2025 18:17:01.061] [Render thread/DEBUG] [net.minecraftforge.registries.ForgeRegistry/REGISTRIES]: Registry minecraft:item: Fixed minecraft:item id mismatch create_dd:integrated_mechanism: 1498 (init) -> 1500 (map).
[26Dec2025 18:17:01.061] [Render thread/DEBUG] [net.minecraftforge.registries.ForgeRegistry/REGISTRIES]: Registry minecraft:item: Fixed minecraft:item id mismatch create_dd:kinetic_motor: 1305 (init) -> 1307 (map).
[26Dec2025 18:17:01.061] [Render thread/DEBUG] [net.minecraftforge.registries.ForgeRegistry/REGISTRIES]: Registry minecraft:item: Fixed minecraft:item id mismatch create_dd:lapis_alloy: 1492 (init) -> 1494 (map).
[26Dec2025 18:17:01.061] [Render thread/DEBUG] [net.minecraftforge.registries.ForgeRegistry/REGISTRIES]: Registry minecraft:item: Fixed minecraft:item id mismatch create_dd:lapis_alloy_block: 1265 (init) -> 1267 (map).
[26Dec2025 18:17:01.061] [Render thread/DEBUG] [net.minecraftforge.registries.ForgeRegistry/REGISTRIES]: Registry minecraft:item: Fixed minecraft:item id mismatch create_dd:lapis_sheet: 1493 (init) -> 1495 (map).
[26Dec2025 18:17:01.061] [Render thread/DEBUG] [net.minecraftforge.registries.ForgeRegistry/REGISTRIES]: Registry minecraft:item: Fixed minecraft:item id mismatch create_dd:layered_aethersite: 1602 (init) -> 1604 (map).
[26Dec2025 18:17:01.061] [Render thread/DEBUG] [net.minecraftforge.registries.ForgeRegistry/REGISTRIES]: Registry minecraft:item: Fixed minecraft:item id mismatch create_dd:layered_gabbro: 1659 (init) -> 1661 (map).
[26Dec2025 18:17:01.061] [Render thread/DEBUG] [net.minecraftforge.registries.ForgeRegistry/REGISTRIES]: Registry minecraft:item: Fixed minecraft:item id mismatch create_dd:layered_potassic: 1621 (init) -> 1623 (map).
[26Dec2025 18:17:01.061] [Render thread/DEBUG] [net.minecraftforge.registries.ForgeRegistry/REGISTRIES]: Registry minecraft:item: Fixed minecraft:item id mismatch create_dd:layered_weathered_limestone: 1640 (init) -> 1642 (map).
[26Dec2025 18:17:01.061] [Render thread/DEBUG] [net.minecraftforge.registries.ForgeRegistry/REGISTRIES]: Registry minecraft:item: Fixed minecraft:item id mismatch create_dd:leather_block: 1264 (init) -> 1266 (map).
[26Dec2025 18:17:01.061] [Render thread/DEBUG] [net.minecraftforge.registries.ForgeRegistry/REGISTRIES]: Registry minecraft:item: Fixed minecraft:item id mismatch create_dd:limestone_asphalt_block: 1417 (init) -> 1419 (map).
[26Dec2025 18:17:01.061] [Render thread/DEBUG] [net.minecraftforge.registries.ForgeRegistry/REGISTRIES]: Registry minecraft:item: Fixed minecraft:item id mismatch create_dd:limestone_mossy_bricks: 1435 (init) -> 1437 (map).
[26Dec2025 18:17:01.061] [Render thread/DEBUG] [net.minecraftforge.registries.ForgeRegistry/REGISTRIES]: Registry minecraft:item: Fixed minecraft:item id mismatch create_dd:mithril_block: 1256 (init) -> 1258 (map).
[26Dec2025 18:17:01.061] [Render thread/DEBUG] [net.minecraftforge.registries.ForgeRegistry/REGISTRIES]: Registry minecraft:item: Fixed minecraft:item id mismatch create_dd:mithril_casing: 1274 (init) -> 1276 (map).
[26Dec2025 18:17:01.061] [Render thread/DEBUG] [net.minecraftforge.registries.ForgeRegistry/REGISTRIES]: Registry minecraft:item: Fixed minecraft:item id mismatch create_dd:mithril_ingot: 1476 (init) -> 1478 (map).
[26Dec2025 18:17:01.061] [Render thread/DEBUG] [net.minecraftforge.registries.ForgeRegistry/REGISTRIES]: Registry minecraft:item: Fixed minecraft:item id mismatch create_dd:mithril_nugget: 1481 (init) -> 1483 (map).
[26Dec2025 18:17:01.061] [Render thread/DEBUG] [net.minecraftforge.registries.ForgeRegistry/REGISTRIES]: Registry minecraft:item: Fixed minecraft:item id mismatch create_dd:mithril_scaffolding: 1320 (init) -> 1322 (map).
[26Dec2025 18:17:01.061] [Render thread/DEBUG] [net.minecraftforge.registries.ForgeRegistry/REGISTRIES]: Registry minecraft:item: Fixed minecraft:item id mismatch create_dd:mithril_sheet: 1486 (init) -> 1488 (map).
[26Dec2025 18:17:01.061] [Render thread/DEBUG] [net.minecraftforge.registries.ForgeRegistry/REGISTRIES]: Registry minecraft:item: Fixed minecraft:item id mismatch create_dd:mossy_andesite_alloy_block: 1273 (init) -> 1275 (map).
[26Dec2025 18:17:01.061] [Render thread/DEBUG] [net.minecraftforge.registries.ForgeRegistry/REGISTRIES]: Registry minecraft:item: Fixed minecraft:item id mismatch create_dd:mossy_andesite_casing: 1281 (init) -> 1283 (map).
[26Dec2025 18:17:01.061] [Render thread/DEBUG] [net.minecraftforge.registries.ForgeRegistry/REGISTRIES]: Registry minecraft:item: Fixed minecraft:item id mismatch create_dd:mossy_andesite_scaffolding: 1321 (init) -> 1323 (map).
[26Dec2025 18:17:01.061] [Render thread/DEBUG] [net.minecraftforge.registries.ForgeRegistry/REGISTRIES]: Registry minecraft:item: Fixed minecraft:item id mismatch create_dd:mysterious_blueprint_carpet: 1348 (init) -> 1350 (map).
[26Dec2025 18:17:01.061] [Render thread/DEBUG] [net.minecraftforge.registries.ForgeRegistry/REGISTRIES]: Registry minecraft:item: Fixed minecraft:item id mismatch create_dd:nether_brick_casing: 1280 (init) -> 1282 (map).
[26Dec2025 18:17:01.061] [Render thread/DEBUG] [net.minecraftforge.registries.ForgeRegistry/REGISTRIES]: Registry minecraft:item: Fixed minecraft:item id mismatch create_dd:netherite_casing: 1278 (init) -> 1280 (map).
[26Dec2025 18:17:01.061] [Render thread/DEBUG] [net.minecraftforge.registries.ForgeRegistry/REGISTRIES]: Registry minecraft:item: Fixed minecraft:item id mismatch create_dd:netherite_scaffolding: 1331 (init) -> 1333 (map).
[26Dec2025 18:17:01.061] [Render thread/DEBUG] [net.minecraftforge.registries.ForgeRegistry/REGISTRIES]: Registry minecraft:item: Fixed minecraft:item id mismatch create_dd:ochrum_asphalt_block: 1418 (init) -> 1420 (map).
[26Dec2025 18:17:01.061] [Render thread/DEBUG] [net.minecraftforge.registries.ForgeRegistry/REGISTRIES]: Registry minecraft:item: Fixed minecraft:item id mismatch create_dd:ochrum_cobble: 1471 (init) -> 1473 (map).
[26Dec2025 18:17:01.061] [Render thread/DEBUG] [net.minecraftforge.registries.ForgeRegistry/REGISTRIES]: Registry minecraft:item: Fixed minecraft:item id mismatch create_dd:ochrum_mossy_bricks: 1436 (init) -> 1438 (map).
[26Dec2025 18:17:01.061] [Render thread/DEBUG] [net.minecraftforge.registries.ForgeRegistry/REGISTRIES]: Registry minecraft:item: Fixed minecraft:item id mismatch create_dd:ornate_iron_glass: 1344 (init) -> 1346 (map).
[26Dec2025 18:17:01.061] [Render thread/DEBUG] [net.minecraftforge.registries.ForgeRegistry/REGISTRIES]: Registry minecraft:item: Fixed minecraft:item id mismatch create_dd:ornate_iron_glass_pane: 1345 (init) -> 1347 (map).
[26Dec2025 18:17:01.061] [Render thread/DEBUG] [net.minecraftforge.registries.ForgeRegistry/REGISTRIES]: Registry minecraft:item: Fixed minecraft:item id mismatch create_dd:overburden_casing: 1284 (init) -> 1286 (map).
[26Dec2025 18:17:01.061] [Render thread/DEBUG] [net.minecraftforge.registries.ForgeRegistry/REGISTRIES]: Registry minecraft:item: Fixed minecraft:item id mismatch create_dd:overburden_scaffolding: 1318 (init) -> 1320 (map).
[26Dec2025 18:17:01.061] [Render thread/DEBUG] [net.minecraftforge.registries.ForgeRegistry/REGISTRIES]: Registry minecraft:item: Fixed minecraft:item id mismatch create_dd:overcharge_alloy: 1554 (init) -> 1556 (map).
[26Dec2025 18:17:01.061] [Render thread/DEBUG] [net.minecraftforge.registries.ForgeRegistry/REGISTRIES]: Registry minecraft:item: Fixed minecraft:item id mismatch create_dd:overcharge_alloy_sheet: 1555 (init) -> 1557 (map).
[26Dec2025 18:17:01.061] [Render thread/DEBUG] [net.minecraftforge.registries.ForgeRegistry/REGISTRIES]: Registry minecraft:item: Fixed minecraft:item id mismatch create_dd:overcharged_alloy_block: 1270 (init) -> 1272 (map).
[26Dec2025 18:17:01.061] [Render thread/DEBUG] [net.minecraftforge.registries.ForgeRegistry/REGISTRIES]: Registry minecraft:item: Fixed minecraft:item id mismatch create_dd:overcharged_casing: 1288 (init) -> 1290 (map).
[26Dec2025 18:17:01.061] [Render thread/DEBUG] [net.minecraftforge.registries.ForgeRegistry/REGISTRIES]: Registry minecraft:item: Fixed minecraft:item id mismatch create_dd:overcharged_scaffolding: 1330 (init) -> 1332 (map).
[26Dec2025 18:17:01.061] [Render thread/DEBUG] [net.minecraftforge.registries.ForgeRegistry/REGISTRIES]: Registry minecraft:item: Fixed minecraft:item id mismatch create_dd:polished_cut_aethersite: 1590 (init) -> 1592 (map).
[26Dec2025 18:17:01.061] [Render thread/DEBUG] [net.minecraftforge.registries.ForgeRegistry/REGISTRIES]: Registry minecraft:item: Fixed minecraft:item id mismatch create_dd:polished_cut_aethersite_slab: 1592 (init) -> 1594 (map).
[26Dec2025 18:17:01.061] [Render thread/DEBUG] [net.minecraftforge.registries.ForgeRegistry/REGISTRIES]: Registry minecraft:item: Fixed minecraft:item id mismatch create_dd:polished_cut_aethersite_stairs: 1591 (init) -> 1593 (map).
[26Dec2025 18:17:01.062] [Render thread/DEBUG] [net.minecraftforge.registries.ForgeRegistry/REGISTRIES]: Registry minecraft:item: Fixed minecraft:item id mismatch create_dd:polished_cut_aethersite_wall: 1593 (init) -> 1595 (map).
[26Dec2025 18:17:01.062] [Render thread/DEBUG] [net.minecraftforge.registries.ForgeRegistry/REGISTRIES]: Registry minecraft:item: Fixed minecraft:item id mismatch create_dd:polished_cut_gabbro: 1647 (init) -> 1649 (map).
[26Dec2025 18:17:01.062] [Render thread/DEBUG] [net.minecraftforge.registries.ForgeRegistry/REGISTRIES]: Registry minecraft:item: Fixed minecraft:item id mismatch create_dd:polished_cut_gabbro_slab: 1649 (init) -> 1651 (map).
[26Dec2025 18:17:01.062] [Render thread/DEBUG] [net.minecraftforge.registries.ForgeRegistry/REGISTRIES]: Registry minecraft:item: Fixed minecraft:item id mismatch create_dd:polished_cut_gabbro_stairs: 1648 (init) -> 1650 (map).
[26Dec2025 18:17:01.062] [Render thread/DEBUG] [net.minecraftforge.registries.ForgeRegistry/REGISTRIES]: Registry minecraft:item: Fixed minecraft:item id mismatch create_dd:polished_cut_gabbro_wall: 1650 (init) -> 1652 (map).
[26Dec2025 18:17:01.062] [Render thread/DEBUG] [net.minecraftforge.registries.ForgeRegistry/REGISTRIES]: Registry minecraft:item: Fixed minecraft:item id mismatch create_dd:polished_cut_potassic: 1609 (init) -> 1611 (map).
[26Dec2025 18:17:01.062] [Render thread/DEBUG] [net.minecraftforge.registries.ForgeRegistry/REGISTRIES]: Registry minecraft:item: Fixed minecraft:item id mismatch create_dd:polished_cut_potassic_slab: 1611 (init) -> 1613 (map).
[26Dec2025 18:17:01.062] [Render thread/DEBUG] [net.minecraftforge.registries.ForgeRegistry/REGISTRIES]: Registry minecraft:item: Fixed minecraft:item id mismatch create_dd:polished_cut_potassic_stairs: 1610 (init) -> 1612 (map).
[26Dec2025 18:17:01.062] [Render thread/DEBUG] [net.minecraftforge.registries.ForgeRegistry/REGISTRIES]: Registry minecraft:item: Fixed minecraft:item id mismatch create_dd:polished_cut_potassic_wall: 1612 (init) -> 1614 (map).
[26Dec2025 18:17:01.062] [Render thread/DEBUG] [net.minecraftforge.registries.ForgeRegistry/REGISTRIES]: Registry minecraft:item: Fixed minecraft:item id mismatch create_dd:polished_cut_weathered_limestone: 1628 (init) -> 1630 (map).
[26Dec2025 18:17:01.062] [Render thread/DEBUG] [net.minecraftforge.registries.ForgeRegistry/REGISTRIES]: Registry minecraft:item: Fixed minecraft:item id mismatch create_dd:polished_cut_weathered_limestone_slab: 1630 (init) -> 1632 (map).
[26Dec2025 18:17:01.062] [Render thread/DEBUG] [net.minecraftforge.registries.ForgeRegistry/REGISTRIES]: Registry minecraft:item: Fixed minecraft:item id mismatch create_dd:polished_cut_weathered_limestone_stairs: 1629 (init) -> 1631 (map).
[26Dec2025 18:17:01.062] [Render thread/DEBUG] [net.minecraftforge.registries.ForgeRegistry/REGISTRIES]: Registry minecraft:item: Fixed minecraft:item id mismatch create_dd:polished_cut_weathered_limestone_wall: 1631 (init) -> 1633 (map).
[26Dec2025 18:17:01.062] [Render thread/DEBUG] [net.minecraftforge.registries.ForgeRegistry/REGISTRIES]: Registry minecraft:item: Fixed minecraft:item id mismatch create_dd:polished_spectral_ruby: 1504 (init) -> 1506 (map).
[26Dec2025 18:17:01.062] [Render thread/DEBUG] [net.minecraftforge.registries.ForgeRegistry/REGISTRIES]: Registry minecraft:item: Fixed minecraft:item id mismatch create_dd:ponder_in_a_box: 1294 (init) -> 1296 (map).
[26Dec2025 18:17:01.062] [Render thread/DEBUG] [net.minecraftforge.registries.ForgeRegistry/REGISTRIES]: Registry minecraft:item: Fixed minecraft:item id mismatch create_dd:ponder_stone_generation: 1255 (init) -> 1257 (map).
[26Dec2025 18:17:01.062] [Render thread/DEBUG] [net.minecraftforge.registries.ForgeRegistry/REGISTRIES]: Registry minecraft:item: Fixed minecraft:item id mismatch create_dd:pondering_block_dark: 1293 (init) -> 1295 (map).
[26Dec2025 18:17:01.062] [Render thread/DEBUG] [net.minecraftforge.registries.ForgeRegistry/REGISTRIES]: Registry minecraft:item: Fixed minecraft:item id mismatch create_dd:pondering_block_light: 1292 (init) -> 1294 (map).
[26Dec2025 18:17:01.062] [Render thread/DEBUG] [net.minecraftforge.registries.ForgeRegistry/REGISTRIES]: Registry minecraft:item: Fixed minecraft:item id mismatch create_dd:potassic: 1604 (init) -> 1606 (map).
[26Dec2025 18:17:01.062] [Render thread/DEBUG] [net.minecraftforge.registries.ForgeRegistry/REGISTRIES]: Registry minecraft:item: Fixed minecraft:item id mismatch create_dd:potassic_asphalt_block: 1419 (init) -> 1421 (map).
[26Dec2025 18:17:01.062] [Render thread/DEBUG] [net.minecraftforge.registries.ForgeRegistry/REGISTRIES]: Registry minecraft:item: Fixed minecraft:item id mismatch create_dd:potassic_cobble: 1468 (init) -> 1470 (map).
[26Dec2025 18:17:01.062] [Render thread/DEBUG] [net.minecraftforge.registries.ForgeRegistry/REGISTRIES]: Registry minecraft:item: Fixed minecraft:item id mismatch create_dd:potassic_mossy_bricks: 1437 (init) -> 1439 (map).
[26Dec2025 18:17:01.062] [Render thread/DEBUG] [net.minecraftforge.registries.ForgeRegistry/REGISTRIES]: Registry minecraft:item: Fixed minecraft:item id mismatch create_dd:potassic_pillar: 1622 (init) -> 1624 (map).
[26Dec2025 18:17:01.062] [Render thread/DEBUG] [net.minecraftforge.registries.ForgeRegistry/REGISTRIES]: Registry minecraft:item: Fixed minecraft:item id mismatch create_dd:potato_turret: 1301 (init) -> 1303 (map).
[26Dec2025 18:17:01.062] [Render thread/DEBUG] [net.minecraftforge.registries.ForgeRegistry/REGISTRIES]: Registry minecraft:item: Fixed minecraft:item id mismatch create_dd:radiant_drill: 1302 (init) -> 1304 (map).
[26Dec2025 18:17:01.062] [Render thread/DEBUG] [net.minecraftforge.registries.ForgeRegistry/REGISTRIES]: Registry minecraft:item: Fixed minecraft:item id mismatch create_dd:raw_rubber: 1508 (init) -> 1510 (map).
[26Dec2025 18:17:01.062] [Render thread/DEBUG] [net.minecraftforge.registries.ForgeRegistry/REGISTRIES]: Registry minecraft:item: Fixed minecraft:item id mismatch create_dd:raw_tin: 1490 (init) -> 1492 (map).
[26Dec2025 18:17:01.062] [Render thread/DEBUG] [net.minecraftforge.registries.ForgeRegistry/REGISTRIES]: Registry minecraft:item: Fixed minecraft:item id mismatch create_dd:raw_tin_block: 1263 (init) -> 1265 (map).
[26Dec2025 18:17:01.062] [Render thread/DEBUG] [net.minecraftforge.registries.ForgeRegistry/REGISTRIES]: Registry minecraft:item: Fixed minecraft:item id mismatch create_dd:refined_radiance: 1547 (init) -> 1549 (map).
[26Dec2025 18:17:01.062] [Render thread/DEBUG] [net.minecraftforge.registries.ForgeRegistry/REGISTRIES]: Registry minecraft:item: Fixed minecraft:item id mismatch create_dd:refined_radiance_block: 1268 (init) -> 1270 (map).
[26Dec2025 18:17:01.062] [Render thread/DEBUG] [net.minecraftforge.registries.ForgeRegistry/REGISTRIES]: Registry minecraft:item: Fixed minecraft:item id mismatch create_dd:refined_radiance_casing: 1287 (init) -> 1289 (map).
[26Dec2025 18:17:01.062] [Render thread/DEBUG] [net.minecraftforge.registries.ForgeRegistry/REGISTRIES]: Registry minecraft:item: Fixed minecraft:item id mismatch create_dd:refined_radiance_scaffolding: 1327 (init) -> 1329 (map).
[26Dec2025 18:17:01.062] [Render thread/DEBUG] [net.minecraftforge.registries.ForgeRegistry/REGISTRIES]: Registry minecraft:item: Fixed minecraft:item id mismatch create_dd:refined_radiance_sheet: 1548 (init) -> 1550 (map).
[26Dec2025 18:17:01.062] [Render thread/DEBUG] [net.minecraftforge.registries.ForgeRegistry/REGISTRIES]: Registry minecraft:item: Fixed minecraft:item id mismatch create_dd:reinforcement_plating: 1291 (init) -> 1293 (map).
[26Dec2025 18:17:01.062] [Render thread/DEBUG] [net.minecraftforge.registries.ForgeRegistry/REGISTRIES]: Registry minecraft:item: Fixed minecraft:item id mismatch create_dd:reversed_gearshift: 1295 (init) -> 1297 (map).
[26Dec2025 18:17:01.062] [Render thread/DEBUG] [net.minecraftforge.registries.ForgeRegistry/REGISTRIES]: Registry minecraft:item: Fixed minecraft:item id mismatch create_dd:rose_button: 1360 (init) -> 1362 (map).
[26Dec2025 18:17:01.062] [Render thread/DEBUG] [net.minecraftforge.registries.ForgeRegistry/REGISTRIES]: Registry minecraft:item: Fixed minecraft:item id mismatch create_dd:rose_door: 1358 (init) -> 1360 (map).
[26Dec2025 18:17:01.063] [Render thread/DEBUG] [net.minecraftforge.registries.ForgeRegistry/REGISTRIES]: Registry minecraft:item: Fixed minecraft:item id mismatch create_dd:rose_fence: 1356 (init) -> 1358 (map).
[26Dec2025 18:17:01.063] [Render thread/DEBUG] [net.minecraftforge.registries.ForgeRegistry/REGISTRIES]: Registry minecraft:item: Fixed minecraft:item id mismatch create_dd:rose_fence_gate: 1357 (init) -> 1359 (map).
[26Dec2025 18:17:01.063] [Render thread/DEBUG] [net.minecraftforge.registries.ForgeRegistry/REGISTRIES]: Registry minecraft:item: Fixed minecraft:item id mismatch create_dd:rose_log: 1349 (init) -> 1351 (map).
[26Dec2025 18:17:01.063] [Render thread/DEBUG] [net.minecraftforge.registries.ForgeRegistry/REGISTRIES]: Registry minecraft:item: Fixed minecraft:item id mismatch create_dd:rose_planks: 1353 (init) -> 1355 (map).
[26Dec2025 18:17:01.063] [Render thread/DEBUG] [net.minecraftforge.registries.ForgeRegistry/REGISTRIES]: Registry minecraft:item: Fixed minecraft:item id mismatch create_dd:rose_pressure_plate: 1361 (init) -> 1363 (map).
[26Dec2025 18:17:01.063] [Render thread/DEBUG] [net.minecraftforge.registries.ForgeRegistry/REGISTRIES]: Registry minecraft:item: Fixed minecraft:item id mismatch create_dd:rose_slab: 1354 (init) -> 1356 (map).
[26Dec2025 18:17:01.063] [Render thread/DEBUG] [net.minecraftforge.registries.ForgeRegistry/REGISTRIES]: Registry minecraft:item: Fixed minecraft:item id mismatch create_dd:rose_stairs: 1355 (init) -> 1357 (map).
[26Dec2025 18:17:01.063] [Render thread/DEBUG] [net.minecraftforge.registries.ForgeRegistry/REGISTRIES]: Registry minecraft:item: Fixed minecraft:item id mismatch create_dd:rose_trapdoor: 1359 (init) -> 1361 (map).
[26Dec2025 18:17:01.063] [Render thread/DEBUG] [net.minecraftforge.registries.ForgeRegistry/REGISTRIES]: Registry minecraft:item: Fixed minecraft:item id mismatch create_dd:rose_wood: 1351 (init) -> 1353 (map).
[26Dec2025 18:17:01.063] [Render thread/DEBUG] [net.minecraftforge.registries.ForgeRegistry/REGISTRIES]: Registry minecraft:item: Fixed minecraft:item id mismatch create_dd:rubber: 1509 (init) -> 1511 (map).
[26Dec2025 18:17:01.063] [Render thread/DEBUG] [net.minecraftforge.registries.ForgeRegistry/REGISTRIES]: Registry minecraft:item: Fixed minecraft:item id mismatch create_dd:rubber_button: 1401 (init) -> 1403 (map).
[26Dec2025 18:17:01.063] [Render thread/DEBUG] [net.minecraftforge.registries.ForgeRegistry/REGISTRIES]: Registry minecraft:item: Fixed minecraft:item id mismatch create_dd:rubber_door: 1399 (init) -> 1401 (map).
[26Dec2025 18:17:01.063] [Render thread/DEBUG] [net.minecraftforge.registries.ForgeRegistry/REGISTRIES]: Registry minecraft:item: Fixed minecraft:item id mismatch create_dd:rubber_fence: 1397 (init) -> 1399 (map).
[26Dec2025 18:17:01.063] [Render thread/DEBUG] [net.minecraftforge.registries.ForgeRegistry/REGISTRIES]: Registry minecraft:item: Fixed minecraft:item id mismatch create_dd:rubber_fence_gate: 1398 (init) -> 1400 (map).
[26Dec2025 18:17:01.063] [Render thread/DEBUG] [net.minecraftforge.registries.ForgeRegistry/REGISTRIES]: Registry minecraft:item: Fixed minecraft:item id mismatch create_dd:rubber_leaves: 1389 (init) -> 1391 (map).
[26Dec2025 18:17:01.063] [Render thread/DEBUG] [net.minecraftforge.registries.ForgeRegistry/REGISTRIES]: Registry minecraft:item: Fixed minecraft:item id mismatch create_dd:rubber_log: 1390 (init) -> 1392 (map).
[26Dec2025 18:17:01.063] [Render thread/DEBUG] [net.minecraftforge.registries.ForgeRegistry/REGISTRIES]: Registry minecraft:item: Fixed minecraft:item id mismatch create_dd:rubber_planks: 1394 (init) -> 1396 (map).
[26Dec2025 18:17:01.063] [Render thread/DEBUG] [net.minecraftforge.registries.ForgeRegistry/REGISTRIES]: Registry minecraft:item: Fixed minecraft:item id mismatch create_dd:rubber_pressure_plate: 1402 (init) -> 1404 (map).
[26Dec2025 18:17:01.063] [Render thread/DEBUG] [net.minecraftforge.registries.ForgeRegistry/REGISTRIES]: Registry minecraft:item: Fixed minecraft:item id mismatch create_dd:rubber_sapling: 1388 (init) -> 1390 (map).
[26Dec2025 18:17:01.063] [Render thread/DEBUG] [net.minecraftforge.registries.ForgeRegistry/REGISTRIES]: Registry minecraft:item: Fixed minecraft:item id mismatch create_dd:rubber_slab: 1395 (init) -> 1397 (map).
[26Dec2025 18:17:01.063] [Render thread/DEBUG] [net.minecraftforge.registries.ForgeRegistry/REGISTRIES]: Registry minecraft:item: Fixed minecraft:item id mismatch create_dd:rubber_stairs: 1396 (init) -> 1398 (map).
[26Dec2025 18:17:01.063] [Render thread/DEBUG] [net.minecraftforge.registries.ForgeRegistry/REGISTRIES]: Registry minecraft:item: Fixed minecraft:item id mismatch create_dd:rubber_trapdoor: 1400 (init) -> 1402 (map).
[26Dec2025 18:17:01.063] [Render thread/DEBUG] [net.minecraftforge.registries.ForgeRegistry/REGISTRIES]: Registry minecraft:item: Fixed minecraft:item id mismatch create_dd:rubber_wood: 1392 (init) -> 1394 (map).
[26Dec2025 18:17:01.063] [Render thread/DEBUG] [net.minecraftforge.registries.ForgeRegistry/REGISTRIES]: Registry minecraft:item: Fixed minecraft:item id mismatch create_dd:sap_bucket: 1583 (init) -> 1585 (map).
[26Dec2025 18:17:01.063] [Render thread/DEBUG] [net.minecraftforge.registries.ForgeRegistry/REGISTRIES]: Registry minecraft:item: Fixed minecraft:item id mismatch create_dd:scorchia_asphalt_block: 1421 (init) -> 1423 (map).
[26Dec2025 18:17:01.063] [Render thread/DEBUG] [net.minecraftforge.registries.ForgeRegistry/REGISTRIES]: Registry minecraft:item: Fixed minecraft:item id mismatch create_dd:scorchia_mossy_bricks: 1439 (init) -> 1441 (map).
[26Dec2025 18:17:01.063] [Render thread/DEBUG] [net.minecraftforge.registries.ForgeRegistry/REGISTRIES]: Registry minecraft:item: Fixed minecraft:item id mismatch create_dd:scoria_asphalt_block: 1422 (init) -> 1424 (map).
[26Dec2025 18:17:01.063] [Render thread/DEBUG] [net.minecraftforge.registries.ForgeRegistry/REGISTRIES]: Registry minecraft:item: Fixed minecraft:item id mismatch create_dd:scoria_mossy_bricks: 1440 (init) -> 1442 (map).
[26Dec2025 18:17:01.063] [Render thread/DEBUG] [net.minecraftforge.registries.ForgeRegistry/REGISTRIES]: Registry minecraft:item: Fixed minecraft:item id mismatch create_dd:sealed_mechanism: 1502 (init) -> 1504 (map).
[26Dec2025 18:17:01.063] [Render thread/DEBUG] [net.minecraftforge.registries.ForgeRegistry/REGISTRIES]: Registry minecraft:item: Fixed minecraft:item id mismatch create_dd:secondary_adjustable_chain_gearshift: 1315 (init) -> 1317 (map).
[26Dec2025 18:17:01.063] [Render thread/DEBUG] [net.minecraftforge.registries.ForgeRegistry/REGISTRIES]: Registry minecraft:item: Fixed minecraft:item id mismatch create_dd:secondary_encased_chain_drive: 1314 (init) -> 1316 (map).
[26Dec2025 18:17:01.063] [Render thread/DEBUG] [net.minecraftforge.registries.ForgeRegistry/REGISTRIES]: Registry minecraft:item: Fixed minecraft:item id mismatch create_dd:shadow_drill: 1303 (init) -> 1305 (map).
[26Dec2025 18:17:01.063] [Render thread/DEBUG] [net.minecraftforge.registries.ForgeRegistry/REGISTRIES]: Registry minecraft:item: Fixed minecraft:item id mismatch create_dd:shadow_steel: 1545 (init) -> 1547 (map).
[26Dec2025 18:17:01.063] [Render thread/DEBUG] [net.minecraftforge.registries.ForgeRegistry/REGISTRIES]: Registry minecraft:item: Fixed minecraft:item id mismatch create_dd:shadow_steel_block: 1269 (init) -> 1271 (map).
[26Dec2025 18:17:01.063] [Render thread/DEBUG] [net.minecraftforge.registries.ForgeRegistry/REGISTRIES]: Registry minecraft:item: Fixed minecraft:item id mismatch create_dd:shadow_steel_casing: 1286 (init) -> 1288 (map).
[26Dec2025 18:17:01.063] [Render thread/DEBUG] [net.minecraftforge.registries.ForgeRegistry/REGISTRIES]: Registry minecraft:item: Fixed minecraft:item id mismatch create_dd:shadow_steel_scaffolding: 1326 (init) -> 1328 (map).
[26Dec2025 18:17:01.063] [Render thread/DEBUG] [net.minecraftforge.registries.ForgeRegistry/REGISTRIES]: Registry minecraft:item: Fixed minecraft:item id mismatch create_dd:shadow_steel_sheet: 1546 (init) -> 1548 (map).
[26Dec2025 18:17:01.063] [Render thread/DEBUG] [net.minecraftforge.registries.ForgeRegistry/REGISTRIES]: Registry minecraft:item: Fixed minecraft:item id mismatch create_dd:shimmer_bucket: 1584 (init) -> 1586 (map).
[26Dec2025 18:17:01.064] [Render thread/DEBUG] [net.minecraftforge.registries.ForgeRegistry/REGISTRIES]: Registry minecraft:item: Fixed minecraft:item id mismatch create_dd:small_aethersite_brick_slab: 1600 (init) -> 1602 (map).
[26Dec2025 18:17:01.064] [Render thread/DEBUG] [net.minecraftforge.registries.ForgeRegistry/REGISTRIES]: Registry minecraft:item: Fixed minecraft:item id mismatch create_dd:small_aethersite_brick_stairs: 1599 (init) -> 1601 (map).
[26Dec2025 18:17:01.064] [Render thread/DEBUG] [net.minecraftforge.registries.ForgeRegistry/REGISTRIES]: Registry minecraft:item: Fixed minecraft:item id mismatch create_dd:small_aethersite_brick_wall: 1601 (init) -> 1603 (map).
[26Dec2025 18:17:01.064] [Render thread/DEBUG] [net.minecraftforge.registries.ForgeRegistry/REGISTRIES]: Registry minecraft:item: Fixed minecraft:item id mismatch create_dd:small_aethersite_bricks: 1598 (init) -> 1600 (map).
[26Dec2025 18:17:01.064] [Render thread/DEBUG] [net.minecraftforge.registries.ForgeRegistry/REGISTRIES]: Registry minecraft:item: Fixed minecraft:item id mismatch create_dd:small_gabbro_brick_slab: 1657 (init) -> 1659 (map).
[26Dec2025 18:17:01.064] [Render thread/DEBUG] [net.minecraftforge.registries.ForgeRegistry/REGISTRIES]: Registry minecraft:item: Fixed minecraft:item id mismatch create_dd:small_gabbro_brick_stairs: 1656 (init) -> 1658 (map).
[26Dec2025 18:17:01.064] [Render thread/DEBUG] [net.minecraftforge.registries.ForgeRegistry/REGISTRIES]: Registry minecraft:item: Fixed minecraft:item id mismatch create_dd:small_gabbro_brick_wall: 1658 (init) -> 1660 (map).
[26Dec2025 18:17:01.064] [Render thread/DEBUG] [net.minecraftforge.registries.ForgeRegistry/REGISTRIES]: Registry minecraft:item: Fixed minecraft:item id mismatch create_dd:small_gabbro_bricks: 1655 (init) -> 1657 (map).
[26Dec2025 18:17:01.064] [Render thread/DEBUG] [net.minecraftforge.registries.ForgeRegistry/REGISTRIES]: Registry minecraft:item: Fixed minecraft:item id mismatch create_dd:small_potassic_brick_slab: 1619 (init) -> 1621 (map).
[26Dec2025 18:17:01.064] [Render thread/DEBUG] [net.minecraftforge.registries.ForgeRegistry/REGISTRIES]: Registry minecraft:item: Fixed minecraft:item id mismatch create_dd:small_potassic_brick_stairs: 1618 (init) -> 1620 (map).
[26Dec2025 18:17:01.064] [Render thread/DEBUG] [net.minecraftforge.registries.ForgeRegistry/REGISTRIES]: Registry minecraft:item: Fixed minecraft:item id mismatch create_dd:small_potassic_brick_wall: 1620 (init) -> 1622 (map).
[26Dec2025 18:17:01.064] [Render thread/DEBUG] [net.minecraftforge.registries.ForgeRegistry/REGISTRIES]: Registry minecraft:item: Fixed minecraft:item id mismatch create_dd:small_potassic_bricks: 1617 (init) -> 1619 (map).
[26Dec2025 18:17:01.064] [Render thread/DEBUG] [net.minecraftforge.registries.ForgeRegistry/REGISTRIES]: Registry minecraft:item: Fixed minecraft:item id mismatch create_dd:small_spectral_ruby_tiles: 1337 (init) -> 1339 (map).
[26Dec2025 18:17:01.064] [Render thread/DEBUG] [net.minecraftforge.registries.ForgeRegistry/REGISTRIES]: Registry minecraft:item: Fixed minecraft:item id mismatch create_dd:small_weathered_limestone_brick_slab: 1638 (init) -> 1640 (map).
[26Dec2025 18:17:01.064] [Render thread/DEBUG] [net.minecraftforge.registries.ForgeRegistry/REGISTRIES]: Registry minecraft:item: Fixed minecraft:item id mismatch create_dd:small_weathered_limestone_brick_stairs: 1637 (init) -> 1639 (map).
[26Dec2025 18:17:01.064] [Render thread/DEBUG] [net.minecraftforge.registries.ForgeRegistry/REGISTRIES]: Registry minecraft:item: Fixed minecraft:item id mismatch create_dd:small_weathered_limestone_brick_wall: 1639 (init) -> 1641 (map).
[26Dec2025 18:17:01.064] [Render thread/DEBUG] [net.minecraftforge.registries.ForgeRegistry/REGISTRIES]: Registry minecraft:item: Fixed minecraft:item id mismatch create_dd:small_weathered_limestone_bricks: 1636 (init) -> 1638 (map).
[26Dec2025 18:17:01.064] [Render thread/DEBUG] [net.minecraftforge.registries.ForgeRegistry/REGISTRIES]: Registry minecraft:item: Fixed minecraft:item id mismatch create_dd:smoked_button: 1373 (init) -> 1375 (map).
[26Dec2025 18:17:01.064] [Render thread/DEBUG] [net.minecraftforge.registries.ForgeRegistry/REGISTRIES]: Registry minecraft:item: Fixed minecraft:item id mismatch create_dd:smoked_door: 1371 (init) -> 1373 (map).
[26Dec2025 18:17:01.064] [Render thread/DEBUG] [net.minecraftforge.registries.ForgeRegistry/REGISTRIES]: Registry minecraft:item: Fixed minecraft:item id mismatch create_dd:smoked_fence: 1369 (init) -> 1371 (map).
[26Dec2025 18:17:01.064] [Render thread/DEBUG] [net.minecraftforge.registries.ForgeRegistry/REGISTRIES]: Registry minecraft:item: Fixed minecraft:item id mismatch create_dd:smoked_fence_gate: 1370 (init) -> 1372 (map).
[26Dec2025 18:17:01.064] [Render thread/DEBUG] [net.minecraftforge.registries.ForgeRegistry/REGISTRIES]: Registry minecraft:item: Fixed minecraft:item id mismatch create_dd:smoked_log: 1362 (init) -> 1364 (map).
[26Dec2025 18:17:01.064] [Render thread/DEBUG] [net.minecraftforge.registries.ForgeRegistry/REGISTRIES]: Registry minecraft:item: Fixed minecraft:item id mismatch create_dd:smoked_planks: 1366 (init) -> 1368 (map).
[26Dec2025 18:17:01.064] [Render thread/DEBUG] [net.minecraftforge.registries.ForgeRegistry/REGISTRIES]: Registry minecraft:item: Fixed minecraft:item id mismatch create_dd:smoked_pressure_plate: 1374 (init) -> 1376 (map).
[26Dec2025 18:17:01.064] [Render thread/DEBUG] [net.minecraftforge.registries.ForgeRegistry/REGISTRIES]: Registry minecraft:item: Fixed minecraft:item id mismatch create_dd:smoked_slab: 1368 (init) -> 1370 (map).
[26Dec2025 18:17:01.064] [Render thread/DEBUG] [net.minecraftforge.registries.ForgeRegistry/REGISTRIES]: Registry minecraft:item: Fixed minecraft:item id mismatch create_dd:smoked_stairs: 1367 (init) -> 1369 (map).
[26Dec2025 18:17:01.064] [Render thread/DEBUG] [net.minecraftforge.registries.ForgeRegistry/REGISTRIES]: Registry minecraft:item: Fixed minecraft:item id mismatch create_dd:smoked_trapdoor: 1372 (init) -> 1374 (map).
[26Dec2025 18:17:01.064] [Render thread/DEBUG] [net.minecraftforge.registries.ForgeRegistry/REGISTRIES]: Registry minecraft:item: Fixed minecraft:item id mismatch create_dd:smoked_wood: 1364 (init) -> 1366 (map).
[26Dec2025 18:17:01.064] [Render thread/DEBUG] [net.minecraftforge.registries.ForgeRegistry/REGISTRIES]: Registry minecraft:item: Fixed minecraft:item id mismatch create_dd:smoking_sail: 1310 (init) -> 1312 (map).
[26Dec2025 18:17:01.064] [Render thread/DEBUG] [net.minecraftforge.registries.ForgeRegistry/REGISTRIES]: Registry minecraft:item: Fixed minecraft:item id mismatch create_dd:spectral_ruby: 1503 (init) -> 1505 (map).
[26Dec2025 18:17:01.064] [Render thread/DEBUG] [net.minecraftforge.registries.ForgeRegistry/REGISTRIES]: Registry minecraft:item: Fixed minecraft:item id mismatch create_dd:spectral_ruby_block: 1335 (init) -> 1337 (map).
[26Dec2025 18:17:01.064] [Render thread/DEBUG] [net.minecraftforge.registries.ForgeRegistry/REGISTRIES]: Registry minecraft:item: Fixed minecraft:item id mismatch create_dd:spectral_ruby_lamp: 1334 (init) -> 1336 (map).
[26Dec2025 18:17:01.065] [Render thread/DEBUG] [net.minecraftforge.registries.ForgeRegistry/REGISTRIES]: Registry minecraft:item: Fixed minecraft:item id mismatch create_dd:spectral_ruby_tiles: 1336 (init) -> 1338 (map).
[26Dec2025 18:17:01.065] [Render thread/DEBUG] [net.minecraftforge.registries.ForgeRegistry/REGISTRIES]: Registry minecraft:item: Fixed minecraft:item id mismatch create_dd:spirit_button: 1386 (init) -> 1388 (map).
[26Dec2025 18:17:01.065] [Render thread/DEBUG] [net.minecraftforge.registries.ForgeRegistry/REGISTRIES]: Registry minecraft:item: Fixed minecraft:item id mismatch create_dd:spirit_door: 1384 (init) -> 1386 (map).
[26Dec2025 18:17:01.065] [Render thread/DEBUG] [net.minecraftforge.registries.ForgeRegistry/REGISTRIES]: Registry minecraft:item: Fixed minecraft:item id mismatch create_dd:spirit_fence: 1382 (init) -> 1384 (map).
[26Dec2025 18:17:01.065] [Render thread/DEBUG] [net.minecraftforge.registries.ForgeRegistry/REGISTRIES]: Registry minecraft:item: Fixed minecraft:item id mismatch create_dd:spirit_fence_gate: 1383 (init) -> 1385 (map).
[26Dec2025 18:17:01.065] [Render thread/DEBUG] [net.minecraftforge.registries.ForgeRegistry/REGISTRIES]: Registry minecraft:item: Fixed minecraft:item id mismatch create_dd:spirit_log: 1375 (init) -> 1377 (map).
[26Dec2025 18:17:01.065] [Render thread/DEBUG] [net.minecraftforge.registries.ForgeRegistry/REGISTRIES]: Registry minecraft:item: Fixed minecraft:item id mismatch create_dd:spirit_planks: 1379 (init) -> 1381 (map).
[26Dec2025 18:17:01.065] [Render thread/DEBUG] [net.minecraftforge.registries.ForgeRegistry/REGISTRIES]: Registry minecraft:item: Fixed minecraft:item id mismatch create_dd:spirit_pressure_plate: 1387 (init) -> 1389 (map).
[26Dec2025 18:17:01.065] [Render thread/DEBUG] [net.minecraftforge.registries.ForgeRegistry/REGISTRIES]: Registry minecraft:item: Fixed minecraft:item id mismatch create_dd:spirit_slab: 1381 (init) -> 1383 (map).
[26Dec2025 18:17:01.065] [Render thread/DEBUG] [net.minecraftforge.registries.ForgeRegistry/REGISTRIES]: Registry minecraft:item: Fixed minecraft:item id mismatch create_dd:spirit_stairs: 1380 (init) -> 1382 (map).
[26Dec2025 18:17:01.065] [Render thread/DEBUG] [net.minecraftforge.registries.ForgeRegistry/REGISTRIES]: Registry minecraft:item: Fixed minecraft:item id mismatch create_dd:spirit_trapdoor: 1385 (init) -> 1387 (map).
[26Dec2025 18:17:01.065] [Render thread/DEBUG] [net.minecraftforge.registries.ForgeRegistry/REGISTRIES]: Registry minecraft:item: Fixed minecraft:item id mismatch create_dd:spirit_wood: 1377 (init) -> 1379 (map).
[26Dec2025 18:17:01.065] [Render thread/DEBUG] [net.minecraftforge.registries.ForgeRegistry/REGISTRIES]: Registry minecraft:item: Fixed minecraft:item id mismatch create_dd:splashing_sail: 1308 (init) -> 1310 (map).
[26Dec2025 18:17:01.065] [Render thread/DEBUG] [net.minecraftforge.registries.ForgeRegistry/REGISTRIES]: Registry minecraft:item: Fixed minecraft:item id mismatch create_dd:stargaze_singularity: 1550 (init) -> 1552 (map).
[26Dec2025 18:17:01.065] [Render thread/DEBUG] [net.minecraftforge.registries.ForgeRegistry/REGISTRIES]: Registry minecraft:item: Fixed minecraft:item id mismatch create_dd:stargaze_singularity_block: 1272 (init) -> 1274 (map).
[26Dec2025 18:17:01.065] [Render thread/DEBUG] [net.minecraftforge.registries.ForgeRegistry/REGISTRIES]: Registry minecraft:item: Fixed minecraft:item id mismatch create_dd:stargaze_singularity_casing: 1290 (init) -> 1292 (map).
[26Dec2025 18:17:01.065] [Render thread/DEBUG] [net.minecraftforge.registries.ForgeRegistry/REGISTRIES]: Registry minecraft:item: Fixed minecraft:item id mismatch create_dd:stargaze_singularity_scaffolding: 1328 (init) -> 1330 (map).
[26Dec2025 18:17:01.065] [Render thread/DEBUG] [net.minecraftforge.registries.ForgeRegistry/REGISTRIES]: Registry minecraft:item: Fixed minecraft:item id mismatch create_dd:stargaze_singularity_sheet: 1551 (init) -> 1553 (map).
[26Dec2025 18:17:01.065] [Render thread/DEBUG] [net.minecraftforge.registries.ForgeRegistry/REGISTRIES]: Registry minecraft:item: Fixed minecraft:item id mismatch create_dd:steel_block: 1258 (init) -> 1260 (map).
[26Dec2025 18:17:01.065] [Render thread/DEBUG] [net.minecraftforge.registries.ForgeRegistry/REGISTRIES]: Registry minecraft:item: Fixed minecraft:item id mismatch create_dd:steel_casing: 1285 (init) -> 1287 (map).
[26Dec2025 18:17:01.065] [Render thread/DEBUG] [net.minecraftforge.registries.ForgeRegistry/REGISTRIES]: Registry minecraft:item: Fixed minecraft:item id mismatch create_dd:steel_ingot: 1478 (init) -> 1480 (map).
[26Dec2025 18:17:01.065] [Render thread/DEBUG] [net.minecraftforge.registries.ForgeRegistry/REGISTRIES]: Registry minecraft:item: Fixed minecraft:item id mismatch create_dd:steel_nugget: 1483 (init) -> 1485 (map).
[26Dec2025 18:17:01.065] [Render thread/DEBUG] [net.minecraftforge.registries.ForgeRegistry/REGISTRIES]: Registry minecraft:item: Fixed minecraft:item id mismatch create_dd:steel_polished_block: 1450 (init) -> 1452 (map).
[26Dec2025 18:17:01.065] [Render thread/DEBUG] [net.minecraftforge.registries.ForgeRegistry/REGISTRIES]: Registry minecraft:item: Fixed minecraft:item id mismatch create_dd:steel_polished_slab: 1452 (init) -> 1454 (map).
[26Dec2025 18:17:01.065] [Render thread/DEBUG] [net.minecraftforge.registries.ForgeRegistry/REGISTRIES]: Registry minecraft:item: Fixed minecraft:item id mismatch create_dd:steel_polished_stairs: 1451 (init) -> 1453 (map).
[26Dec2025 18:17:01.065] [Render thread/DEBUG] [net.minecraftforge.registries.ForgeRegistry/REGISTRIES]: Registry minecraft:item: Fixed minecraft:item id mismatch create_dd:steel_scaffolding: 1325 (init) -> 1327 (map).
[26Dec2025 18:17:01.065] [Render thread/DEBUG] [net.minecraftforge.registries.ForgeRegistry/REGISTRIES]: Registry minecraft:item: Fixed minecraft:item id mismatch create_dd:steel_sheet: 1488 (init) -> 1490 (map).
[26Dec2025 18:17:01.065] [Render thread/DEBUG] [net.minecraftforge.registries.ForgeRegistry/REGISTRIES]: Registry minecraft:item: Fixed minecraft:item id mismatch create_dd:steel_tiled_block: 1453 (init) -> 1455 (map).
[26Dec2025 18:17:01.065] [Render thread/DEBUG] [net.minecraftforge.registries.ForgeRegistry/REGISTRIES]: Registry minecraft:item: Fixed minecraft:item id mismatch create_dd:steel_tiled_slab: 1455 (init) -> 1457 (map).
[26Dec2025 18:17:01.066] [Render thread/DEBUG] [net.minecraftforge.registries.ForgeRegistry/REGISTRIES]: Registry minecraft:item: Fixed minecraft:item id mismatch create_dd:steel_tiled_stairs: 1454 (init) -> 1456 (map).
[26Dec2025 18:17:01.066] [Render thread/DEBUG] [net.minecraftforge.registries.ForgeRegistry/REGISTRIES]: Registry minecraft:item: Fixed minecraft:item id mismatch create_dd:strawberry_bucket: 1574 (init) -> 1576 (map).
[26Dec2025 18:17:01.066] [Render thread/DEBUG] [net.minecraftforge.registries.ForgeRegistry/REGISTRIES]: Registry minecraft:item: Fixed minecraft:item id mismatch create_dd:strawberry_milkshake: 1563 (init) -> 1565 (map).
[26Dec2025 18:17:01.066] [Render thread/DEBUG] [net.minecraftforge.registries.ForgeRegistry/REGISTRIES]: Registry minecraft:item: Fixed minecraft:item id mismatch create_dd:strawberry_milkshake_bucket: 1575 (init) -> 1577 (map).
[26Dec2025 18:17:01.066] [Render thread/DEBUG] [net.minecraftforge.registries.ForgeRegistry/REGISTRIES]: Registry minecraft:item: Fixed minecraft:item id mismatch create_dd:stripped_rose_log: 1350 (init) -> 1352 (map).
[26Dec2025 18:17:01.066] [Render thread/DEBUG] [net.minecraftforge.registries.ForgeRegistry/REGISTRIES]: Registry minecraft:item: Fixed minecraft:item id mismatch create_dd:stripped_rose_wood: 1352 (init) -> 1354 (map).
[26Dec2025 18:17:01.066] [Render thread/DEBUG] [net.minecraftforge.registries.ForgeRegistry/REGISTRIES]: Registry minecraft:item: Fixed minecraft:item id mismatch create_dd:stripped_rubber_log: 1391 (init) -> 1393 (map).
[26Dec2025 18:17:01.066] [Render thread/DEBUG] [net.minecraftforge.registries.ForgeRegistry/REGISTRIES]: Registry minecraft:item: Fixed minecraft:item id mismatch create_dd:stripped_rubber_wood: 1393 (init) -> 1395 (map).
[26Dec2025 18:17:01.066] [Render thread/DEBUG] [net.minecraftforge.registries.ForgeRegistry/REGISTRIES]: Registry minecraft:item: Fixed minecraft:item id mismatch create_dd:stripped_smoked_log: 1363 (init) -> 1365 (map).
[26Dec2025 18:17:01.066] [Render thread/DEBUG] [net.minecraftforge.registries.ForgeRegistry/REGISTRIES]: Registry minecraft:item: Fixed minecraft:item id mismatch create_dd:stripped_smoked_wood: 1365 (init) -> 1367 (map).
[26Dec2025 18:17:01.066] [Render thread/DEBUG] [net.minecraftforge.registries.ForgeRegistry/REGISTRIES]: Registry minecraft:item: Fixed minecraft:item id mismatch create_dd:stripped_spirit_log: 1376 (init) -> 1378 (map).
[26Dec2025 18:17:01.066] [Render thread/DEBUG] [net.minecraftforge.registries.ForgeRegistry/REGISTRIES]: Registry minecraft:item: Fixed minecraft:item id mismatch create_dd:stripped_spirit_wood: 1378 (init) -> 1380 (map).
[26Dec2025 18:17:01.066] [Render thread/DEBUG] [net.minecraftforge.registries.ForgeRegistry/REGISTRIES]: Registry minecraft:item: Fixed minecraft:item id mismatch create_dd:superheating_sail: 1312 (init) -> 1314 (map).
[26Dec2025 18:17:01.066] [Render thread/DEBUG] [net.minecraftforge.registries.ForgeRegistry/REGISTRIES]: Registry minecraft:item: Fixed minecraft:item id mismatch create_dd:tin_block: 1262 (init) -> 1264 (map).
[26Dec2025 18:17:01.066] [Render thread/DEBUG] [net.minecraftforge.registries.ForgeRegistry/REGISTRIES]: Registry minecraft:item: Fixed minecraft:item id mismatch create_dd:tin_casing: 1277 (init) -> 1279 (map).
[26Dec2025 18:17:01.066] [Render thread/DEBUG] [net.minecraftforge.registries.ForgeRegistry/REGISTRIES]: Registry minecraft:item: Fixed minecraft:item id mismatch create_dd:tin_ingot: 1479 (init) -> 1481 (map).
[26Dec2025 18:17:01.066] [Render thread/DEBUG] [net.minecraftforge.registries.ForgeRegistry/REGISTRIES]: Registry minecraft:item: Fixed minecraft:item id mismatch create_dd:tin_nugget: 1484 (init) -> 1486 (map).
[26Dec2025 18:17:01.066] [Render thread/DEBUG] [net.minecraftforge.registries.ForgeRegistry/REGISTRIES]: Registry minecraft:item: Fixed minecraft:item id mismatch create_dd:tin_ore: 1260 (init) -> 1262 (map).
[26Dec2025 18:17:01.066] [Render thread/DEBUG] [net.minecraftforge.registries.ForgeRegistry/REGISTRIES]: Registry minecraft:item: Fixed minecraft:item id mismatch create_dd:tin_scaffolding: 1323 (init) -> 1325 (map).
[26Dec2025 18:17:01.066] [Render thread/DEBUG] [net.minecraftforge.registries.ForgeRegistry/REGISTRIES]: Registry minecraft:item: Fixed minecraft:item id mismatch create_dd:tin_sheet: 1496 (init) -> 1498 (map).
[26Dec2025 18:17:01.066] [Render thread/DEBUG] [net.minecraftforge.registries.ForgeRegistry/REGISTRIES]: Registry minecraft:item: Fixed minecraft:item id mismatch create_dd:train_scaffolding: 1316 (init) -> 1318 (map).
[26Dec2025 18:17:01.066] [Render thread/DEBUG] [net.minecraftforge.registries.ForgeRegistry/REGISTRIES]: Registry minecraft:item: Fixed minecraft:item id mismatch create_dd:tuff_asphalt_block: 1423 (init) -> 1425 (map).
[26Dec2025 18:17:01.066] [Render thread/DEBUG] [net.minecraftforge.registries.ForgeRegistry/REGISTRIES]: Registry minecraft:item: Fixed minecraft:item id mismatch create_dd:tuff_mossy_bricks: 1441 (init) -> 1443 (map).
[26Dec2025 18:17:01.066] [Render thread/DEBUG] [net.minecraftforge.registries.ForgeRegistry/REGISTRIES]: Registry minecraft:item: Fixed minecraft:item id mismatch create_dd:vanilla_bucket: 1572 (init) -> 1574 (map).
[26Dec2025 18:17:01.066] [Render thread/DEBUG] [net.minecraftforge.registries.ForgeRegistry/REGISTRIES]: Registry minecraft:item: Fixed minecraft:item id mismatch create_dd:vanilla_milkshake: 1564 (init) -> 1566 (map).
[26Dec2025 18:17:01.066] [Render thread/DEBUG] [net.minecraftforge.registries.ForgeRegistry/REGISTRIES]: Registry minecraft:item: Fixed minecraft:item id mismatch create_dd:vanilla_milkshake_bucket: 1573 (init) -> 1575 (map).
[26Dec2025 18:17:01.066] [Render thread/DEBUG] [net.minecraftforge.registries.ForgeRegistry/REGISTRIES]: Registry minecraft:item: Fixed minecraft:item id mismatch create_dd:veridium_asphalt_block: 1424 (init) -> 1426 (map).
[26Dec2025 18:17:01.066] [Render thread/DEBUG] [net.minecraftforge.registries.ForgeRegistry/REGISTRIES]: Registry minecraft:item: Fixed minecraft:item id mismatch create_dd:veridium_cobble: 1472 (init) -> 1474 (map).
[26Dec2025 18:17:01.066] [Render thread/DEBUG] [net.minecraftforge.registries.ForgeRegistry/REGISTRIES]: Registry minecraft:item: Fixed minecraft:item id mismatch create_dd:veridium_mossy_bricks: 1442 (init) -> 1444 (map).
[26Dec2025 18:17:01.066] [Render thread/DEBUG] [net.minecraftforge.registries.ForgeRegistry/REGISTRIES]: Registry minecraft:item: Fixed minecraft:item id mismatch create_dd:vertical_framed_split_glass: 1338 (init) -> 1340 (map).
[26Dec2025 18:17:01.066] [Render thread/DEBUG] [net.minecraftforge.registries.ForgeRegistry/REGISTRIES]: Registry minecraft:item: Fixed minecraft:item id mismatch create_dd:vertical_framed_split_glass_pane: 1339 (init) -> 1341 (map).
[26Dec2025 18:17:01.066] [Render thread/DEBUG] [net.minecraftforge.registries.ForgeRegistry/REGISTRIES]: Registry minecraft:item: Fixed minecraft:item id mismatch create_dd:weathered_limestone: 1623 (init) -> 1625 (map).
[26Dec2025 18:17:01.066] [Render thread/DEBUG] [net.minecraftforge.registries.ForgeRegistry/REGISTRIES]: Registry minecraft:item: Fixed minecraft:item id mismatch create_dd:weathered_limestone_asphalt_block: 1425 (init) -> 1427 (map).
[26Dec2025 18:17:01.066] [Render thread/DEBUG] [net.minecraftforge.registries.ForgeRegistry/REGISTRIES]: Registry minecraft:item: Fixed minecraft:item id mismatch create_dd:weathered_limestone_mossy_bricks: 1443 (init) -> 1445 (map).
[26Dec2025 18:17:01.066] [Render thread/DEBUG] [net.minecraftforge.registries.ForgeRegistry/REGISTRIES]: Registry minecraft:item: Fixed minecraft:item id mismatch create_dd:weathered_limestone_pillar: 1641 (init) -> 1643 (map).
[26Dec2025 18:17:01.066] [Render thread/DEBUG] [net.minecraftforge.registries.ForgeRegistry/REGISTRIES]: Registry minecraft:item: Fixed minecraft:item id mismatch create_dd:zinc_casing: 1276 (init) -> 1278 (map).
[26Dec2025 18:17:01.066] [Render thread/DEBUG] [net.minecraftforge.registries.ForgeRegistry/REGISTRIES]: Registry minecraft:item: Fixed minecraft:item id mismatch create_dd:zinc_polished_block: 1456 (init) -> 1458 (map).
[26Dec2025 18:17:01.066] [Render thread/DEBUG] [net.minecraftforge.registries.ForgeRegistry/REGISTRIES]: Registry minecraft:item: Fixed minecraft:item id mismatch create_dd:zinc_polished_slab: 1458 (init) -> 1460 (map).
[26Dec2025 18:17:01.066] [Render thread/DEBUG] [net.minecraftforge.registries.ForgeRegistry/REGISTRIES]: Registry minecraft:item: Fixed minecraft:item id mismatch create_dd:zinc_polished_stairs: 1457 (init) -> 1459 (map).
[26Dec2025 18:17:01.066] [Render thread/DEBUG] [net.minecraftforge.registries.ForgeRegistry/REGISTRIES]: Registry minecraft:item: Fixed minecraft:item id mismatch create_dd:zinc_scaffolding: 1322 (init) -> 1324 (map).
[26Dec2025 18:17:01.066] [Render thread/DEBUG] [net.minecraftforge.registries.ForgeRegistry/REGISTRIES]: Registry minecraft:item: Fixed minecraft:item id mismatch create_dd:zinc_sheet: 1495 (init) -> 1497 (map).
[26Dec2025 18:17:01.066] [Render thread/DEBUG] [net.minecraftforge.registries.ForgeRegistry/REGISTRIES]: Registry minecraft:item: Fixed minecraft:item id mismatch create_dd:zinc_tiled_block: 1459 (init) -> 1461 (map).
[26Dec2025 18:17:01.066] [Render thread/DEBUG] [net.minecraftforge.registries.ForgeRegistry/REGISTRIES]: Registry minecraft:item: Fixed minecraft:item id mismatch create_dd:zinc_tiled_slab: 1461 (init) -> 1463 (map).
[26Dec2025 18:17:01.066] [Render thread/DEBUG] [net.minecraftforge.registries.ForgeRegistry/REGISTRIES]: Registry minecraft:item: Fixed minecraft:item id mismatch create_dd:zinc_tiled_stairs: 1460 (init) -> 1462 (map).
[26Dec2025 18:17:01.115] [Render thread/DEBUG] [net.minecraftforge.registries.ForgeRegistry/REGISTRIES]: Registry minecraft:block Sync: ACTIVE -> STAGING
[26Dec2025 18:17:01.123] [Render thread/DEBUG] [net.minecraftforge.registries.ForgeRegistry/REGISTRIES]: Registry minecraft:fluid Sync: ACTIVE -> STAGING
[26Dec2025 18:17:01.124] [Render thread/DEBUG] [net.minecraftforge.registries.ForgeRegistry/REGISTRIES]: Registry minecraft:item Sync: ACTIVE -> STAGING
[26Dec2025 18:17:01.134] [Render thread/DEBUG] [net.minecraftforge.registries.ForgeRegistry/REGISTRIES]: Registry minecraft:mob_effect Sync: ACTIVE -> STAGING
[26Dec2025 18:17:01.134] [Render thread/DEBUG] [net.minecraftforge.registries.ForgeRegistry/REGISTRIES]: Registry minecraft:sound_event Sync: ACTIVE -> STAGING
[26Dec2025 18:17:01.139] [Render thread/DEBUG] [net.minecraftforge.registries.ForgeRegistry/REGISTRIES]: Registry minecraft:potion Sync: ACTIVE -> STAGING
[26Dec2025 18:17:01.140] [Render thread/DEBUG] [net.minecraftforge.registries.ForgeRegistry/REGISTRIES]: Registry minecraft:enchantment Sync: ACTIVE -> STAGING
[26Dec2025 18:17:01.140] [Render thread/DEBUG] [net.minecraftforge.registries.ForgeRegistry/REGISTRIES]: Registry minecraft:entity_type Sync: ACTIVE -> STAGING
[26Dec2025 18:17:01.140] [Render thread/DEBUG] [net.minecraftforge.registries.ForgeRegistry/REGISTRIES]: Registry minecraft:block_entity_type Sync: ACTIVE -> STAGING
[26Dec2025 18:17:01.141] [Render thread/DEBUG] [net.minecraftforge.registries.ForgeRegistry/REGISTRIES]: Registry minecraft:particle_type Sync: ACTIVE -> STAGING
[26Dec2025 18:17:01.142] [Render thread/DEBUG] [net.minecraftforge.registries.ForgeRegistry/REGISTRIES]: Registry minecraft:menu Sync: ACTIVE -> STAGING
[26Dec2025 18:17:01.142] [Render thread/DEBUG] [net.minecraftforge.registries.ForgeRegistry/REGISTRIES]: Registry minecraft:painting_variant Sync: ACTIVE -> STAGING
[26Dec2025 18:17:01.142] [Render thread/DEBUG] [net.minecraftforge.registries.ForgeRegistry/REGISTRIES]: Registry minecraft:recipe_type Sync: ACTIVE -> STAGING
[26Dec2025 18:17:01.143] [Render thread/DEBUG] [net.minecraftforge.registries.ForgeRegistry/REGISTRIES]: Registry minecraft:recipe_serializer Sync: ACTIVE -> STAGING
[26Dec2025 18:17:01.143] [Render thread/DEBUG] [net.minecraftforge.registries.ForgeRegistry/REGISTRIES]: Registry minecraft:attribute Sync: ACTIVE -> STAGING
[26Dec2025 18:17:01.143] [Render thread/DEBUG] [net.minecraftforge.registries.ForgeRegistry/REGISTRIES]: Registry minecraft:stat_type Sync: ACTIVE -> STAGING
[26Dec2025 18:17:01.143] [Render thread/DEBUG] [net.minecraftforge.registries.ForgeRegistry/REGISTRIES]: Registry minecraft:command_argument_type Sync: ACTIVE -> STAGING
[26Dec2025 18:17:01.143] [Render thread/DEBUG] [net.minecraftforge.registries.ForgeRegistry/REGISTRIES]: Registry minecraft:villager_profession Sync: ACTIVE -> STAGING
[26Dec2025 18:17:01.143] [Render thread/DEBUG] [net.minecraftforge.registries.ForgeRegistry/REGISTRIES]: Registry minecraft:point_of_interest_type Sync: ACTIVE -> STAGING
[26Dec2025 18:17:01.145] [Render thread/DEBUG] [net.minecraftforge.registries.ForgeRegistry/REGISTRIES]: Registry minecraft:memory_module_type Sync: ACTIVE -> STAGING
[26Dec2025 18:17:01.145] [Render thread/DEBUG] [net.minecraftforge.registries.ForgeRegistry/REGISTRIES]: Registry minecraft:sensor_type Sync: ACTIVE -> STAGING
[26Dec2025 18:17:01.145] [Render thread/DEBUG] [net.minecraftforge.registries.ForgeRegistry/REGISTRIES]: Registry minecraft:schedule Sync: ACTIVE -> STAGING
[26Dec2025 18:17:01.145] [Render thread/DEBUG] [net.minecraftforge.registries.ForgeRegistry/REGISTRIES]: Registry minecraft:activity Sync: ACTIVE -> STAGING
[26Dec2025 18:17:01.145] [Render thread/DEBUG] [net.minecraftforge.registries.ForgeRegistry/REGISTRIES]: Registry minecraft:worldgen/carver Sync: ACTIVE -> STAGING
[26Dec2025 18:17:01.145] [Render thread/DEBUG] [net.minecraftforge.registries.ForgeRegistry/REGISTRIES]: Registry minecraft:worldgen/feature Sync: ACTIVE -> STAGING
[26Dec2025 18:17:01.146] [Render thread/DEBUG] [net.minecraftforge.registries.ForgeRegistry/REGISTRIES]: Registry minecraft:chunk_status Sync: ACTIVE -> STAGING
[26Dec2025 18:17:01.146] [Render thread/DEBUG] [net.minecraftforge.registries.ForgeRegistry/REGISTRIES]: Registry minecraft:worldgen/block_state_provider_type Sync: ACTIVE -> STAGING
[26Dec2025 18:17:01.146] [Render thread/DEBUG] [net.minecraftforge.registries.ForgeRegistry/REGISTRIES]: Registry minecraft:worldgen/foliage_placer_type Sync: ACTIVE -> STAGING
[26Dec2025 18:17:01.146] [Render thread/DEBUG] [net.minecraftforge.registries.ForgeRegistry/REGISTRIES]: Registry minecraft:worldgen/tree_decorator_type Sync: ACTIVE -> STAGING
[26Dec2025 18:17:01.146] [Render thread/DEBUG] [net.minecraftforge.registries.ForgeRegistry/REGISTRIES]: Registry minecraft:worldgen/biome Sync: ACTIVE -> STAGING
[26Dec2025 18:17:01.146] [Render thread/DEBUG] [net.minecraftforge.registries.ForgeRegistry/REGISTRIES]: Registry forge:entity_data_serializers Sync: ACTIVE -> STAGING
[26Dec2025 18:17:01.146] [Render thread/DEBUG] [net.minecraftforge.registries.ForgeRegistry/REGISTRIES]: Registry forge:global_loot_modifier_serializers Sync: ACTIVE -> STAGING
[26Dec2025 18:17:01.146] [Render thread/DEBUG] [net.minecraftforge.registries.ForgeRegistry/REGISTRIES]: Registry forge:biome_modifier_serializers Sync: ACTIVE -> STAGING
[26Dec2025 18:17:01.146] [Render thread/DEBUG] [net.minecraftforge.registries.ForgeRegistry/REGISTRIES]: Registry forge:fluid_type Sync: ACTIVE -> STAGING
[26Dec2025 18:17:01.146] [Render thread/DEBUG] [net.minecraftforge.registries.ForgeRegistry/REGISTRIES]: Registry forge:structure_modifier_serializers Sync: ACTIVE -> STAGING
[26Dec2025 18:17:01.146] [Render thread/DEBUG] [net.minecraftforge.registries.ForgeRegistry/REGISTRIES]: Registry forge:holder_set_type Sync: ACTIVE -> STAGING
[26Dec2025 18:17:01.146] [Render thread/DEBUG] [net.minecraftforge.registries.ForgeRegistry/REGISTRIES]: Registry forge:display_contexts Sync: ACTIVE -> STAGING
[26Dec2025 18:17:02.402] [Render thread/DEBUG] [net.minecraftforge.registries.ObjectHolderRegistry/REGISTRIES]: Applying holder lookups
[26Dec2025 18:17:02.411] [Render thread/DEBUG] [net.minecraftforge.registries.ObjectHolderRegistry/REGISTRIES]: Holder lookups applied
[26Dec2025 18:17:02.439] [Render thread/DEBUG] [net.minecraftforge.server.ServerLifecycleHooks/CORE]: Generating PackInfo named mod:mixinextras for mod file C:\Users\gamma\.gradle\caches\modules-2\files-2.1\io.github.llamalad7\mixinextras-forge\0.5.0-beta.5\b405e55ddf957832a7cfeb007750ec8a905f1acc\mixinextras-forge-0.5.0-beta.5.jar
[26Dec2025 18:17:02.440] [Render thread/DEBUG] [net.minecraftforge.server.ServerLifecycleHooks/CORE]: Generating PackInfo named mod:forge for mod file /
[26Dec2025 18:17:02.440] [Render thread/DEBUG] [net.minecraftforge.server.ServerLifecycleHooks/CORE]: Generating PackInfo named mod:flywheel for mod file C:\Users\gamma\.gradle\caches\forge_gradle\deobf_dependencies\dev\engine-room\flywheel\flywheel-forge-1.20.1\1.0.5_mapped_official_1.20.1\flywheel-forge-1.20.1-1.0.5_mapped_official_1.20.1.jar
[26Dec2025 18:17:02.440] [Render thread/DEBUG] [net.minecraftforge.server.ServerLifecycleHooks/CORE]: Generating PackInfo named mod:create_dd for mod file C:\Users\gamma\.gradle\caches\forge_gradle\deobf_dependencies\locallibs\Create-Dreams-n-Desires-1.20.1\0.2c.PREBETA_mapped_official_1.20.1\Create-Dreams-n-Desires-1.20.1-0.2c.PREBETA_mapped_official_1.20.1.jar
[26Dec2025 18:17:02.441] [Render thread/DEBUG] [net.minecraftforge.server.ServerLifecycleHooks/CORE]: Generating PackInfo named mod:ddtocreate6 for mod file C:\Users\gamma\IdeaProjects\untitled10\build\resources\main
[26Dec2025 18:17:02.441] [Render thread/DEBUG] [net.minecraftforge.server.ServerLifecycleHooks/CORE]: Generating PackInfo named mod:ponder for mod file C:\Users\gamma\.gradle\caches\forge_gradle\deobf_dependencies\net\createmod\ponder\Ponder-Forge-1.20.1\1.0.91_mapped_official_1.20.1\Ponder-Forge-1.20.1-1.0.91_mapped_official_1.20.1.jar
[26Dec2025 18:17:02.441] [Render thread/DEBUG] [net.minecraftforge.server.ServerLifecycleHooks/CORE]: Generating PackInfo named mod:create for mod file C:\Users\gamma\.gradle\caches\forge_gradle\deobf_dependencies\com\simibubi\create\create-1.20.1\6.0.8-289_mapped_official_1.20.1\create-1.20.1-6.0.8-289_mapped_official_1.20.1-slim.jar
[26Dec2025 18:17:02.441] [Render thread/DEBUG] [net.minecraftforge.server.ServerLifecycleHooks/CORE]: Generating PackInfo named mod:jei for mod file C:\Users\gamma\.gradle\caches\forge_gradle\deobf_dependencies\mezz\jei\jei-1.20.1-forge\15.20.0.106_mapped_official_1.20.1\jei-1.20.1-forge-15.20.0.106_mapped_official_1.20.1.jar
[26Dec2025 18:17:03.425] [Render thread/DEBUG] [net.minecraftforge.coremod.transformer.CoreModBaseTransformer/COREMOD]: Transforming net/minecraft/server/commands/SummonCommand
[26Dec2025 18:17:03.541] [Render thread/DEBUG] [mixin/]: Mixing TestCommandMixin from create.mixins.json into net.minecraft.gametest.framework.TestCommand
[26Dec2025 18:17:04.259] [Worker-Main-4/DEBUG] [net.minecraftforge.coremod.transformer.CoreModBaseTransformer/COREMOD]: Transforming net/minecraft/world/entity/raid/Raid
[26Dec2025 18:17:04.661] [Render thread/WARN] [com.simibubi.create.Create/]: Your custom create:emptying recipe (create_dd:emptying/sap_from_jungle_log) has more item outputs (2) than supported (1).
[26Dec2025 18:17:04.667] [Render thread/WARN] [com.simibubi.create.Create/]: Your custom create:emptying recipe (create_dd:emptying/sap_from_dark_oak_wood) has more item outputs (2) than supported (1).
[26Dec2025 18:17:04.675] [Render thread/WARN] [com.simibubi.create.Create/]: Your custom create:emptying recipe (create_dd:emptying/sap_from_acacia_wood) has more item outputs (2) than supported (1).
[26Dec2025 18:17:04.710] [Render thread/WARN] [com.simibubi.create.Create/]: Your custom create:emptying recipe (create_dd:emptying/sap_from_jungle_wood) has more item outputs (2) than supported (1).
[26Dec2025 18:17:04.722] [Render thread/WARN] [com.simibubi.create.Create/]: Your custom create:emptying recipe (create_dd:emptying/sap_from_oak_wood) has more item outputs (2) than supported (1).
[26Dec2025 18:17:04.722] [Render thread/WARN] [com.simibubi.create.Create/]: Your custom create:emptying recipe (create_dd:emptying/sap_from_acacia_log) has more item outputs (2) than supported (1).
[26Dec2025 18:17:04.724] [Render thread/WARN] [com.simibubi.create.Create/]: Your custom create:emptying recipe (create_dd:emptying/sap_from_rubber_log) has more item outputs (2) than supported (1).
[26Dec2025 18:17:04.726] [Render thread/WARN] [com.simibubi.create.Create/]: Your custom create:emptying recipe (create_dd:emptying/sap_from_oak_log) has more item outputs (2) than supported (1).
[26Dec2025 18:17:04.733] [Render thread/WARN] [com.simibubi.create.Create/]: Your custom create:emptying recipe (create_dd:emptying/sap_from_rubber_wood) has more item outputs (2) than supported (1).
[26Dec2025 18:17:04.736] [Render thread/WARN] [com.simibubi.create.Create/]: Your custom create:emptying recipe (create_dd:emptying/sap_from_dark_oak_log) has more item outputs (2) than supported (1).
[26Dec2025 18:17:04.742] [Render thread/INFO] [net.minecraft.world.item.crafting.RecipeManager/]: Loaded 24 recipes
[26Dec2025 18:17:04.836] [Render thread/ERROR] [net.minecraft.server.ServerAdvancementManager/]: Parsing error loading custom advancement create_dd:flywheel: Failed to parse 'location' field
[26Dec2025 18:17:04.865] [Render thread/INFO] [net.minecraft.advancements.AdvancementList/]: Loaded 2423 advancements
[26Dec2025 18:17:06.114] [Render thread/DEBUG] [net.minecraftforge.common.ForgeHooks/WP]: Gathering id map for writing to world save New World
[26Dec2025 18:17:06.136] [Render thread/DEBUG] [net.minecraftforge.common.ForgeHooks/WP]: ID Map collection complete New World
[26Dec2025 18:17:06.203] [Server thread/INFO] [net.minecraft.client.server.IntegratedServer/]: Starting integrated minecraft server version 1.20.1
[26Dec2025 18:17:06.203] [Server thread/INFO] [net.minecraft.server.MinecraftServer/]: Generating keypair
[26Dec2025 18:17:06.291] [Server thread/DEBUG] [net.minecraftforge.fml.config.ConfigTracker/CONFIG]: Loading configs type SERVER
[26Dec2025 18:17:06.292] [Server thread/DEBUG] [net.minecraftforge.fml.config.ConfigFileTypeHandler/CONFIG]: Built TOML config for .\saves\New World\serverconfig\jei-server.toml
[26Dec2025 18:17:06.292] [Server thread/DEBUG] [net.minecraftforge.fml.config.ConfigFileTypeHandler/CONFIG]: Loaded TOML config file .\saves\New World\serverconfig\jei-server.toml
[26Dec2025 18:17:06.293] [Server thread/DEBUG] [net.minecraftforge.fml.config.ConfigFileTypeHandler/CONFIG]: Watching TOML config file .\saves\New World\serverconfig\jei-server.toml for changes
[26Dec2025 18:17:06.294] [Server thread/DEBUG] [net.minecraftforge.fml.config.ConfigFileTypeHandler/CONFIG]: Built TOML config for .\saves\New World\serverconfig\forge-server.toml
[26Dec2025 18:17:06.295] [Server thread/DEBUG] [net.minecraftforge.fml.config.ConfigFileTypeHandler/CONFIG]: Loaded TOML config file .\saves\New World\serverconfig\forge-server.toml
[26Dec2025 18:17:06.295] [Server thread/DEBUG] [net.minecraftforge.fml.config.ConfigFileTypeHandler/CONFIG]: Watching TOML config file .\saves\New World\serverconfig\forge-server.toml for changes
[26Dec2025 18:17:06.295] [Server thread/DEBUG] [net.minecraftforge.common.ForgeConfig/FORGEMOD]: Loaded forge config file forge-server.toml
[26Dec2025 18:17:06.296] [Server thread/DEBUG] [net.minecraftforge.fml.config.ConfigFileTypeHandler/CONFIG]: Built TOML config for .\saves\New World\serverconfig\create_dd-server.toml
[26Dec2025 18:17:06.297] [Server thread/DEBUG] [net.minecraftforge.fml.config.ConfigFileTypeHandler/CONFIG]: Loaded TOML config file .\saves\New World\serverconfig\create_dd-server.toml
[26Dec2025 18:17:06.297] [Server thread/DEBUG] [net.minecraftforge.fml.config.ConfigFileTypeHandler/CONFIG]: Watching TOML config file .\saves\New World\serverconfig\create_dd-server.toml for changes
[26Dec2025 18:17:06.299] [Server thread/DEBUG] [net.minecraftforge.fml.config.ConfigFileTypeHandler/CONFIG]: Built TOML config for .\saves\New World\serverconfig\create-server.toml
[26Dec2025 18:17:06.301] [Server thread/DEBUG] [net.minecraftforge.fml.config.ConfigFileTypeHandler/CONFIG]: Loaded TOML config file .\saves\New World\serverconfig\create-server.toml
[26Dec2025 18:17:06.301] [Server thread/DEBUG] [net.minecraftforge.fml.config.ConfigFileTypeHandler/CONFIG]: Watching TOML config file .\saves\New World\serverconfig\create-server.toml for changes
[26Dec2025 18:17:06.308] [Thread-3/DEBUG] [net.minecraftforge.fml.config.ConfigFileTypeHandler/CONFIG]: Config file create-server.toml changed, sending notifies
[26Dec2025 18:17:06.397] [Server thread/DEBUG] [net.minecraftforge.coremod.transformer.CoreModBaseTransformer/COREMOD]: Transforming net/minecraft/world/level/levelgen/PhantomSpawner
[26Dec2025 18:17:06.402] [Server thread/DEBUG] [net.minecraftforge.coremod.transformer.CoreModBaseTransformer/COREMOD]: Transforming net/minecraft/world/level/levelgen/PatrolSpawner
[26Dec2025 18:17:06.405] [Server thread/DEBUG] [net.minecraftforge.coremod.transformer.CoreModBaseTransformer/COREMOD]: Transforming net/minecraft/world/entity/npc/CatSpawner
[26Dec2025 18:17:06.409] [Server thread/DEBUG] [net.minecraftforge.coremod.transformer.CoreModBaseTransformer/COREMOD]: Transforming net/minecraft/world/entity/ai/village/VillageSiege
[26Dec2025 18:17:06.415] [Server thread/DEBUG] [mixin/]: Mixing MapItemSavedDataMixin from create.mixins.json into net.minecraft.world.level.saveddata.maps.MapItemSavedData
[26Dec2025 18:17:06.578] [Server thread/DEBUG] [mixin/]: Mixing light.LightEngineAccessor from flywheel.backend.mixins.json into net.minecraft.world.level.lighting.LightEngine
[26Dec2025 18:17:06.589] [Server thread/DEBUG] [mixin/]: Mixing light.LayerLightSectionStorageAccessor from flywheel.backend.mixins.json into net.minecraft.world.level.lighting.LayerLightSectionStorage
[26Dec2025 18:17:06.600] [Server thread/DEBUG] [mixin/]: Mixing light.SkyLightSectionStorageMixin from flywheel.backend.mixins.json into net.minecraft.world.level.lighting.SkyLightSectionStorage
[26Dec2025 18:17:06.605] [Server thread/DEBUG] [mixin/]: Mixing light.SkyDataLayerStorageMapAccessor from flywheel.backend.mixins.json into net.minecraft.world.level.lighting.SkyLightSectionStorage$SkyDataLayerStorageMap
[26Dec2025 18:17:06.657] [Server thread/DEBUG] [com.simibubi.create.Create/]: Prepared Redstone Network Space for minecraft:overworld
[26Dec2025 18:17:06.657] [Server thread/DEBUG] [com.simibubi.create.Create/]: Prepared Kinetic Network Space for minecraft:overworld
[26Dec2025 18:17:06.684] [Server thread/DEBUG] [com.simibubi.create.Create/]: Prepared Redstone Network Space for minecraft:the_nether
[26Dec2025 18:17:06.685] [Server thread/DEBUG] [com.simibubi.create.Create/]: Prepared Kinetic Network Space for minecraft:the_nether
[26Dec2025 18:17:06.697] [Server thread/DEBUG] [com.simibubi.create.Create/]: Prepared Redstone Network Space for minecraft:the_end
[26Dec2025 18:17:06.697] [Server thread/DEBUG] [com.simibubi.create.Create/]: Prepared Kinetic Network Space for minecraft:the_end
[26Dec2025 18:17:06.701] [Server thread/DEBUG] [com.simibubi.create.Create/]: Prepared Redstone Network Space for create_dd:ponder
[26Dec2025 18:17:06.701] [Server thread/DEBUG] [com.simibubi.create.Create/]: Prepared Kinetic Network Space for create_dd:ponder
[26Dec2025 18:17:06.704] [Server thread/INFO] [net.minecraft.server.MinecraftServer/]: Preparing start region for dimension minecraft:overworld
[26Dec2025 18:17:08.573] [Render thread/INFO] [net.minecraft.server.level.progress.LoggerChunkProgressListener/]: Preparing spawn area: 0%
[26Dec2025 18:17:08.573] [Render thread/INFO] [net.minecraft.server.level.progress.LoggerChunkProgressListener/]: Preparing spawn area: 0%
[26Dec2025 18:17:08.573] [Render thread/INFO] [net.minecraft.server.level.progress.LoggerChunkProgressListener/]: Preparing spawn area: 0%
[26Dec2025 18:17:08.573] [Render thread/INFO] [net.minecraft.server.level.progress.LoggerChunkProgressListener/]: Preparing spawn area: 0%
[26Dec2025 18:17:08.716] [Render thread/INFO] [net.minecraft.server.level.progress.LoggerChunkProgressListener/]: Preparing spawn area: 0%
[26Dec2025 18:17:08.773] [Server thread/DEBUG] [mixin/]: Mixing BlockFixers.IndustrialAirCurrentMixin from ddtocreate6.mixins.json into uwu.lopyluna.create_dd.block.BlockProperties.industrial_fan.IndustrialAirCurrent
[26Dec2025 18:17:08.773] [Server thread/DEBUG] [mixin/]: ddtocreate6.mixins.json:BlockFixers.IndustrialAirCurrentMixin: Class version 61 required is higher than the class version supported by the current version of Mixin (JAVA_8 supports class version 52)
[26Dec2025 18:17:09.209] [Render thread/INFO] [net.minecraft.server.level.progress.LoggerChunkProgressListener/]: Preparing spawn area: 43%
[26Dec2025 18:17:09.554] [Server thread/INFO] [net.minecraftforge.server.permission.PermissionAPI/]: Successfully initialized permission handler forge:default_handler
[26Dec2025 18:17:09.557] [Render thread/INFO] [net.minecraft.server.level.progress.LoggerChunkProgressListener/]: Time elapsed: 2851 ms
[26Dec2025 18:17:09.631] [Server thread/DEBUG] [io.netty.buffer.AbstractByteBuf/]: -Dio.netty.buffer.checkAccessible: true
[26Dec2025 18:17:09.632] [Server thread/DEBUG] [io.netty.buffer.AbstractByteBuf/]: -Dio.netty.buffer.checkBounds: true
[26Dec2025 18:17:09.633] [Server thread/DEBUG] [io.netty.util.ResourceLeakDetectorFactory/]: Loaded default ResourceLeakDetector: io.netty.util.ResourceLeakDetector@624a806b
[26Dec2025 18:17:09.659] [Server thread/DEBUG] [net.minecraftforge.coremod.transformer.CoreModBaseTransformer/COREMOD]: Transforming net/minecraft/world/level/NaturalSpawner
[26Dec2025 18:17:09.736] [Server thread/INFO] [net.minecraft.client.server.IntegratedServer/]: Changing view distance to 12, from 10
[26Dec2025 18:17:09.739] [Server thread/INFO] [net.minecraft.client.server.IntegratedServer/]: Changing simulation distance to 12, from 0
[26Dec2025 18:17:09.776] [Render thread/DEBUG] [io.netty.channel.MultithreadEventLoopGroup/]: -Dio.netty.eventLoopThreads: 32
[26Dec2025 18:17:09.878] [Render thread/DEBUG] [io.netty.channel.nio.NioEventLoop/]: -Dio.netty.noKeySetOptimization: false
[26Dec2025 18:17:09.878] [Render thread/DEBUG] [io.netty.channel.nio.NioEventLoop/]: -Dio.netty.selectorAutoRebuildThreshold: 512
[26Dec2025 18:17:09.895] [Render thread/DEBUG] [io.netty.util.internal.PlatformDependent/]: org.jctools-core.MpscChunkedArrayQueue: available
[26Dec2025 18:17:09.986] [Render thread/DEBUG] [io.netty.channel.DefaultChannelId/]: -Dio.netty.processId: 39680 (auto-detected)
[26Dec2025 18:17:09.990] [Render thread/DEBUG] [io.netty.util.NetUtil/]: -Djava.net.preferIPv4Stack: false
[26Dec2025 18:17:09.990] [Render thread/DEBUG] [io.netty.util.NetUtil/]: -Djava.net.preferIPv6Addresses: true
[26Dec2025 18:17:10.008] [Render thread/DEBUG] [io.netty.util.NetUtilInitializations/]: Loopback interface: lo (Software Loopback Interface 1, 127.0.0.1)
[26Dec2025 18:17:10.013] [Render thread/DEBUG] [io.netty.util.NetUtil/]: Failed to get SOMAXCONN from sysctl and file \proc\sys\net\core\somaxconn. Default: 200
[26Dec2025 18:17:10.046] [Render thread/DEBUG] [io.netty.channel.DefaultChannelId/]: -Dio.netty.machineId: 44:fa:66:ff:fe:23:10:99 (auto-detected)
[26Dec2025 18:17:10.069] [Render thread/DEBUG] [io.netty.buffer.PooledByteBufAllocator/]: -Dio.netty.allocator.numHeapArenas: 32
[26Dec2025 18:17:10.069] [Render thread/DEBUG] [io.netty.buffer.PooledByteBufAllocator/]: -Dio.netty.allocator.numDirectArenas: 32
[26Dec2025 18:17:10.069] [Render thread/DEBUG] [io.netty.buffer.PooledByteBufAllocator/]: -Dio.netty.allocator.pageSize: 8192
[26Dec2025 18:17:10.069] [Render thread/DEBUG] [io.netty.buffer.PooledByteBufAllocator/]: -Dio.netty.allocator.maxOrder: 9
[26Dec2025 18:17:10.069] [Render thread/DEBUG] [io.netty.buffer.PooledByteBufAllocator/]: -Dio.netty.allocator.chunkSize: 4194304
[26Dec2025 18:17:10.069] [Render thread/DEBUG] [io.netty.buffer.PooledByteBufAllocator/]: -Dio.netty.allocator.smallCacheSize: 256
[26Dec2025 18:17:10.069] [Render thread/DEBUG] [io.netty.buffer.PooledByteBufAllocator/]: -Dio.netty.allocator.normalCacheSize: 64
[26Dec2025 18:17:10.069] [Render thread/DEBUG] [io.netty.buffer.PooledByteBufAllocator/]: -Dio.netty.allocator.maxCachedBufferCapacity: 32768
[26Dec2025 18:17:10.069] [Render thread/DEBUG] [io.netty.buffer.PooledByteBufAllocator/]: -Dio.netty.allocator.cacheTrimInterval: 8192
[26Dec2025 18:17:10.069] [Render thread/DEBUG] [io.netty.buffer.PooledByteBufAllocator/]: -Dio.netty.allocator.cacheTrimIntervalMillis: 0
[26Dec2025 18:17:10.069] [Render thread/DEBUG] [io.netty.buffer.PooledByteBufAllocator/]: -Dio.netty.allocator.useCacheForAllThreads: false
[26Dec2025 18:17:10.069] [Render thread/DEBUG] [io.netty.buffer.PooledByteBufAllocator/]: -Dio.netty.allocator.maxCachedByteBuffersPerChunk: 1023
[26Dec2025 18:17:10.089] [Render thread/DEBUG] [io.netty.buffer.ByteBufUtil/]: -Dio.netty.allocator.type: pooled
[26Dec2025 18:17:10.089] [Render thread/DEBUG] [io.netty.buffer.ByteBufUtil/]: -Dio.netty.threadLocalDirectBufferSize: 0
[26Dec2025 18:17:10.089] [Render thread/DEBUG] [io.netty.buffer.ByteBufUtil/]: -Dio.netty.maxThreadLocalCharBufferSize: 16384
[26Dec2025 18:17:10.130] [Netty Local Client IO #0/DEBUG] [net.minecraftforge.network.HandshakeHandler/FMLHANDSHAKE]: Starting local connection.
[26Dec2025 18:17:10.184] [Netty Local Client IO #0/DEBUG] [mixin/]: Mixing ClientboundMapItemDataPacketMixin from create.mixins.json into net.minecraft.network.protocol.game.ClientboundMapItemDataPacket
[26Dec2025 18:17:10.476] [Netty Local Client IO #0/DEBUG] [io.netty.util.Recycler/]: -Dio.netty.recycler.maxCapacityPerThread: 4096
[26Dec2025 18:17:10.476] [Netty Local Client IO #0/DEBUG] [io.netty.util.Recycler/]: -Dio.netty.recycler.ratio: 8
[26Dec2025 18:17:10.476] [Netty Local Client IO #0/DEBUG] [io.netty.util.Recycler/]: -Dio.netty.recycler.chunkSize: 32
[26Dec2025 18:17:10.476] [Netty Local Client IO #0/DEBUG] [io.netty.util.Recycler/]: -Dio.netty.recycler.blocking: false
[26Dec2025 18:17:10.516] [Netty Server IO #1/DEBUG] [net.minecraftforge.network.HandshakeHandler/FMLHANDSHAKE]: Starting local connection.
[26Dec2025 18:17:10.566] [Server thread/DEBUG] [net.minecraftforge.network.HandshakeHandler/FMLHANDSHAKE]: Sending ticking packet info 'net.minecraftforge.network.HandshakeMessages$S2CModData' to 'fml:handshake' sequence 0
[26Dec2025 18:17:10.575] [Netty Local Client IO #0/DEBUG] [net.minecraftforge.network.LoginWrapper/FMLHANDSHAKE]: Recieved login wrapper packet event for channel fml:handshake with index 0
[26Dec2025 18:17:10.616] [Server thread/DEBUG] [net.minecraftforge.network.HandshakeHandler/FMLHANDSHAKE]: Sending ticking packet info 'net.minecraftforge.network.HandshakeMessages$S2CModList' to 'fml:handshake' sequence 1
[26Dec2025 18:17:10.617] [Netty Local Client IO #0/DEBUG] [net.minecraftforge.network.LoginWrapper/FMLHANDSHAKE]: Recieved login wrapper packet event for channel fml:handshake with index 1
[26Dec2025 18:17:10.619] [Netty Local Client IO #0/DEBUG] [net.minecraftforge.network.HandshakeHandler/FMLHANDSHAKE]: Logging into server with mod list [minecraft, mixinextras, forge, flywheel, create_dd, ddtocreate6, ponder, create, jei]
[26Dec2025 18:17:10.623] [Netty Local Client IO #0/DEBUG] [net.minecraftforge.network.NetworkRegistry/NETREGISTRY]: Channel 'fml:loginwrapper' : Version test of 'FML3' from server : ACCEPTED
[26Dec2025 18:17:10.623] [Netty Local Client IO #0/DEBUG] [net.minecraftforge.network.NetworkRegistry/NETREGISTRY]: Channel 'forge:tier_sorting' : Version test of '1.0' from server : ACCEPTED
[26Dec2025 18:17:10.623] [Netty Local Client IO #0/DEBUG] [net.minecraftforge.network.NetworkRegistry/NETREGISTRY]: Channel 'fml:handshake' : Version test of 'FML3' from server : ACCEPTED
[26Dec2025 18:17:10.623] [Netty Local Client IO #0/DEBUG] [net.minecraftforge.network.NetworkRegistry/NETREGISTRY]: Channel 'ponder:main' : Version test of '1' from server : ACCEPTED
[26Dec2025 18:17:10.623] [Netty Local Client IO #0/DEBUG] [net.minecraftforge.network.NetworkRegistry/NETREGISTRY]: Channel 'jei:channel' : Version test of '1.0.0' from server : ACCEPTED
[26Dec2025 18:17:10.623] [Netty Local Client IO #0/DEBUG] [net.minecraftforge.network.NetworkRegistry/NETREGISTRY]: Channel 'minecraft:unregister' : Version test of 'FML3' from server : ACCEPTED
[26Dec2025 18:17:10.623] [Netty Local Client IO #0/DEBUG] [net.minecraftforge.network.NetworkRegistry/NETREGISTRY]: Channel 'fml:play' : Version test of 'FML3' from server : ACCEPTED
[26Dec2025 18:17:10.623] [Netty Local Client IO #0/DEBUG] [net.minecraftforge.network.NetworkRegistry/NETREGISTRY]: Channel 'minecraft:register' : Version test of 'FML3' from server : ACCEPTED
[26Dec2025 18:17:10.623] [Netty Local Client IO #0/DEBUG] [net.minecraftforge.network.NetworkRegistry/NETREGISTRY]: Channel 'forge:split' : Version test of '1.1' from server : ACCEPTED
[26Dec2025 18:17:10.623] [Netty Local Client IO #0/DEBUG] [net.minecraftforge.network.NetworkRegistry/NETREGISTRY]: Channel 'create:main' : Version test of '3' from server : ACCEPTED
[26Dec2025 18:17:10.623] [Netty Local Client IO #0/DEBUG] [net.minecraftforge.network.NetworkRegistry/NETREGISTRY]: Accepting channel list from server
[26Dec2025 18:17:10.626] [Netty Local Client IO #0/DEBUG] [net.minecraftforge.network.LoginWrapper/FMLHANDSHAKE]: Dispatching wrapped packet reply for channel fml:handshake with index 1
[26Dec2025 18:17:10.627] [Netty Local Client IO #0/DEBUG] [net.minecraftforge.network.HandshakeHandler/FMLHANDSHAKE]: Accepted server connection
[26Dec2025 18:17:10.627] [Netty Server IO #1/DEBUG] [net.minecraftforge.network.LoginWrapper/FMLHANDSHAKE]: Recieved login wrapper packet event for channel fml:handshake with index 1
[26Dec2025 18:17:10.627] [Netty Server IO #1/DEBUG] [net.minecraftforge.network.HandshakeHandler/FMLHANDSHAKE]: Received client indexed reply 1 of type net.minecraftforge.network.HandshakeMessages$C2SModListReply
[26Dec2025 18:17:10.628] [Netty Server IO #1/DEBUG] [net.minecraftforge.network.HandshakeHandler/FMLHANDSHAKE]: Received client connection with modlist [minecraft, mixinextras, forge, flywheel, create_dd, ddtocreate6, ponder, create, jei]
[26Dec2025 18:17:10.629] [Netty Local Client IO #0/DEBUG] [net.minecraftforge.network.HandshakeHandler/REGISTRIES]: Expecting 19 registries: [minecraft:command_argument_type, minecraft:recipe_serializer, minecraft:sound_event, minecraft:particle_type, minecraft:villager_profession, minecraft:item, minecraft:potion, minecraft:painting_variant, forge:fluid_type, minecraft:block_entity_type, forge:display_contexts, minecraft:block, forge:entity_data_serializers, minecraft:mob_effect, minecraft:stat_type, minecraft:menu, minecraft:enchantment, minecraft:fluid, minecraft:entity_type]
[26Dec2025 18:17:10.629] [Netty Server IO #1/DEBUG] [net.minecraftforge.network.NetworkRegistry/NETREGISTRY]: Channel 'fml:loginwrapper' : Version test of 'FML3' from client : ACCEPTED
[26Dec2025 18:17:10.629] [Netty Server IO #1/DEBUG] [net.minecraftforge.network.NetworkRegistry/NETREGISTRY]: Channel 'forge:tier_sorting' : Version test of '1.0' from client : ACCEPTED
[26Dec2025 18:17:10.629] [Netty Server IO #1/DEBUG] [net.minecraftforge.network.NetworkRegistry/NETREGISTRY]: Channel 'fml:handshake' : Version test of 'FML3' from client : ACCEPTED
[26Dec2025 18:17:10.630] [Netty Server IO #1/DEBUG] [net.minecraftforge.network.NetworkRegistry/NETREGISTRY]: Channel 'ponder:main' : Version test of '1' from client : ACCEPTED
[26Dec2025 18:17:10.630] [Netty Server IO #1/DEBUG] [net.minecraftforge.network.NetworkRegistry/NETREGISTRY]: Channel 'jei:channel' : Version test of '1.0.0' from client : ACCEPTED
[26Dec2025 18:17:10.630] [Netty Server IO #1/DEBUG] [net.minecraftforge.network.NetworkRegistry/NETREGISTRY]: Channel 'minecraft:unregister' : Version test of 'FML3' from client : ACCEPTED
[26Dec2025 18:17:10.630] [Netty Server IO #1/DEBUG] [net.minecraftforge.network.NetworkRegistry/NETREGISTRY]: Channel 'fml:play' : Version test of 'FML3' from client : ACCEPTED
[26Dec2025 18:17:10.630] [Netty Server IO #1/DEBUG] [net.minecraftforge.network.NetworkRegistry/NETREGISTRY]: Channel 'minecraft:register' : Version test of 'FML3' from client : ACCEPTED
[26Dec2025 18:17:10.630] [Netty Server IO #1/DEBUG] [net.minecraftforge.network.NetworkRegistry/NETREGISTRY]: Channel 'forge:split' : Version test of '1.1' from client : ACCEPTED
[26Dec2025 18:17:10.630] [Netty Server IO #1/DEBUG] [net.minecraftforge.network.NetworkRegistry/NETREGISTRY]: Channel 'create:main' : Version test of '3' from client : ACCEPTED
[26Dec2025 18:17:10.630] [Netty Server IO #1/DEBUG] [net.minecraftforge.network.NetworkRegistry/NETREGISTRY]: Accepting channel list from client
[26Dec2025 18:17:10.630] [Netty Server IO #1/DEBUG] [net.minecraftforge.network.HandshakeHandler/FMLHANDSHAKE]: Accepted client connection mod list
[26Dec2025 18:17:10.663] [Server thread/DEBUG] [net.minecraftforge.network.HandshakeHandler/FMLHANDSHAKE]: Sending ticking packet info 'Config create_dd-server.toml' to 'fml:handshake' sequence 2
[26Dec2025 18:17:10.665] [Netty Local Client IO #0/DEBUG] [net.minecraftforge.network.LoginWrapper/FMLHANDSHAKE]: Recieved login wrapper packet event for channel fml:handshake with index 2
[26Dec2025 18:17:10.665] [Netty Local Client IO #0/DEBUG] [net.minecraftforge.network.HandshakeHandler/FMLHANDSHAKE]: Received config sync from server
[26Dec2025 18:17:10.665] [Netty Local Client IO #0/DEBUG] [net.minecraftforge.network.LoginWrapper/FMLHANDSHAKE]: Dispatching wrapped packet reply for channel fml:handshake with index 2
[26Dec2025 18:17:10.666] [Netty Server IO #1/DEBUG] [net.minecraftforge.network.LoginWrapper/FMLHANDSHAKE]: Recieved login wrapper packet event for channel fml:handshake with index 2
[26Dec2025 18:17:10.666] [Netty Server IO #1/DEBUG] [net.minecraftforge.network.HandshakeHandler/FMLHANDSHAKE]: Received client indexed reply 2 of type net.minecraftforge.network.HandshakeMessages$C2SAcknowledge
[26Dec2025 18:17:10.666] [Netty Server IO #1/DEBUG] [net.minecraftforge.network.HandshakeHandler/FMLHANDSHAKE]: Received acknowledgement from client
[26Dec2025 18:17:10.711] [Server thread/DEBUG] [net.minecraftforge.network.HandshakeHandler/FMLHANDSHAKE]: Sending ticking packet info 'Config create-server.toml' to 'fml:handshake' sequence 3
[26Dec2025 18:17:10.712] [Netty Local Client IO #0/DEBUG] [net.minecraftforge.network.LoginWrapper/FMLHANDSHAKE]: Recieved login wrapper packet event for channel fml:handshake with index 3
[26Dec2025 18:17:10.712] [Netty Local Client IO #0/DEBUG] [net.minecraftforge.network.HandshakeHandler/FMLHANDSHAKE]: Received config sync from server
[26Dec2025 18:17:10.712] [Netty Local Client IO #0/DEBUG] [net.minecraftforge.network.LoginWrapper/FMLHANDSHAKE]: Dispatching wrapped packet reply for channel fml:handshake with index 3
[26Dec2025 18:17:10.713] [Netty Server IO #1/DEBUG] [net.minecraftforge.network.LoginWrapper/FMLHANDSHAKE]: Recieved login wrapper packet event for channel fml:handshake with index 3
[26Dec2025 18:17:10.713] [Netty Server IO #1/DEBUG] [net.minecraftforge.network.HandshakeHandler/FMLHANDSHAKE]: Received client indexed reply 3 of type net.minecraftforge.network.HandshakeMessages$C2SAcknowledge
[26Dec2025 18:17:10.713] [Netty Server IO #1/DEBUG] [net.minecraftforge.network.HandshakeHandler/FMLHANDSHAKE]: Received acknowledgement from client
[26Dec2025 18:17:10.760] [Server thread/DEBUG] [net.minecraftforge.network.HandshakeHandler/FMLHANDSHAKE]: Sending ticking packet info 'Config jei-server.toml' to 'fml:handshake' sequence 4
[26Dec2025 18:17:10.761] [Netty Local Client IO #0/DEBUG] [net.minecraftforge.network.LoginWrapper/FMLHANDSHAKE]: Recieved login wrapper packet event for channel fml:handshake with index 4
[26Dec2025 18:17:10.761] [Netty Local Client IO #0/DEBUG] [net.minecraftforge.network.HandshakeHandler/FMLHANDSHAKE]: Received config sync from server
[26Dec2025 18:17:10.761] [Netty Local Client IO #0/DEBUG] [net.minecraftforge.network.LoginWrapper/FMLHANDSHAKE]: Dispatching wrapped packet reply for channel fml:handshake with index 4
[26Dec2025 18:17:10.761] [Netty Server IO #1/DEBUG] [net.minecraftforge.network.LoginWrapper/FMLHANDSHAKE]: Recieved login wrapper packet event for channel fml:handshake with index 4
[26Dec2025 18:17:10.761] [Netty Server IO #1/DEBUG] [net.minecraftforge.network.HandshakeHandler/FMLHANDSHAKE]: Received client indexed reply 4 of type net.minecraftforge.network.HandshakeMessages$C2SAcknowledge
[26Dec2025 18:17:10.762] [Netty Server IO #1/DEBUG] [net.minecraftforge.network.HandshakeHandler/FMLHANDSHAKE]: Received acknowledgement from client
[26Dec2025 18:17:10.810] [Server thread/DEBUG] [net.minecraftforge.network.HandshakeHandler/FMLHANDSHAKE]: Sending ticking packet info 'Config forge-server.toml' to 'fml:handshake' sequence 5
[26Dec2025 18:17:10.811] [Netty Local Client IO #0/DEBUG] [net.minecraftforge.network.LoginWrapper/FMLHANDSHAKE]: Recieved login wrapper packet event for channel fml:handshake with index 5
[26Dec2025 18:17:10.811] [Netty Local Client IO #0/DEBUG] [net.minecraftforge.network.HandshakeHandler/FMLHANDSHAKE]: Received config sync from server
[26Dec2025 18:17:10.811] [Netty Local Client IO #0/DEBUG] [net.minecraftforge.network.LoginWrapper/FMLHANDSHAKE]: Dispatching wrapped packet reply for channel fml:handshake with index 5
[26Dec2025 18:17:10.811] [Netty Server IO #1/DEBUG] [net.minecraftforge.network.LoginWrapper/FMLHANDSHAKE]: Recieved login wrapper packet event for channel fml:handshake with index 5
[26Dec2025 18:17:10.811] [Netty Server IO #1/DEBUG] [net.minecraftforge.network.HandshakeHandler/FMLHANDSHAKE]: Received client indexed reply 5 of type net.minecraftforge.network.HandshakeMessages$C2SAcknowledge
[26Dec2025 18:17:10.811] [Netty Server IO #1/DEBUG] [net.minecraftforge.network.HandshakeHandler/FMLHANDSHAKE]: Received acknowledgement from client
[26Dec2025 18:17:10.859] [Server thread/DEBUG] [net.minecraftforge.network.HandshakeHandler/FMLHANDSHAKE]: Handshake complete!
[26Dec2025 18:17:10.911] [Netty Local Client IO #0/INFO] [net.minecraftforge.network.NetworkHooks/]: Connected to a modded server.
[26Dec2025 18:17:10.985] [Server thread/INFO] [net.minecraft.server.players.PlayerList/]: Dev[local:E:0ec2a3fb] logged in with entity id 1 at (17.72072265580816, -58.21549276465049, 7.719079548923951)
[26Dec2025 18:17:11.016] [Render thread/DEBUG] [mixin/]: Mixing ClientChunkCacheMixin from flywheel.impl.mixins.json into net.minecraft.client.multiplayer.ClientChunkCache
[26Dec2025 18:17:11.074] [Render thread/DEBUG] [com.simibubi.create.Create/]: Prepared Redstone Network Space for minecraft:overworld
[26Dec2025 18:17:11.074] [Render thread/DEBUG] [com.simibubi.create.Create/]: Prepared Kinetic Network Space for minecraft:overworld
[26Dec2025 18:17:11.093] [Server thread/INFO] [net.minecraft.server.MinecraftServer/]: Dev joined the game
[26Dec2025 18:17:11.102] [Render thread/DEBUG] [mixin/]: Mixing visualmanage.RebuildTaskMixin from flywheel.impl.mixins.json into net.minecraft.client.renderer.chunk.ChunkRenderDispatcher$RenderChunk$RebuildTask
[26Dec2025 18:17:11.227] [Render thread/INFO] [mezz.jei.forge.startup.StartEventObserver/]: JEI StartEventObserver received class net.minecraftforge.client.event.ClientPlayerNetworkEvent$LoggingIn
[26Dec2025 18:17:11.227] [Render thread/INFO] [mezz.jei.forge.startup.StartEventObserver/]: JEI StartEventObserver transitioning state from DISABLED to ENABLED
[26Dec2025 18:17:11.251] [Render thread/INFO] [flywheel/]: Started 10 worker threads
[26Dec2025 18:17:11.378] [Render thread/DEBUG] [mixin/]: Mixing ArmorTrimMixin from create.mixins.json into net.minecraft.world.item.armortrim.ArmorTrim
[26Dec2025 18:17:11.379] [Render thread/DEBUG] [mixin/]: Renaming synthetic method lambda$new$0(Ljava/lang/Boolean;Lnet/minecraft/world/item/ArmorMaterial;)Lnet/minecraft/resources/ResourceLocation; to mddef746$lambda$new$0$0 in create.mixins.json:ArmorTrimMixin
[26Dec2025 18:17:11.668] [Render thread/INFO] [mezz.jei.forge.startup.StartEventObserver/]: JEI StartEventObserver received class net.minecraftforge.client.event.RecipesUpdatedEvent
[26Dec2025 18:17:11.694] [Render thread/INFO] [mezz.jei.forge.startup.StartEventObserver/]: JEI StartEventObserver received class net.minecraftforge.event.TagsUpdatedEvent
[26Dec2025 18:17:11.694] [Render thread/INFO] [mezz.jei.forge.startup.StartEventObserver/]: JEI StartEventObserver transitioning state from ENABLED to JEI_STARTED
[26Dec2025 18:17:11.696] [Render thread/INFO] [mezz.jei.core.util.LoggedTimer/]: Starting JEI...
[26Dec2025 18:17:11.713] [Render thread/INFO] [mezz.jei.library.load.PluginCaller/]: Registering item subtypes...
[26Dec2025 18:17:11.713] [Render thread/DEBUG] [mezz.jei.library.load.PluginCallerTimerRunnable/]: Registering item subtypes: jei:minecraft...
[26Dec2025 18:17:11.726] [Render thread/INFO] [mezz.jei.library.load.PluginCallerTimerRunnable/]: Registering item subtypes: jei:minecraft took 12.41 milliseconds
[26Dec2025 18:17:11.726] [Render thread/DEBUG] [mezz.jei.library.load.PluginCallerTimerRunnable/]: Registering item subtypes: none:none...
[26Dec2025 18:17:11.726] [Render thread/DEBUG] [mezz.jei.library.load.PluginCallerTimerRunnable/]: Registering item subtypes: create_dd:jei_plugin...
[26Dec2025 18:17:11.726] [Render thread/DEBUG] [mezz.jei.library.load.PluginCallerTimerRunnable/]: Registering item subtypes: create:jei_plugin...
[26Dec2025 18:17:11.726] [Render thread/DEBUG] [mezz.jei.library.load.PluginCallerTimerRunnable/]: Registering item subtypes: jei:debug...
[26Dec2025 18:17:11.726] [Render thread/DEBUG] [mezz.jei.library.load.PluginCallerTimerRunnable/]: Registering item subtypes: jei:gui...
[26Dec2025 18:17:11.726] [Render thread/DEBUG] [mezz.jei.library.load.PluginCallerTimerRunnable/]: Registering item subtypes: jei:forge_gui...
[26Dec2025 18:17:11.726] [Render thread/DEBUG] [mezz.jei.library.load.PluginCallerTimerRunnable/]: Registering item subtypes: jei:internal...
[26Dec2025 18:17:11.727] [Render thread/INFO] [mezz.jei.library.load.PluginCaller/]: Registering item subtypes took 13.24 ms
[26Dec2025 18:17:11.728] [Render thread/INFO] [mezz.jei.library.load.PluginCaller/]: Registering fluid subtypes...
[26Dec2025 18:17:11.728] [Render thread/DEBUG] [mezz.jei.library.load.PluginCallerTimerRunnable/]: Registering fluid subtypes: jei:minecraft...
[26Dec2025 18:17:11.728] [Render thread/DEBUG] [mezz.jei.library.load.PluginCallerTimerRunnable/]: Registering fluid subtypes: none:none...
[26Dec2025 18:17:11.728] [Render thread/DEBUG] [mezz.jei.library.load.PluginCallerTimerRunnable/]: Registering fluid subtypes: create_dd:jei_plugin...
[26Dec2025 18:17:11.728] [Render thread/DEBUG] [mezz.jei.library.load.PluginCallerTimerRunnable/]: Registering fluid subtypes: create:jei_plugin...
[26Dec2025 18:17:11.731] [Render thread/DEBUG] [mezz.jei.library.load.PluginCallerTimerRunnable/]: Registering fluid subtypes: jei:debug...
[26Dec2025 18:17:11.733] [Render thread/DEBUG] [mezz.jei.library.load.PluginCallerTimerRunnable/]: Registering fluid subtypes: jei:gui...
[26Dec2025 18:17:11.733] [Render thread/DEBUG] [mezz.jei.library.load.PluginCallerTimerRunnable/]: Registering fluid subtypes: jei:forge_gui...
[26Dec2025 18:17:11.733] [Render thread/DEBUG] [mezz.jei.library.load.PluginCallerTimerRunnable/]: Registering fluid subtypes: jei:internal...
[26Dec2025 18:17:11.733] [Render thread/INFO] [mezz.jei.library.load.PluginCaller/]: Registering fluid subtypes took 5.855 ms
[26Dec2025 18:17:11.739] [Render thread/INFO] [mezz.jei.library.load.PluginCaller/]: Registering ingredients...
[26Dec2025 18:17:11.740] [Render thread/DEBUG] [mezz.jei.library.load.PluginCallerTimerRunnable/]: Registering ingredients: jei:minecraft...
[26Dec2025 18:17:11.768] [Render thread/DEBUG] [mezz.jei.library.plugins.vanilla.ingredients.ItemStackListFactory/]: Added  348/ 348 new items from 'Building Blocks' creative tab's displayItems
[26Dec2025 18:17:11.770] [Render thread/DEBUG] [mezz.jei.library.plugins.vanilla.ingredients.ItemStackListFactory/]: Added  198/ 198 new items from 'Colored Blocks' creative tab's displayItems
[26Dec2025 18:17:11.773] [Render thread/DEBUG] [mezz.jei.library.plugins.vanilla.ingredients.ItemStackListFactory/]: Added  202/ 226 new items from 'Natural Blocks' creative tab's displayItems
[26Dec2025 18:17:11.791] [Render thread/DEBUG] [mezz.jei.library.plugins.vanilla.ingredients.ItemStackListFactory/]: Added  117/ 196 new items from 'Functional Blocks' creative tab's displayItems
[26Dec2025 18:17:11.792] [Render thread/DEBUG] [mezz.jei.library.plugins.vanilla.ingredients.ItemStackListFactory/]: Added    0/ 196 new items from 'Functional Blocks' creative tab's searchTabDisplayItems
[26Dec2025 18:17:11.792] [Render thread/DEBUG] [mezz.jei.library.plugins.vanilla.ingredients.ItemStackListFactory/]: Added   28/  62 new items from 'Redstone Blocks' creative tab's displayItems
[26Dec2025 18:17:11.792] [Render thread/DEBUG] [mezz.jei.library.plugins.vanilla.ingredients.ItemStackListFactory/]: Skipping creative tab: 'Saved Hotbars' because it is type: HOTBAR
[26Dec2025 18:17:11.792] [Render thread/DEBUG] [mezz.jei.library.plugins.vanilla.ingredients.ItemStackListFactory/]: Skipping creative tab: 'Search Items' because it is type: SEARCH
[26Dec2025 18:17:11.800] [Render thread/DEBUG] [mezz.jei.library.plugins.vanilla.ingredients.ItemStackListFactory/]: Added   97/ 109 new items from 'Tools & Utilities' creative tab's displayItems
[26Dec2025 18:17:11.810] [Render thread/DEBUG] [mezz.jei.library.plugins.vanilla.ingredients.ItemStackListFactory/]: Added   86/  97 new items from 'Combat' creative tab's displayItems
[26Dec2025 18:17:11.819] [Render thread/DEBUG] [mezz.jei.library.plugins.vanilla.ingredients.ItemStackListFactory/]: Added  173/ 176 new items from 'Food & Drinks' creative tab's displayItems
[26Dec2025 18:17:11.844] [Render thread/DEBUG] [mezz.jei.library.plugins.vanilla.ingredients.ItemStackListFactory/]: Added  159/ 173 new items from 'Ingredients' creative tab's displayItems
[26Dec2025 18:17:11.845] [Render thread/DEBUG] [mezz.jei.library.plugins.vanilla.ingredients.ItemStackListFactory/]: Added   78/ 251 new items from 'Ingredients' creative tab's searchTabDisplayItems
[26Dec2025 18:17:11.846] [Render thread/DEBUG] [mezz.jei.library.plugins.vanilla.ingredients.ItemStackListFactory/]: Added   76/  76 new items from 'Spawn Eggs' creative tab's displayItems
[26Dec2025 18:17:11.846] [Render thread/WARN] [mezz.jei.library.plugins.vanilla.ingredients.ItemStackListFactory/]: Item Group has no display items and no search tab display items. Items from this group will be missing from the JEI ingredient list. Operator Utilities
[26Dec2025 18:17:11.846] [Render thread/DEBUG] [mezz.jei.library.plugins.vanilla.ingredients.ItemStackListFactory/]: Skipping creative tab: 'Survival Inventory' because it is type: INVENTORY
[26Dec2025 18:17:11.885] [Render thread/DEBUG] [mezz.jei.library.plugins.vanilla.ingredients.ItemStackListFactory/]: Added  359/ 359 new items from '' creative tab's displayItems
[26Dec2025 18:17:11.905] [Render thread/DEBUG] [mezz.jei.library.plugins.vanilla.ingredients.ItemStackListFactory/]: Added  204/ 204 new items from 'Create' creative tab's displayItems
[26Dec2025 18:17:11.906] [Render thread/DEBUG] [mezz.jei.library.plugins.vanilla.ingredients.ItemStackListFactory/]: Added   62/ 266 new items from 'Create' creative tab's searchTabDisplayItems
[26Dec2025 18:17:11.908] [Render thread/DEBUG] [mezz.jei.library.plugins.vanilla.ingredients.ItemStackListFactory/]: Added  377/ 377 new items from 'Create's Building Blocks' creative tab's displayItems
[26Dec2025 18:17:11.908] [Render thread/DEBUG] [mezz.jei.library.plugins.vanilla.ingredients.ItemStackListFactory/]: Added   15/ 392 new items from 'Create's Building Blocks' creative tab's searchTabDisplayItems
[26Dec2025 18:17:11.957] [Render thread/INFO] [mezz.jei.library.load.PluginCallerTimerRunnable/]: Registering ingredients: jei:minecraft took 217.0 milliseconds
[26Dec2025 18:17:11.957] [Render thread/DEBUG] [mezz.jei.library.load.PluginCallerTimerRunnable/]: Registering ingredients: none:none...
[26Dec2025 18:17:11.957] [Render thread/DEBUG] [mezz.jei.library.load.PluginCallerTimerRunnable/]: Registering ingredients: create_dd:jei_plugin...
[26Dec2025 18:17:11.957] [Render thread/DEBUG] [mezz.jei.library.load.PluginCallerTimerRunnable/]: Registering ingredients: create:jei_plugin...
[26Dec2025 18:17:11.957] [Render thread/DEBUG] [mezz.jei.library.load.PluginCallerTimerRunnable/]: Registering ingredients: jei:debug...
[26Dec2025 18:17:11.957] [Render thread/DEBUG] [mezz.jei.library.load.PluginCallerTimerRunnable/]: Registering ingredients: jei:gui...
[26Dec2025 18:17:11.957] [Render thread/DEBUG] [mezz.jei.library.load.PluginCallerTimerRunnable/]: Registering ingredients: jei:forge_gui...
[26Dec2025 18:17:11.957] [Render thread/DEBUG] [mezz.jei.library.load.PluginCallerTimerRunnable/]: Registering ingredients: jei:internal...
[26Dec2025 18:17:11.958] [Render thread/INFO] [mezz.jei.library.load.PluginCaller/]: Registering ingredients took 218.2 ms
[26Dec2025 18:17:11.959] [Render thread/INFO] [mezz.jei.library.load.PluginCaller/]: Registering extra ingredients...
[26Dec2025 18:17:11.959] [Render thread/DEBUG] [mezz.jei.library.load.PluginCallerTimerRunnable/]: Registering extra ingredients: jei:minecraft...
[26Dec2025 18:17:11.959] [Render thread/DEBUG] [mezz.jei.library.load.PluginCallerTimerRunnable/]: Registering extra ingredients: none:none...
[26Dec2025 18:17:11.959] [Render thread/DEBUG] [mezz.jei.library.load.PluginCallerTimerRunnable/]: Registering extra ingredients: create_dd:jei_plugin...
[26Dec2025 18:17:11.959] [Render thread/DEBUG] [mezz.jei.library.load.PluginCallerTimerRunnable/]: Registering extra ingredients: create:jei_plugin...
[26Dec2025 18:17:11.961] [Render thread/DEBUG] [mezz.jei.library.load.PluginCallerTimerRunnable/]: Registering extra ingredients: jei:debug...
[26Dec2025 18:17:11.961] [Render thread/DEBUG] [mezz.jei.library.load.PluginCallerTimerRunnable/]: Registering extra ingredients: jei:gui...
[26Dec2025 18:17:11.961] [Render thread/DEBUG] [mezz.jei.library.load.PluginCallerTimerRunnable/]: Registering extra ingredients: jei:forge_gui...
[26Dec2025 18:17:11.961] [Render thread/DEBUG] [mezz.jei.library.load.PluginCallerTimerRunnable/]: Registering extra ingredients: jei:internal...
[26Dec2025 18:17:11.962] [Render thread/INFO] [mezz.jei.library.load.PluginCaller/]: Registering extra ingredients took 3.194 ms
[26Dec2025 18:17:11.963] [Render thread/INFO] [mezz.jei.library.load.PluginCaller/]: Registering search ingredient aliases...
[26Dec2025 18:17:11.963] [Render thread/DEBUG] [mezz.jei.library.load.PluginCallerTimerRunnable/]: Registering search ingredient aliases: jei:minecraft...
[26Dec2025 18:17:11.963] [Render thread/DEBUG] [mezz.jei.library.load.PluginCallerTimerRunnable/]: Registering search ingredient aliases: none:none...
[26Dec2025 18:17:11.964] [Render thread/DEBUG] [mezz.jei.library.load.PluginCallerTimerRunnable/]: Registering search ingredient aliases: create_dd:jei_plugin...
[26Dec2025 18:17:11.964] [Render thread/DEBUG] [mezz.jei.library.load.PluginCallerTimerRunnable/]: Registering search ingredient aliases: create:jei_plugin...
[26Dec2025 18:17:11.964] [Render thread/DEBUG] [mezz.jei.library.load.PluginCallerTimerRunnable/]: Registering search ingredient aliases: jei:debug...
[26Dec2025 18:17:11.964] [Render thread/DEBUG] [mezz.jei.library.load.PluginCallerTimerRunnable/]: Registering search ingredient aliases: jei:gui...
[26Dec2025 18:17:11.964] [Render thread/DEBUG] [mezz.jei.library.load.PluginCallerTimerRunnable/]: Registering search ingredient aliases: jei:forge_gui...
[26Dec2025 18:17:11.964] [Render thread/DEBUG] [mezz.jei.library.load.PluginCallerTimerRunnable/]: Registering search ingredient aliases: jei:internal...
[26Dec2025 18:17:11.964] [Render thread/INFO] [mezz.jei.library.load.PluginCaller/]: Registering search ingredient aliases took 1.480 ms
[26Dec2025 18:17:12.012] [Render thread/INFO] [mezz.jei.library.load.PluginCaller/]: Registering categories...
[26Dec2025 18:17:12.012] [Render thread/DEBUG] [mezz.jei.library.load.PluginCallerTimerRunnable/]: Registering categories: jei:minecraft...
[26Dec2025 18:17:12.047] [Render thread/INFO] [mezz.jei.library.load.PluginCallerTimerRunnable/]: Registering categories: jei:minecraft took 34.76 milliseconds
[26Dec2025 18:17:12.047] [Render thread/DEBUG] [mezz.jei.library.load.PluginCallerTimerRunnable/]: Registering categories: none:none...
[26Dec2025 18:17:12.047] [Render thread/DEBUG] [mezz.jei.library.load.PluginCallerTimerRunnable/]: Registering categories: create_dd:jei_plugin...
[26Dec2025 18:17:12.066] [Render thread/INFO] [mezz.jei.library.load.PluginCallerTimerRunnable/]: Registering categories: create_dd:jei_plugin took 18.51 milliseconds
[26Dec2025 18:17:12.066] [Render thread/DEBUG] [mezz.jei.library.load.PluginCallerTimerRunnable/]: Registering categories: create:jei_plugin...
[26Dec2025 18:17:12.103] [Render thread/INFO] [mezz.jei.library.load.PluginCallerTimerRunnable/]: Registering categories: create:jei_plugin took 36.96 milliseconds
[26Dec2025 18:17:12.103] [Render thread/DEBUG] [mezz.jei.library.load.PluginCallerTimerRunnable/]: Registering categories: jei:debug...
[26Dec2025 18:17:12.103] [Render thread/DEBUG] [mezz.jei.library.load.PluginCallerTimerRunnable/]: Registering categories: jei:gui...
[26Dec2025 18:17:12.103] [Render thread/DEBUG] [mezz.jei.library.load.PluginCallerTimerRunnable/]: Registering categories: jei:forge_gui...
[26Dec2025 18:17:12.103] [Render thread/DEBUG] [mezz.jei.library.load.PluginCallerTimerRunnable/]: Registering categories: jei:internal...
[26Dec2025 18:17:12.109] [Render thread/INFO] [mezz.jei.library.load.PluginCaller/]: Registering categories took 97.58 ms
[26Dec2025 18:17:12.110] [Render thread/INFO] [mezz.jei.library.load.PluginCaller/]: Registering vanilla category extensions...
[26Dec2025 18:17:12.111] [Render thread/DEBUG] [mezz.jei.library.load.PluginCallerTimerRunnable/]: Registering vanilla category extensions: jei:minecraft...
[26Dec2025 18:17:12.114] [Render thread/DEBUG] [mezz.jei.library.load.PluginCallerTimerRunnable/]: Registering vanilla category extensions: none:none...
[26Dec2025 18:17:12.114] [Render thread/DEBUG] [mezz.jei.library.load.PluginCallerTimerRunnable/]: Registering vanilla category extensions: create_dd:jei_plugin...
[26Dec2025 18:17:12.114] [Render thread/DEBUG] [mezz.jei.library.load.PluginCallerTimerRunnable/]: Registering vanilla category extensions: create:jei_plugin...
[26Dec2025 18:17:12.114] [Render thread/DEBUG] [mezz.jei.library.load.PluginCallerTimerRunnable/]: Registering vanilla category extensions: jei:debug...
[26Dec2025 18:17:12.114] [Render thread/DEBUG] [mezz.jei.library.load.PluginCallerTimerRunnable/]: Registering vanilla category extensions: jei:gui...
[26Dec2025 18:17:12.114] [Render thread/DEBUG] [mezz.jei.library.load.PluginCallerTimerRunnable/]: Registering vanilla category extensions: jei:forge_gui...
[26Dec2025 18:17:12.114] [Render thread/DEBUG] [mezz.jei.library.load.PluginCallerTimerRunnable/]: Registering vanilla category extensions: jei:internal...
[26Dec2025 18:17:12.114] [Render thread/INFO] [mezz.jei.library.load.PluginCaller/]: Registering vanilla category extensions took 3.917 ms
[26Dec2025 18:17:12.115] [Render thread/INFO] [mezz.jei.library.load.PluginCaller/]: Registering recipe catalysts...
[26Dec2025 18:17:12.115] [Render thread/DEBUG] [mezz.jei.library.load.PluginCallerTimerRunnable/]: Registering recipe catalysts: jei:minecraft...
[26Dec2025 18:17:12.116] [Render thread/DEBUG] [mezz.jei.library.load.PluginCallerTimerRunnable/]: Registering recipe catalysts: none:none...
[26Dec2025 18:17:12.116] [Render thread/DEBUG] [mezz.jei.library.load.PluginCallerTimerRunnable/]: Registering recipe catalysts: create_dd:jei_plugin...
[26Dec2025 18:17:12.120] [Render thread/DEBUG] [mezz.jei.library.load.PluginCallerTimerRunnable/]: Registering recipe catalysts: create:jei_plugin...
[26Dec2025 18:17:12.121] [Render thread/DEBUG] [mezz.jei.library.load.PluginCallerTimerRunnable/]: Registering recipe catalysts: jei:debug...
[26Dec2025 18:17:12.121] [Render thread/DEBUG] [mezz.jei.library.load.PluginCallerTimerRunnable/]: Registering recipe catalysts: jei:gui...
[26Dec2025 18:17:12.121] [Render thread/DEBUG] [mezz.jei.library.load.PluginCallerTimerRunnable/]: Registering recipe catalysts: jei:forge_gui...
[26Dec2025 18:17:12.121] [Render thread/DEBUG] [mezz.jei.library.load.PluginCallerTimerRunnable/]: Registering recipe catalysts: jei:internal...
[26Dec2025 18:17:12.121] [Render thread/INFO] [mezz.jei.library.load.PluginCaller/]: Registering recipe catalysts took 5.933 ms
[26Dec2025 18:17:12.123] [Render thread/INFO] [mezz.jei.core.util.LoggedTimer/]: Building recipe registry...
[26Dec2025 18:17:12.139] [Render thread/INFO] [mezz.jei.core.util.LoggedTimer/]: Building recipe registry took 16.65 ms
[26Dec2025 18:17:12.142] [Render thread/INFO] [mezz.jei.library.load.PluginCaller/]: Registering advanced plugins...
[26Dec2025 18:17:12.142] [Render thread/DEBUG] [mezz.jei.library.load.PluginCallerTimerRunnable/]: Registering advanced plugins: jei:minecraft...
[26Dec2025 18:17:12.142] [Render thread/DEBUG] [mezz.jei.library.load.PluginCallerTimerRunnable/]: Registering advanced plugins: none:none...
[26Dec2025 18:17:12.142] [Render thread/DEBUG] [mezz.jei.library.load.PluginCallerTimerRunnable/]: Registering advanced plugins: create_dd:jei_plugin...
[26Dec2025 18:17:12.142] [Render thread/DEBUG] [mezz.jei.library.load.PluginCallerTimerRunnable/]: Registering advanced plugins: create:jei_plugin...
[26Dec2025 18:17:12.142] [Render thread/DEBUG] [mezz.jei.library.load.PluginCallerTimerRunnable/]: Registering advanced plugins: jei:debug...
[26Dec2025 18:17:12.142] [Render thread/DEBUG] [mezz.jei.library.load.PluginCallerTimerRunnable/]: Registering advanced plugins: jei:gui...
[26Dec2025 18:17:12.142] [Render thread/DEBUG] [mezz.jei.library.load.PluginCallerTimerRunnable/]: Registering advanced plugins: jei:forge_gui...
[26Dec2025 18:17:12.142] [Render thread/DEBUG] [mezz.jei.library.load.PluginCallerTimerRunnable/]: Registering advanced plugins: jei:internal...
[26Dec2025 18:17:12.143] [Render thread/INFO] [mezz.jei.library.load.PluginCaller/]: Registering advanced plugins took 775.1 μs
[26Dec2025 18:17:12.144] [Render thread/INFO] [mezz.jei.library.load.PluginCaller/]: Registering recipes...
[26Dec2025 18:17:12.144] [Render thread/DEBUG] [mezz.jei.library.load.PluginCallerTimerRunnable/]: Registering recipes: jei:minecraft...
[26Dec2025 18:17:12.168] [Render thread/DEBUG] [mezz.jei.library.recipes.RecipeManagerInternal/]: Adding recipes: RecipeType[uid=minecraft:crafting, recipeClass=interface net.minecraft.world.item.crafting.CraftingRecipe]
[26Dec2025 18:17:12.289] [Render thread/DEBUG] [mezz.jei.library.recipes.RecipeManagerInternal/]: Adding recipes: RecipeType[uid=minecraft:crafting, recipeClass=interface net.minecraft.world.item.crafting.CraftingRecipe]
[26Dec2025 18:17:12.296] [Render thread/DEBUG] [mezz.jei.library.recipes.RecipeManagerInternal/]: Adding recipes: RecipeType[uid=minecraft:stonecutting, recipeClass=class net.minecraft.world.item.crafting.StonecutterRecipe]
[26Dec2025 18:17:12.323] [Render thread/DEBUG] [mezz.jei.library.recipes.RecipeManagerInternal/]: Adding recipes: RecipeType[uid=minecraft:furnace, recipeClass=class net.minecraft.world.item.crafting.SmeltingRecipe]
[26Dec2025 18:17:12.325] [Render thread/DEBUG] [mezz.jei.library.recipes.RecipeManagerInternal/]: Adding recipes: RecipeType[uid=minecraft:smoking, recipeClass=class net.minecraft.world.item.crafting.SmokingRecipe]
[26Dec2025 18:17:12.325] [Render thread/DEBUG] [mezz.jei.library.recipes.RecipeManagerInternal/]: Adding recipes: RecipeType[uid=minecraft:blasting, recipeClass=class net.minecraft.world.item.crafting.BlastingRecipe]
[26Dec2025 18:17:12.326] [Render thread/DEBUG] [mezz.jei.library.recipes.RecipeManagerInternal/]: Adding recipes: RecipeType[uid=minecraft:campfire, recipeClass=class net.minecraft.world.item.crafting.CampfireCookingRecipe]
[26Dec2025 18:17:12.336] [Render thread/DEBUG] [mezz.jei.library.recipes.RecipeManagerInternal/]: Adding recipes: RecipeType[uid=minecraft:fuel, recipeClass=interface mezz.jei.api.recipe.vanilla.IJeiFuelingRecipe]
[26Dec2025 18:17:12.373] [Render thread/DEBUG] [mezz.jei.library.recipes.RecipeManagerInternal/]: Adding recipes: RecipeType[uid=minecraft:anvil, recipeClass=interface mezz.jei.api.recipe.vanilla.IJeiAnvilRecipe]
[26Dec2025 18:17:12.433] [Render thread/DEBUG] [mezz.jei.library.recipes.RecipeManagerInternal/]: Adding recipes: RecipeType[uid=minecraft:smithing, recipeClass=interface net.minecraft.world.item.crafting.SmithingRecipe]
[26Dec2025 18:17:12.466] [Render thread/DEBUG] [mezz.jei.library.recipes.RecipeManagerInternal/]: Adding recipes: RecipeType[uid=minecraft:compostable, recipeClass=interface mezz.jei.api.recipe.vanilla.IJeiCompostingRecipe]
[26Dec2025 18:17:12.555] [Render thread/DEBUG] [mezz.jei.library.recipes.RecipeManagerInternal/]: Adding recipes: RecipeType[uid=minecraft:brewing, recipeClass=interface mezz.jei.api.recipe.vanilla.IJeiBrewingRecipe]
[26Dec2025 18:17:12.563] [Render thread/INFO] [mezz.jei.library.load.PluginCallerTimerRunnable/]: Registering recipes: jei:minecraft took 417.7 milliseconds
[26Dec2025 18:17:12.563] [Render thread/DEBUG] [mezz.jei.library.load.PluginCallerTimerRunnable/]: Registering recipes: none:none...
[26Dec2025 18:17:12.563] [Render thread/DEBUG] [mezz.jei.library.load.PluginCallerTimerRunnable/]: Registering recipes: create_dd:jei_plugin...
[26Dec2025 18:17:12.565] [Render thread/DEBUG] [mezz.jei.library.recipes.RecipeManagerInternal/]: Adding recipes: RecipeType[uid=create_dd:industrial_fan_freezing, recipeClass=class uwu.lopyluna.create_dd.recipe.Recipes.FreezingRecipe]
[26Dec2025 18:17:12.568] [Render thread/DEBUG] [mezz.jei.library.recipes.RecipeManagerInternal/]: Adding recipes: RecipeType[uid=create_dd:industrial_fan_superheating, recipeClass=class uwu.lopyluna.create_dd.recipe.Recipes.SuperheatingRecipe]
[26Dec2025 18:17:12.569] [Render thread/DEBUG] [mezz.jei.library.recipes.RecipeManagerInternal/]: Adding recipes: RecipeType[uid=create_dd:also_mystery_conversion, recipeClass=class com.simibubi.create.compat.jei.ConversionRecipe]
[26Dec2025 18:17:12.569] [Render thread/DEBUG] [mezz.jei.library.load.PluginCallerTimerRunnable/]: Registering recipes: create:jei_plugin...
[26Dec2025 18:17:12.570] [Render thread/DEBUG] [mezz.jei.library.recipes.RecipeManagerInternal/]: Adding recipes: RecipeType[uid=create:milling, recipeClass=class com.simibubi.create.content.kinetics.crusher.AbstractCrushingRecipe]
[26Dec2025 18:17:12.574] [Render thread/DEBUG] [mezz.jei.library.recipes.RecipeManagerInternal/]: Adding recipes: RecipeType[uid=create:crushing, recipeClass=class com.simibubi.create.content.kinetics.crusher.AbstractCrushingRecipe]
[26Dec2025 18:17:12.583] [Render thread/DEBUG] [mezz.jei.library.recipes.RecipeManagerInternal/]: Adding recipes: RecipeType[uid=create:pressing, recipeClass=class com.simibubi.create.content.kinetics.press.PressingRecipe]
[26Dec2025 18:17:12.584] [Render thread/DEBUG] [mezz.jei.library.recipes.RecipeManagerInternal/]: Adding recipes: RecipeType[uid=create:fan_washing, recipeClass=class com.simibubi.create.content.kinetics.fan.processing.SplashingRecipe]
[26Dec2025 18:17:12.584] [Render thread/DEBUG] [mezz.jei.library.recipes.RecipeManagerInternal/]: Adding recipes: RecipeType[uid=create:fan_smoking, recipeClass=class net.minecraft.world.item.crafting.SmokingRecipe]
[26Dec2025 18:17:12.594] [Render thread/DEBUG] [mezz.jei.library.recipes.RecipeManagerInternal/]: Adding recipes: RecipeType[uid=create:fan_blasting, recipeClass=class net.minecraft.world.item.crafting.AbstractCookingRecipe]
[26Dec2025 18:17:12.595] [Render thread/DEBUG] [mezz.jei.library.recipes.RecipeManagerInternal/]: Adding recipes: RecipeType[uid=create:fan_haunting, recipeClass=class com.simibubi.create.content.kinetics.fan.processing.HauntingRecipe]
[26Dec2025 18:17:12.596] [Render thread/DEBUG] [mezz.jei.library.recipes.RecipeManagerInternal/]: Adding recipes: RecipeType[uid=create:mixing, recipeClass=class com.simibubi.create.content.processing.basin.BasinRecipe]
[26Dec2025 18:17:12.609] [Render thread/DEBUG] [mezz.jei.library.recipes.RecipeManagerInternal/]: Adding recipes: RecipeType[uid=create:automatic_shapeless, recipeClass=class com.simibubi.create.content.processing.basin.BasinRecipe]
[26Dec2025 18:17:12.635] [Render thread/DEBUG] [mezz.jei.library.recipes.RecipeManagerInternal/]: Adding recipes: RecipeType[uid=create:automatic_brewing, recipeClass=class com.simibubi.create.content.processing.basin.BasinRecipe]
[26Dec2025 18:17:12.642] [Render thread/DEBUG] [mezz.jei.library.recipes.RecipeManagerInternal/]: Adding recipes: RecipeType[uid=create:packing, recipeClass=class com.simibubi.create.content.processing.basin.BasinRecipe]
[26Dec2025 18:17:12.646] [Render thread/DEBUG] [mezz.jei.library.recipes.RecipeManagerInternal/]: Adding recipes: RecipeType[uid=create:automatic_packing, recipeClass=class com.simibubi.create.content.processing.basin.BasinRecipe]
[26Dec2025 18:17:12.649] [Render thread/DEBUG] [mezz.jei.library.recipes.RecipeManagerInternal/]: Adding recipes: RecipeType[uid=create:sawing, recipeClass=class com.simibubi.create.content.kinetics.saw.CuttingRecipe]
[26Dec2025 18:17:12.663] [Render thread/DEBUG] [mezz.jei.library.recipes.RecipeManagerInternal/]: Adding recipes: RecipeType[uid=create:block_cutting, recipeClass=class com.simibubi.create.compat.jei.category.BlockCuttingCategory$CondensedBlockCuttingRecipe]
[26Dec2025 18:17:12.667] [Render thread/DEBUG] [mezz.jei.library.recipes.RecipeManagerInternal/]: Adding recipes: RecipeType[uid=create:sandpaper_polishing, recipeClass=class com.simibubi.create.content.equipment.sandPaper.SandPaperPolishingRecipe]
[26Dec2025 18:17:12.670] [Render thread/DEBUG] [mezz.jei.library.recipes.RecipeManagerInternal/]: Adding recipes: RecipeType[uid=create:item_application, recipeClass=class com.simibubi.create.content.kinetics.deployer.ItemApplicationRecipe]
[26Dec2025 18:17:12.675] [Render thread/DEBUG] [mezz.jei.library.recipes.RecipeManagerInternal/]: Adding recipes: RecipeType[uid=create:deploying, recipeClass=class com.simibubi.create.content.kinetics.deployer.DeployerApplicationRecipe]
[26Dec2025 18:17:12.704] [Render thread/DEBUG] [mezz.jei.library.recipes.RecipeManagerInternal/]: Adding recipes: RecipeType[uid=create:spout_filling, recipeClass=class com.simibubi.create.content.fluids.transfer.FillingRecipe]
[26Dec2025 18:17:12.713] [Render thread/DEBUG] [mezz.jei.library.recipes.RecipeManagerInternal/]: Adding recipes: RecipeType[uid=create:draining, recipeClass=class com.simibubi.create.content.fluids.transfer.EmptyingRecipe]
[26Dec2025 18:17:12.721] [Render thread/DEBUG] [mezz.jei.library.recipes.RecipeManagerInternal/]: Adding recipes: RecipeType[uid=create:automatic_shaped, recipeClass=interface net.minecraft.world.item.crafting.CraftingRecipe]
[26Dec2025 18:17:12.773] [Render thread/DEBUG] [mezz.jei.library.recipes.RecipeManagerInternal/]: Adding recipes: RecipeType[uid=create:mechanical_crafting, recipeClass=interface net.minecraft.world.item.crafting.CraftingRecipe]
[26Dec2025 18:17:12.774] [Render thread/DEBUG] [mezz.jei.library.recipes.RecipeManagerInternal/]: Adding recipes: RecipeType[uid=create:sequenced_assembly, recipeClass=class com.simibubi.create.content.processing.sequenced.SequencedAssemblyRecipe]
[26Dec2025 18:17:12.789] [Render thread/DEBUG] [mezz.jei.library.recipes.RecipeManagerInternal/]: Adding recipes: RecipeType[uid=create:mystery_conversion, recipeClass=class com.simibubi.create.compat.jei.ConversionRecipe]
[26Dec2025 18:17:12.794] [Render thread/DEBUG] [mezz.jei.library.recipes.RecipeManagerInternal/]: Adding recipes: RecipeType[uid=minecraft:crafting, recipeClass=interface net.minecraft.world.item.crafting.CraftingRecipe]
[26Dec2025 18:17:12.796] [Render thread/INFO] [mezz.jei.library.load.PluginCallerTimerRunnable/]: Registering recipes: create:jei_plugin took 226.3 milliseconds
[26Dec2025 18:17:12.796] [Render thread/DEBUG] [mezz.jei.library.load.PluginCallerTimerRunnable/]: Registering recipes: jei:debug...
[26Dec2025 18:17:12.796] [Render thread/DEBUG] [mezz.jei.library.load.PluginCallerTimerRunnable/]: Registering recipes: jei:gui...
[26Dec2025 18:17:12.796] [Render thread/DEBUG] [mezz.jei.library.load.PluginCallerTimerRunnable/]: Registering recipes: jei:forge_gui...
[26Dec2025 18:17:12.796] [Render thread/DEBUG] [mezz.jei.library.load.PluginCallerTimerRunnable/]: Registering recipes: jei:internal...
[26Dec2025 18:17:12.802] [Render thread/DEBUG] [mezz.jei.library.plugins.jei.tags.TagInfoRecipeMaker/]: No valid ingredients found for minecraft:fluid tag: #create_dd:fan_processing_catalysts_freezing (create_dd:fan_processing_catalysts_freezing)
[26Dec2025 18:17:12.802] [Render thread/DEBUG] [mezz.jei.library.plugins.jei.tags.TagInfoRecipeMaker/]: No valid ingredients found for minecraft:fluid tag: #create_dd:fan_processing_catalysts_superheating (create_dd:fan_processing_catalysts_superheating)
[26Dec2025 18:17:12.802] [Render thread/DEBUG] [mezz.jei.library.recipes.RecipeManagerInternal/]: Adding recipes: RecipeType[uid=minecraft:tag_recipes/fluid, recipeClass=interface mezz.jei.library.plugins.jei.tags.ITagInfoRecipe]
[26Dec2025 18:17:12.806] [Render thread/DEBUG] [mezz.jei.library.plugins.jei.tags.TagInfoRecipeMaker/]: No valid ingredients found for minecraft:block tag: #minecraft:portals (minecraft:portals)
[26Dec2025 18:17:12.807] [Render thread/DEBUG] [mezz.jei.library.plugins.jei.tags.TagInfoRecipeMaker/]: No valid ingredients found for minecraft:block tag: #minecraft:invalid_spawn_inside (minecraft:invalid_spawn_inside)
[26Dec2025 18:17:12.809] [Render thread/DEBUG] [mezz.jei.library.plugins.jei.tags.TagInfoRecipeMaker/]: No valid ingredients found for minecraft:block tag: #minecraft:candle_cakes (minecraft:candle_cakes)
[26Dec2025 18:17:12.810] [Render thread/DEBUG] [mezz.jei.library.plugins.jei.tags.TagInfoRecipeMaker/]: No valid ingredients found for minecraft:block tag: #create_dd:bronze_saw_immune (create_dd:bronze_saw_immune)
[26Dec2025 18:17:12.811] [Render thread/DEBUG] [mezz.jei.library.plugins.jei.tags.TagInfoRecipeMaker/]: No valid ingredients found for minecraft:block tag: #forge:enderman_place_on_blacklist (forge:enderman_place_on_blacklist)
[26Dec2025 18:17:12.811] [Render thread/DEBUG] [mezz.jei.library.plugins.jei.tags.TagInfoRecipeMaker/]: No valid ingredients found for minecraft:block tag: #minecraft:strider_warm_blocks (minecraft:strider_warm_blocks)
[26Dec2025 18:17:12.812] [Render thread/DEBUG] [mezz.jei.library.plugins.jei.tags.TagInfoRecipeMaker/]: No valid ingredients found for minecraft:block tag: #minecraft:fire (minecraft:fire)
[26Dec2025 18:17:12.813] [Render thread/DEBUG] [mezz.jei.library.plugins.jei.tags.TagInfoRecipeMaker/]: No valid ingredients found for minecraft:block tag: #create_dd:bronze_saw_valid (create_dd:bronze_saw_valid)
[26Dec2025 18:17:12.814] [Render thread/DEBUG] [mezz.jei.library.plugins.jei.tags.TagInfoRecipeMaker/]: No valid ingredients found for minecraft:block tag: Non-harvestable (create:non_harvestable)
[26Dec2025 18:17:12.816] [Render thread/DEBUG] [mezz.jei.library.recipes.RecipeManagerInternal/]: Adding recipes: RecipeType[uid=minecraft:tag_recipes/block, recipeClass=interface mezz.jei.library.plugins.jei.tags.ITagInfoRecipe]
[26Dec2025 18:17:12.875] [Render thread/DEBUG] [mezz.jei.library.plugins.jei.tags.TagInfoRecipeMaker/]: No valid ingredients found for minecraft:item tag: #create:stone_types/galosphere/allurite (create:stone_types/galosphere/allurite)
[26Dec2025 18:17:12.876] [Render thread/DEBUG] [mezz.jei.library.plugins.jei.tags.TagInfoRecipeMaker/]: No valid ingredients found for minecraft:item tag: #create:stone_types/galosphere/lumiere (create:stone_types/galosphere/lumiere)
[26Dec2025 18:17:12.877] [Render thread/DEBUG] [mezz.jei.library.plugins.jei.tags.TagInfoRecipeMaker/]: No valid ingredients found for minecraft:item tag: #create:upgrade_aquatic/coral (create:upgrade_aquatic/coral)
[26Dec2025 18:17:12.877] [Render thread/DEBUG] [mezz.jei.library.plugins.jei.tags.TagInfoRecipeMaker/]: No valid ingredients found for minecraft:item tag: #create:stone_types/galosphere/amethyst (create:stone_types/galosphere/amethyst)
[26Dec2025 18:17:12.878] [Render thread/DEBUG] [mezz.jei.library.recipes.RecipeManagerInternal/]: Adding recipes: RecipeType[uid=minecraft:tag_recipes/item, recipeClass=interface mezz.jei.library.plugins.jei.tags.ITagInfoRecipe]
[26Dec2025 18:17:12.900] [Render thread/INFO] [mezz.jei.library.load.PluginCallerTimerRunnable/]: Registering recipes: jei:internal took 104.3 milliseconds
[26Dec2025 18:17:12.901] [Render thread/INFO] [mezz.jei.library.load.PluginCaller/]: Registering recipes took 756.7 ms
[26Dec2025 18:17:12.921] [Render thread/INFO] [mezz.jei.library.load.PluginCaller/]: Registering recipes transfer handlers...
[26Dec2025 18:17:12.921] [Render thread/DEBUG] [mezz.jei.library.load.PluginCallerTimerRunnable/]: Registering recipes transfer handlers: jei:minecraft...
[26Dec2025 18:17:12.929] [Render thread/DEBUG] [mezz.jei.library.load.PluginCallerTimerRunnable/]: Registering recipes transfer handlers: none:none...
[26Dec2025 18:17:12.929] [Render thread/DEBUG] [mezz.jei.library.load.PluginCallerTimerRunnable/]: Registering recipes transfer handlers: create_dd:jei_plugin...
[26Dec2025 18:17:12.931] [Render thread/DEBUG] [mezz.jei.library.load.PluginCallerTimerRunnable/]: Registering recipes transfer handlers: create:jei_plugin...
[26Dec2025 18:17:12.934] [Render thread/DEBUG] [mezz.jei.library.load.PluginCallerTimerRunnable/]: Registering recipes transfer handlers: jei:debug...
[26Dec2025 18:17:12.934] [Render thread/DEBUG] [mezz.jei.library.load.PluginCallerTimerRunnable/]: Registering recipes transfer handlers: jei:gui...
[26Dec2025 18:17:12.934] [Render thread/DEBUG] [mezz.jei.library.load.PluginCallerTimerRunnable/]: Registering recipes transfer handlers: jei:forge_gui...
[26Dec2025 18:17:12.934] [Render thread/DEBUG] [mezz.jei.library.load.PluginCallerTimerRunnable/]: Registering recipes transfer handlers: jei:internal...
[26Dec2025 18:17:12.934] [Render thread/INFO] [mezz.jei.library.load.PluginCaller/]: Registering recipes transfer handlers took 13.18 ms
[26Dec2025 18:17:12.952] [Render thread/INFO] [mezz.jei.core.util.LoggedTimer/]: Building runtime...
[26Dec2025 18:17:12.967] [Render thread/INFO] [mezz.jei.library.load.PluginCaller/]: Registering gui handlers...
[26Dec2025 18:17:12.968] [Render thread/DEBUG] [mezz.jei.library.load.PluginCallerTimerRunnable/]: Registering gui handlers: jei:minecraft...
[26Dec2025 18:17:12.977] [Render thread/DEBUG] [mezz.jei.library.load.PluginCallerTimerRunnable/]: Registering gui handlers: none:none...
[26Dec2025 18:17:12.977] [Render thread/DEBUG] [mezz.jei.library.load.PluginCallerTimerRunnable/]: Registering gui handlers: create_dd:jei_plugin...
[26Dec2025 18:17:12.977] [Render thread/DEBUG] [mezz.jei.library.load.PluginCallerTimerRunnable/]: Registering gui handlers: create:jei_plugin...
[26Dec2025 18:17:12.980] [Render thread/DEBUG] [mezz.jei.library.load.PluginCallerTimerRunnable/]: Registering gui handlers: jei:debug...
[26Dec2025 18:17:12.980] [Render thread/DEBUG] [mezz.jei.library.load.PluginCallerTimerRunnable/]: Registering gui handlers: jei:gui...
[26Dec2025 18:17:12.998] [Render thread/INFO] [mezz.jei.library.load.PluginCallerTimerRunnable/]: Registering gui handlers: jei:gui took 17.20 milliseconds
[26Dec2025 18:17:12.998] [Render thread/DEBUG] [mezz.jei.library.load.PluginCallerTimerRunnable/]: Registering gui handlers: jei:forge_gui...
[26Dec2025 18:17:12.998] [Render thread/DEBUG] [mezz.jei.library.load.PluginCallerTimerRunnable/]: Registering gui handlers: jei:internal...
[26Dec2025 18:17:12.998] [Render thread/INFO] [mezz.jei.library.load.PluginCaller/]: Registering gui handlers took 30.46 ms
[26Dec2025 18:17:13.013] [Render thread/INFO] [mezz.jei.library.load.PluginCaller/]: Registering Runtime...
[26Dec2025 18:17:13.013] [Render thread/DEBUG] [mezz.jei.library.load.PluginCallerTimerRunnable/]: Registering Runtime: jei:minecraft...
[26Dec2025 18:17:13.014] [Render thread/DEBUG] [mezz.jei.library.load.PluginCallerTimerRunnable/]: Registering Runtime: none:none...
[26Dec2025 18:17:13.014] [Render thread/DEBUG] [mezz.jei.library.load.PluginCallerTimerRunnable/]: Registering Runtime: create_dd:jei_plugin...
[26Dec2025 18:17:13.014] [Render thread/DEBUG] [mezz.jei.library.load.PluginCallerTimerRunnable/]: Registering Runtime: create:jei_plugin...
[26Dec2025 18:17:13.014] [Render thread/DEBUG] [mezz.jei.library.load.PluginCallerTimerRunnable/]: Registering Runtime: jei:debug...
[26Dec2025 18:17:13.014] [Render thread/DEBUG] [mezz.jei.library.load.PluginCallerTimerRunnable/]: Registering Runtime: jei:gui...
[26Dec2025 18:17:13.014] [Render thread/DEBUG] [mezz.jei.library.load.PluginCallerTimerRunnable/]: Registering Runtime: jei:forge_gui...
[26Dec2025 18:17:13.017] [Render thread/INFO] [mezz.jei.gui.startup.JeiGuiStarter/]: Starting JEI GUI
[26Dec2025 18:17:13.019] [Render thread/INFO] [mezz.jei.core.util.LoggedTimer/]: Building ingredient list...
[26Dec2025 18:17:13.021] [Render thread/DEBUG] [mezz.jei.gui.ingredients.IngredientListElementFactory/]: Registering ingredients: ItemStack
[26Dec2025 18:17:13.067] [Render thread/DEBUG] [mezz.jei.gui.ingredients.IngredientListElementFactory/]: Registering ingredients: FluidStack
[26Dec2025 18:17:13.070] [Render thread/INFO] [mezz.jei.core.util.LoggedTimer/]: Building ingredient list took 50.22 ms
[26Dec2025 18:17:13.070] [Render thread/INFO] [mezz.jei.core.util.LoggedTimer/]: Building ingredient filter...
[26Dec2025 18:17:13.181] [Render thread/INFO] [mezz.jei.gui.ingredients.IngredientFilter/]: Adding 2622 ingredients
[26Dec2025 18:17:13.354] [Render thread/DEBUG] [io.netty.util.internal.ThreadLocalRandom/]: -Dio.netty.initialSeedUniquifier: 0xc3620e7e30597830
[26Dec2025 18:17:13.539] [Render thread/INFO] [mezz.jei.gui.ingredients.IngredientFilter/]: Added 2622 ingredients
[26Dec2025 18:17:13.540] [Render thread/INFO] [mezz.jei.core.util.LoggedTimer/]: Building ingredient filter took 471.2 ms
[26Dec2025 18:17:13.818] [Render thread/INFO] [mezz.jei.library.load.PluginCallerTimerRunnable/]: Registering Runtime: jei:forge_gui took 803.7 milliseconds
[26Dec2025 18:17:13.818] [Render thread/DEBUG] [mezz.jei.library.load.PluginCallerTimerRunnable/]: Registering Runtime: jei:internal...
[26Dec2025 18:17:13.819] [Render thread/INFO] [mezz.jei.library.load.PluginCaller/]: Registering Runtime took 804.9 ms
[26Dec2025 18:17:13.821] [Render thread/INFO] [mezz.jei.core.util.LoggedTimer/]: Building runtime took 869.3 ms
[26Dec2025 18:17:13.822] [Render thread/INFO] [mezz.jei.library.load.PluginCaller/]: Sending Runtime...
[26Dec2025 18:17:13.823] [Render thread/DEBUG] [mezz.jei.library.load.PluginCallerTimerRunnable/]: Sending Runtime: jei:minecraft...
[26Dec2025 18:17:13.823] [Render thread/DEBUG] [mezz.jei.library.load.PluginCallerTimerRunnable/]: Sending Runtime: none:none...
[26Dec2025 18:17:13.823] [Render thread/DEBUG] [mezz.jei.library.load.PluginCallerTimerRunnable/]: Sending Runtime: create_dd:jei_plugin...
[26Dec2025 18:17:13.823] [Render thread/DEBUG] [mezz.jei.library.load.PluginCallerTimerRunnable/]: Sending Runtime: create:jei_plugin...
[26Dec2025 18:17:13.823] [Render thread/DEBUG] [mezz.jei.library.load.PluginCallerTimerRunnable/]: Sending Runtime: jei:debug...
[26Dec2025 18:17:13.823] [Render thread/DEBUG] [mezz.jei.library.load.PluginCallerTimerRunnable/]: Sending Runtime: jei:gui...
[26Dec2025 18:17:13.823] [Render thread/DEBUG] [mezz.jei.library.load.PluginCallerTimerRunnable/]: Sending Runtime: jei:forge_gui...
[26Dec2025 18:17:13.823] [Render thread/DEBUG] [mezz.jei.library.load.PluginCallerTimerRunnable/]: Sending Runtime: jei:internal...
[26Dec2025 18:17:13.823] [Render thread/INFO] [mezz.jei.library.load.PluginCaller/]: Sending Runtime took 1.094 ms
[26Dec2025 18:17:13.824] [Render thread/INFO] [mezz.jei.core.util.LoggedTimer/]: Starting JEI took 2.128 s
[26Dec2025 18:17:13.937] [Render thread/DEBUG] [mixin/]: Mixing ProjectileUtilMixin from create.mixins.json into net.minecraft.world.entity.projectile.ProjectileUtil
[26Dec2025 18:17:14.457] [Render thread/INFO] [net.minecraft.advancements.AdvancementList/]: Loaded 206 advancements
[26Dec2025 18:17:14.955] [Render thread/DEBUG] [flywheel/backend/shaders/]: Compiled culling/create_instance_cull_rotating in 20.886 ms
[26Dec2025 18:17:14.960] [Render thread/DEBUG] [flywheel/backend/shaders/]: Linked dev.engine_room.flywheel.lib.instance.SimpleInstanceType@5379ea49 in 25.321 ms
[26Dec2025 18:17:14.973] [Render thread/DEBUG] [flywheel/backend/shaders/]: Compiled culling/flywheel_instance_cull_transformed in 2.710 ms
[26Dec2025 18:17:14.974] [Render thread/DEBUG] [flywheel/backend/shaders/]: Linked dev.engine_room.flywheel.lib.instance.SimpleInstanceType@6c5e37f1 in 3.701 ms
[26Dec2025 18:17:14.977] [Render thread/DEBUG] [flywheel/backend/shaders/]: Compiled culling/flywheel_instance_cull_oriented in 2.506 ms
[26Dec2025 18:17:14.982] [Render thread/DEBUG] [flywheel/backend/shaders/]: Linked dev.engine_room.flywheel.lib.instance.SimpleInstanceType@59c05767 in 6.920 ms
[26Dec2025 18:17:15.005] [Render thread/DEBUG] [flywheel/backend/shaders/]: Compiled utilities/flywheel_internal_indirect_scatter in 644.700 μs
[26Dec2025 18:17:15.005] [Render thread/DEBUG] [flywheel/backend/shaders/]: Linked flywheel:internal/indirect/scatter.glsl in 1.324 ms
[26Dec2025 18:17:15.009] [Render thread/DEBUG] [flywheel/backend/shaders/]: Compiled utilities/flywheel_internal_indirect_downsample_first in 576.400 μs
[26Dec2025 18:17:15.010] [Render thread/DEBUG] [flywheel/backend/shaders/]: Linked flywheel:internal/indirect/downsample_first.glsl in 1.176 ms
[26Dec2025 18:17:15.011] [Render thread/DEBUG] [flywheel/backend/shaders/]: Compiled utilities/flywheel_internal_indirect_downsample_second in 1.413 ms
[26Dec2025 18:17:15.013] [Render thread/DEBUG] [flywheel/backend/shaders/]: Linked flywheel:internal/indirect/downsample_second.glsl in 2.627 ms
[26Dec2025 18:17:15.017] [Render thread/DEBUG] [flywheel/backend/shaders/]: Compiled utilities/flywheel_internal_indirect_apply in 470.500 μs
[26Dec2025 18:17:15.017] [Render thread/DEBUG] [flywheel/backend/shaders/]: Linked flywheel:internal/indirect/apply.glsl in 900.200 μs
[26Dec2025 18:17:15.023] [Render thread/DEBUG] [flywheel/backend/shaders/]: Compiled pipeline/indirect/create_instance_rotating/flywheel_material_default_default in 2.027 ms
[26Dec2025 18:17:15.031] [Render thread/DEBUG] [flywheel/backend/shaders/]: Compiled pipeline/indirect/frag/flywheel_material_default/flywheel_light_smooth_when_embedded_default in 8.126 ms
[26Dec2025 18:17:15.033] [Render thread/DEBUG] [dev.engine_room.flywheel.backend.gl.shader.GlProgram/]: No active uniform '_flw_depthRange' exists. Could be unused.
[26Dec2025 18:17:15.033] [Render thread/DEBUG] [dev.engine_room.flywheel.backend.gl.shader.GlProgram/]: No active uniform '_flw_coefficients' exists. Could be unused.
[26Dec2025 18:17:15.033] [Render thread/DEBUG] [dev.engine_room.flywheel.backend.gl.shader.GlProgram/]: No active uniform '_flw_blueNoise' exists. Could be unused.
[26Dec2025 18:17:15.036] [Render thread/DEBUG] [flywheel/backend/shaders/]: Linked PipelineProgramKey[instanceType=dev.engine_room.flywheel.lib.instance.SimpleInstanceType@5379ea49, contextShader=DEFAULT, light=SimpleLightShader[source=flywheel:light/smooth_when_embedded.glsl], materialShaders=SimpleMaterialShaders[vertexSource=flywheel:material/default.vert, fragmentSource=flywheel:material/default.frag], useCutout=false, debugEnabled=false, oit=OFF] in 12.087 ms
[26Dec2025 18:17:15.038] [Render thread/DEBUG] [flywheel/backend/shaders/]: Compiled pipeline/indirect/create_instance_rotating/flywheel_material_default_default in 519.700 μs
[26Dec2025 18:17:15.040] [Render thread/DEBUG] [flywheel/backend/shaders/]: Compiled pipeline/indirect/frag/flywheel_material_default/flywheel_light_smooth_when_embedded_default_cutout in 1.541 ms
[26Dec2025 18:17:15.041] [Render thread/DEBUG] [dev.engine_room.flywheel.backend.gl.shader.GlProgram/]: No active uniform '_flw_depthRange' exists. Could be unused.
[26Dec2025 18:17:15.041] [Render thread/DEBUG] [dev.engine_room.flywheel.backend.gl.shader.GlProgram/]: No active uniform '_flw_coefficients' exists. Could be unused.
[26Dec2025 18:17:15.041] [Render thread/DEBUG] [dev.engine_room.flywheel.backend.gl.shader.GlProgram/]: No active uniform '_flw_blueNoise' exists. Could be unused.
[26Dec2025 18:17:15.041] [Render thread/DEBUG] [flywheel/backend/shaders/]: Linked PipelineProgramKey[instanceType=dev.engine_room.flywheel.lib.instance.SimpleInstanceType@5379ea49, contextShader=DEFAULT, light=SimpleLightShader[source=flywheel:light/smooth_when_embedded.glsl], materialShaders=SimpleMaterialShaders[vertexSource=flywheel:material/default.vert, fragmentSource=flywheel:material/default.frag], useCutout=true, debugEnabled=false, oit=OFF] in 3.420 ms
[26Dec2025 18:17:15.043] [Render thread/DEBUG] [flywheel/backend/shaders/]: Compiled pipeline/indirect/flywheel_instance_oriented/flywheel_material_default_default in 1.196 ms
[26Dec2025 18:17:15.044] [Render thread/DEBUG] [flywheel/backend/shaders/]: Compiled pipeline/indirect/frag/flywheel_material_default/flywheel_light_smooth_when_embedded_default in 238.200 μs
[26Dec2025 18:17:15.045] [Render thread/DEBUG] [dev.engine_room.flywheel.backend.gl.shader.GlProgram/]: No active uniform '_flw_depthRange' exists. Could be unused.
[26Dec2025 18:17:15.045] [Render thread/DEBUG] [dev.engine_room.flywheel.backend.gl.shader.GlProgram/]: No active uniform '_flw_coefficients' exists. Could be unused.
[26Dec2025 18:17:15.045] [Render thread/DEBUG] [dev.engine_room.flywheel.backend.gl.shader.GlProgram/]: No active uniform '_flw_blueNoise' exists. Could be unused.
[26Dec2025 18:17:15.045] [Render thread/DEBUG] [flywheel/backend/shaders/]: Linked PipelineProgramKey[instanceType=dev.engine_room.flywheel.lib.instance.SimpleInstanceType@59c05767, contextShader=DEFAULT, light=SimpleLightShader[source=flywheel:light/smooth_when_embedded.glsl], materialShaders=SimpleMaterialShaders[vertexSource=flywheel:material/default.vert, fragmentSource=flywheel:material/default.frag], useCutout=false, debugEnabled=false, oit=OFF] in 2.807 ms
[26Dec2025 18:17:15.047] [Render thread/DEBUG] [flywheel/backend/shaders/]: Compiled pipeline/indirect/flywheel_instance_transformed/flywheel_material_default_default in 1.240 ms
[26Dec2025 18:17:15.047] [Render thread/DEBUG] [flywheel/backend/shaders/]: Compiled pipeline/indirect/frag/flywheel_material_default/flywheel_light_smooth_when_embedded_default in 291.200 μs
[26Dec2025 18:17:15.048] [Render thread/DEBUG] [dev.engine_room.flywheel.backend.gl.shader.GlProgram/]: No active uniform '_flw_depthRange' exists. Could be unused.
[26Dec2025 18:17:15.048] [Render thread/DEBUG] [dev.engine_room.flywheel.backend.gl.shader.GlProgram/]: No active uniform '_flw_coefficients' exists. Could be unused.
[26Dec2025 18:17:15.048] [Render thread/DEBUG] [dev.engine_room.flywheel.backend.gl.shader.GlProgram/]: No active uniform '_flw_blueNoise' exists. Could be unused.
[26Dec2025 18:17:15.049] [Render thread/DEBUG] [flywheel/backend/shaders/]: Linked PipelineProgramKey[instanceType=dev.engine_room.flywheel.lib.instance.SimpleInstanceType@6c5e37f1, contextShader=DEFAULT, light=SimpleLightShader[source=flywheel:light/smooth_when_embedded.glsl], materialShaders=SimpleMaterialShaders[vertexSource=flywheel:material/default.vert, fragmentSource=flywheel:material/default.frag], useCutout=false, debugEnabled=false, oit=OFF] in 2.932 ms
[26Dec2025 18:18:32.864] [Render thread/INFO] [net.minecraft.client.gui.components.ChatComponent/]: [System] [CHAT] Saved screenshot as 2025-12-26_18.18.32.png
[26Dec2025 18:18:35.295] [Render thread/INFO] [net.minecraft.client.gui.components.ChatComponent/]: [System] [CHAT] Saved screenshot as 2025-12-26_18.18.34.png
[26Dec2025 18:18:37.095] [Render thread/INFO] [net.minecraft.client.gui.components.ChatComponent/]: [System] [CHAT] Saved screenshot as 2025-12-26_18.18.36.png
[26Dec2025 18:18:47.860] [Render thread/INFO] [net.minecraft.client.gui.components.ChatComponent/]: [System] [CHAT] Saved screenshot as 2025-12-26_18.18.47.png
[26Dec2025 18:19:19.606] [Server thread/INFO] [net.minecraft.client.server.IntegratedServer/]: Saving and pausing game...
[26Dec2025 18:19:19.623] [Server thread/INFO] [net.minecraft.server.MinecraftServer/]: Saving chunks for level 'ServerLevel[New World]'/minecraft:overworld
[26Dec2025 18:19:19.632] [Server thread/INFO] [net.minecraft.server.MinecraftServer/]: Saving chunks for level 'ServerLevel[New World]'/minecraft:the_nether
[26Dec2025 18:19:19.634] [Server thread/INFO] [net.minecraft.server.MinecraftServer/]: Saving chunks for level 'ServerLevel[New World]'/minecraft:the_end
[26Dec2025 18:19:19.635] [Server thread/INFO] [net.minecraft.server.MinecraftServer/]: Saving chunks for level 'ServerLevel[New World]'/create_dd:ponder
[26Dec2025 18:19:19.640] [Server thread/DEBUG] [net.minecraftforge.common.ForgeHooks/WP]: Gathering id map for writing to world save New World
[26Dec2025 18:19:19.665] [Server thread/DEBUG] [net.minecraftforge.common.ForgeHooks/WP]: ID Map collection complete New World
[26Dec2025 18:19:19.956] [Render thread/INFO] [mezz.jei.forge.startup.StartEventObserver/]: JEI StartEventObserver received class net.minecraftforge.client.event.ClientPlayerNetworkEvent$LoggingOut
[26Dec2025 18:19:19.957] [Render thread/INFO] [mezz.jei.forge.startup.StartEventObserver/]: JEI StartEventObserver transitioning state from JEI_STARTED to DISABLED
[26Dec2025 18:19:19.957] [Render thread/INFO] [mezz.jei.library.startup.JeiStarter/]: Stopping JEI
[26Dec2025 18:19:19.957] [Render thread/INFO] [mezz.jei.library.load.PluginCaller/]: Sending Runtime Unavailable...
[26Dec2025 18:19:19.957] [Render thread/DEBUG] [mezz.jei.library.load.PluginCallerTimerRunnable/]: Sending Runtime Unavailable: jei:minecraft...
[26Dec2025 18:19:19.957] [Render thread/DEBUG] [mezz.jei.library.load.PluginCallerTimerRunnable/]: Sending Runtime Unavailable: none:none...
[26Dec2025 18:19:19.957] [Render thread/DEBUG] [mezz.jei.library.load.PluginCallerTimerRunnable/]: Sending Runtime Unavailable: create_dd:jei_plugin...
[26Dec2025 18:19:19.957] [Render thread/DEBUG] [mezz.jei.library.load.PluginCallerTimerRunnable/]: Sending Runtime Unavailable: create:jei_plugin...
[26Dec2025 18:19:19.957] [Render thread/DEBUG] [mezz.jei.library.load.PluginCallerTimerRunnable/]: Sending Runtime Unavailable: jei:debug...
[26Dec2025 18:19:19.957] [Render thread/DEBUG] [mezz.jei.library.load.PluginCallerTimerRunnable/]: Sending Runtime Unavailable: jei:gui...
[26Dec2025 18:19:19.957] [Render thread/DEBUG] [mezz.jei.library.load.PluginCallerTimerRunnable/]: Sending Runtime Unavailable: jei:forge_gui...
[26Dec2025 18:19:19.957] [Render thread/INFO] [mezz.jei.forge.plugins.forge.ForgeGuiPlugin/]: Stopping JEI GUI
[26Dec2025 18:19:19.958] [Render thread/DEBUG] [mezz.jei.library.load.PluginCallerTimerRunnable/]: Sending Runtime Unavailable: jei:internal...
[26Dec2025 18:19:19.958] [Render thread/INFO] [mezz.jei.library.load.PluginCaller/]: Sending Runtime Unavailable took 1.964 ms
[26Dec2025 18:19:19.976] [Render thread/DEBUG] [com.simibubi.create.Create/]: Removed Redstone Network Space for minecraft:overworld
[26Dec2025 18:19:19.976] [Render thread/DEBUG] [com.simibubi.create.Create/]: Removed Kinetic Network Space for minecraft:overworld
[26Dec2025 18:19:20.008] [Server thread/INFO] [net.minecraft.server.network.ServerGamePacketListenerImpl/]: Dev lost connection: Disconnected
[26Dec2025 18:19:20.008] [Server thread/INFO] [net.minecraft.server.MinecraftServer/]: Dev left the game
[26Dec2025 18:19:20.026] [Server thread/INFO] [net.minecraft.server.network.ServerGamePacketListenerImpl/]: Stopping singleplayer server as player logged out
[26Dec2025 18:19:20.055] [Server thread/INFO] [net.minecraft.server.MinecraftServer/]: Stopping server
[26Dec2025 18:19:20.056] [Server thread/INFO] [net.minecraft.server.MinecraftServer/]: Saving players
[26Dec2025 18:19:20.056] [Server thread/INFO] [net.minecraft.server.MinecraftServer/]: Saving worlds
[26Dec2025 18:19:20.420] [Server thread/INFO] [net.minecraft.server.MinecraftServer/]: Saving chunks for level 'ServerLevel[New World]'/minecraft:overworld
[26Dec2025 18:19:20.766] [Server thread/INFO] [net.minecraft.server.MinecraftServer/]: Saving chunks for level 'ServerLevel[New World]'/minecraft:the_nether
[26Dec2025 18:19:20.768] [Server thread/INFO] [net.minecraft.server.MinecraftServer/]: Saving chunks for level 'ServerLevel[New World]'/minecraft:the_end
[26Dec2025 18:19:20.769] [Server thread/INFO] [net.minecraft.server.MinecraftServer/]: Saving chunks for level 'ServerLevel[New World]'/create_dd:ponder
[26Dec2025 18:19:20.771] [Server thread/DEBUG] [net.minecraftforge.common.ForgeHooks/WP]: Gathering id map for writing to world save New World
[26Dec2025 18:19:20.778] [Server thread/DEBUG] [net.minecraftforge.common.ForgeHooks/WP]: ID Map collection complete New World
[26Dec2025 18:19:20.794] [Server thread/INFO] [net.minecraft.server.MinecraftServer/]: ThreadedAnvilChunkStorage (New World): All chunks are saved
[26Dec2025 18:19:20.794] [Server thread/INFO] [net.minecraft.server.MinecraftServer/]: ThreadedAnvilChunkStorage (DIM-1): All chunks are saved
[26Dec2025 18:19:20.794] [Server thread/INFO] [net.minecraft.server.MinecraftServer/]: ThreadedAnvilChunkStorage (DIM1): All chunks are saved
[26Dec2025 18:19:20.794] [Server thread/INFO] [net.minecraft.server.MinecraftServer/]: ThreadedAnvilChunkStorage (ponder): All chunks are saved
[26Dec2025 18:19:20.794] [Server thread/INFO] [net.minecraft.server.MinecraftServer/]: ThreadedAnvilChunkStorage: All dimensions are saved
[26Dec2025 18:19:20.795] [Server thread/DEBUG] [com.simibubi.create.Create/]: Removed Redstone Network Space for minecraft:overworld
[26Dec2025 18:19:20.795] [Server thread/DEBUG] [com.simibubi.create.Create/]: Removed Kinetic Network Space for minecraft:overworld
[26Dec2025 18:19:20.811] [Server thread/DEBUG] [com.simibubi.create.Create/]: Removed Redstone Network Space for minecraft:the_nether
[26Dec2025 18:19:20.811] [Server thread/DEBUG] [com.simibubi.create.Create/]: Removed Kinetic Network Space for minecraft:the_nether
[26Dec2025 18:19:20.811] [Server thread/DEBUG] [com.simibubi.create.Create/]: Removed Redstone Network Space for minecraft:the_end
[26Dec2025 18:19:20.812] [Server thread/DEBUG] [com.simibubi.create.Create/]: Removed Kinetic Network Space for minecraft:the_end
[26Dec2025 18:19:20.812] [Server thread/DEBUG] [com.simibubi.create.Create/]: Removed Redstone Network Space for create_dd:ponder
[26Dec2025 18:19:20.812] [Server thread/DEBUG] [com.simibubi.create.Create/]: Removed Kinetic Network Space for create_dd:ponder
[26Dec2025 18:19:20.816] [Server thread/DEBUG] [net.minecraftforge.registries.GameData/REGISTRIES]: Reverting to FROZEN data state.
[26Dec2025 18:19:20.816] [Server thread/DEBUG] [net.minecraftforge.registries.ForgeRegistry/REGISTRIES]: Registry minecraft:block Sync: ACTIVE -> FROZEN
[26Dec2025 18:19:20.824] [Server thread/DEBUG] [net.minecraftforge.registries.ForgeRegistry/REGISTRIES]: Registry minecraft:fluid Sync: ACTIVE -> FROZEN
[26Dec2025 18:19:20.825] [Server thread/DEBUG] [net.minecraftforge.registries.ForgeRegistry/REGISTRIES]: Registry minecraft:item Sync: ACTIVE -> FROZEN
[26Dec2025 18:19:20.834] [Server thread/DEBUG] [net.minecraftforge.registries.ForgeRegistry/REGISTRIES]: Registry minecraft:mob_effect Sync: ACTIVE -> FROZEN
[26Dec2025 18:19:20.834] [Server thread/DEBUG] [net.minecraftforge.registries.ForgeRegistry/REGISTRIES]: Registry minecraft:sound_event Sync: ACTIVE -> FROZEN
[26Dec2025 18:19:20.838] [Server thread/DEBUG] [net.minecraftforge.registries.ForgeRegistry/REGISTRIES]: Registry minecraft:potion Sync: ACTIVE -> FROZEN
[26Dec2025 18:19:20.838] [Server thread/DEBUG] [net.minecraftforge.registries.ForgeRegistry/REGISTRIES]: Registry minecraft:enchantment Sync: ACTIVE -> FROZEN
[26Dec2025 18:19:20.838] [Server thread/DEBUG] [net.minecraftforge.registries.ForgeRegistry/REGISTRIES]: Registry minecraft:entity_type Sync: ACTIVE -> FROZEN
[26Dec2025 18:19:20.839] [Server thread/DEBUG] [net.minecraftforge.registries.ForgeRegistry/REGISTRIES]: Registry minecraft:block_entity_type Sync: ACTIVE -> FROZEN
[26Dec2025 18:19:20.839] [Server thread/DEBUG] [net.minecraftforge.registries.ForgeRegistry/REGISTRIES]: Registry minecraft:particle_type Sync: ACTIVE -> FROZEN
[26Dec2025 18:19:20.839] [Server thread/DEBUG] [net.minecraftforge.registries.ForgeRegistry/REGISTRIES]: Registry minecraft:menu Sync: ACTIVE -> FROZEN
[26Dec2025 18:19:20.839] [Server thread/DEBUG] [net.minecraftforge.registries.ForgeRegistry/REGISTRIES]: Registry minecraft:painting_variant Sync: ACTIVE -> FROZEN
[26Dec2025 18:19:20.839] [Server thread/DEBUG] [net.minecraftforge.registries.ForgeRegistry/REGISTRIES]: Registry minecraft:recipe_type Sync: ACTIVE -> FROZEN
[26Dec2025 18:19:20.840] [Server thread/DEBUG] [net.minecraftforge.registries.ForgeRegistry/REGISTRIES]: Registry minecraft:recipe_serializer Sync: ACTIVE -> FROZEN
[26Dec2025 18:19:20.840] [Server thread/DEBUG] [net.minecraftforge.registries.ForgeRegistry/REGISTRIES]: Registry minecraft:attribute Sync: ACTIVE -> FROZEN
[26Dec2025 18:19:20.840] [Server thread/DEBUG] [net.minecraftforge.registries.ForgeRegistry/REGISTRIES]: Registry minecraft:stat_type Sync: ACTIVE -> FROZEN
[26Dec2025 18:19:20.840] [Server thread/DEBUG] [net.minecraftforge.registries.ForgeRegistry/REGISTRIES]: Registry minecraft:command_argument_type Sync: ACTIVE -> FROZEN
[26Dec2025 18:19:20.840] [Server thread/DEBUG] [net.minecraftforge.registries.ForgeRegistry/REGISTRIES]: Registry minecraft:villager_profession Sync: ACTIVE -> FROZEN
[26Dec2025 18:19:20.840] [Server thread/DEBUG] [net.minecraftforge.registries.ForgeRegistry/REGISTRIES]: Registry minecraft:point_of_interest_type Sync: ACTIVE -> FROZEN
[26Dec2025 18:19:20.841] [Server thread/DEBUG] [net.minecraftforge.registries.ForgeRegistry/REGISTRIES]: Registry minecraft:memory_module_type Sync: ACTIVE -> FROZEN
[26Dec2025 18:19:20.842] [Server thread/DEBUG] [net.minecraftforge.registries.ForgeRegistry/REGISTRIES]: Registry minecraft:sensor_type Sync: ACTIVE -> FROZEN
[26Dec2025 18:19:20.842] [Server thread/DEBUG] [net.minecraftforge.registries.ForgeRegistry/REGISTRIES]: Registry minecraft:schedule Sync: ACTIVE -> FROZEN
[26Dec2025 18:19:20.842] [Server thread/DEBUG] [net.minecraftforge.registries.ForgeRegistry/REGISTRIES]: Registry minecraft:activity Sync: ACTIVE -> FROZEN
[26Dec2025 18:19:20.842] [Server thread/DEBUG] [net.minecraftforge.registries.ForgeRegistry/REGISTRIES]: Registry minecraft:worldgen/carver Sync: ACTIVE -> FROZEN
[26Dec2025 18:19:20.842] [Server thread/DEBUG] [net.minecraftforge.registries.ForgeRegistry/REGISTRIES]: Registry minecraft:worldgen/feature Sync: ACTIVE -> FROZEN
[26Dec2025 18:19:20.842] [Server thread/DEBUG] [net.minecraftforge.registries.ForgeRegistry/REGISTRIES]: Registry minecraft:chunk_status Sync: ACTIVE -> FROZEN
[26Dec2025 18:19:20.842] [Server thread/DEBUG] [net.minecraftforge.registries.ForgeRegistry/REGISTRIES]: Registry minecraft:worldgen/block_state_provider_type Sync: ACTIVE -> FROZEN
[26Dec2025 18:19:20.842] [Server thread/DEBUG] [net.minecraftforge.registries.ForgeRegistry/REGISTRIES]: Registry minecraft:worldgen/foliage_placer_type Sync: ACTIVE -> FROZEN
[26Dec2025 18:19:20.842] [Server thread/DEBUG] [net.minecraftforge.registries.ForgeRegistry/REGISTRIES]: Registry minecraft:worldgen/tree_decorator_type Sync: ACTIVE -> FROZEN
[26Dec2025 18:19:20.842] [Server thread/DEBUG] [net.minecraftforge.registries.ForgeRegistry/REGISTRIES]: Registry minecraft:worldgen/biome Sync: ACTIVE -> FROZEN
[26Dec2025 18:19:20.842] [Server thread/DEBUG] [net.minecraftforge.registries.ForgeRegistry/REGISTRIES]: Registry forge:entity_data_serializers Sync: ACTIVE -> FROZEN
[26Dec2025 18:19:20.842] [Server thread/DEBUG] [net.minecraftforge.registries.ForgeRegistry/REGISTRIES]: Registry forge:global_loot_modifier_serializers Sync: ACTIVE -> FROZEN
[26Dec2025 18:19:20.842] [Server thread/DEBUG] [net.minecraftforge.registries.ForgeRegistry/REGISTRIES]: Registry forge:biome_modifier_serializers Sync: ACTIVE -> FROZEN
[26Dec2025 18:19:20.842] [Server thread/DEBUG] [net.minecraftforge.registries.ForgeRegistry/REGISTRIES]: Registry forge:fluid_type Sync: ACTIVE -> FROZEN
[26Dec2025 18:19:20.842] [Server thread/DEBUG] [net.minecraftforge.registries.ForgeRegistry/REGISTRIES]: Registry forge:structure_modifier_serializers Sync: ACTIVE -> FROZEN
[26Dec2025 18:19:20.843] [Server thread/DEBUG] [net.minecraftforge.registries.ForgeRegistry/REGISTRIES]: Registry forge:holder_set_type Sync: ACTIVE -> FROZEN
[26Dec2025 18:19:20.843] [Server thread/DEBUG] [net.minecraftforge.registries.ForgeRegistry/REGISTRIES]: Registry forge:display_contexts Sync: ACTIVE -> FROZEN
[26Dec2025 18:19:22.044] [Server thread/DEBUG] [net.minecraftforge.registries.ObjectHolderRegistry/REGISTRIES]: Applying holder lookups
[26Dec2025 18:19:22.047] [Server thread/DEBUG] [net.minecraftforge.registries.ObjectHolderRegistry/REGISTRIES]: Holder lookups applied
[26Dec2025 18:19:22.047] [Server thread/DEBUG] [net.minecraftforge.registries.GameData/REGISTRIES]: FROZEN state restored.
[26Dec2025 18:19:22.048] [Server thread/DEBUG] [net.minecraftforge.fml.config.ConfigTracker/CONFIG]: Unloading configs type SERVER
[26Dec2025 18:19:22.628] [Render thread/INFO] [net.minecraft.client.Minecraft/]: Stopping!
